id,review_id,user_id,nickname,contents,rating,updated_at,place_id,place_name,platform,task_id
1,6809ef91224dd548070cf7e6,bf8CC,이서997,굿,,2025-04-24 08:00:00,1554507446,바틀드,naver,e3134584-ce5a-432b-bab4-e35e4b7ca9da
2,6803758685046534d90135c6,Cp7T,문어낙지호롱이펀치,분위기도 굿이고 주류 종류도 다양하고 합리적 가격대로 좋았습니다.,,2025-04-18 11:30:00,1554507446,바틀드,naver,e3134584-ce5a-432b-bab4-e35e4b7ca9da
3,67f5bf7c0ec525977cf955e0,NmWA,kbg901,사장님이 친절하고 와인 추천을 취향에 맞게 세세하게 잘해주세요. 매장에서 와인 바로 사서 벚꽃 구경하면서 마실 수 있어서 너무 좋아요. 안주도 배달해서 먹을 수 있습니다. 요즘 같은 날 방문하기 딱이에요!,,2025-04-08 06:00:00,1554507446,바틀드,naver,e3134584-ce5a-432b-bab4-e35e4b7ca9da
4,67f376d182c289fdd8c55e60,2c8Lc,애빠,"사장님께 신혼부부 집들이 선물로 추천받아서 구매했습니다. 영원한 사랑을 뜻하는 이터널 에이트를 추천해주셨어요! 소믈리에시라, 때와 장소, 음식별 페어링이 좋은 와인들을 여러가지로 추천해주셔서 재미도 있었고, 설명도 너무 유익했습니다! 선물용 와인으로는 정말 제격인 곳이에요!! 추천드리고 사장님께도 감사드립니다~~",,2025-04-07 06:50:44,1554507446,바틀드,naver,e3134584-ce5a-432b-bab4-e35e4b7ca9da
5,67ef8d4e3057fbd7100b2546,JLWd,wnq****,선물 용도로 와인 사진 하나 들고 방문했는데 사장님께서 너무 친절하게 찾아주시고 와인에 대해 설명해 주시고 음식이나 기호에 맞춰서 추천해 주십니다. 내부에 먹을수 있는 공간도 있어서 조만간 다시 방문하려구요!!,,2025-04-03 19:33:55,1554507446,바틀드,naver,e3134584-ce5a-432b-bab4-e35e4b7ca9da
6,67ece423d287a1b7b5ba4c8d,YnWm,페코7787,"강남, 역삼 근처에서 술욕심을 충족하기에 이만한 곳이 없네요. 모두 마셔본 것만 판매하신다는 전문 소믈리에 대표님의 솔직한 추천에 수많은 와인 앞에서 고민을 덜 수 있었고요. 바로 마실 수 있는 공간도 있으니 다음엔 사서 바로 마셔봐야겠어요. 설명을 듣고 있다보니 바로 한병 따서 마시고 싶어지더라고요.",,2025-04-02 07:10:27,1554507446,바틀드,naver,e3134584-ce5a-432b-bab4-e35e4b7ca9da
7,67e3a830848415e04cad5f7a,bDFMh,krindjdk,"항상 출퇴근하면서 눈여겨봤던 가게였는데 오늘 처음 와봤어요! 

와인부터 사케, 위스키까지 종류도 다양하고 소믈리에 출신 사장님께서 세세하게 추천해주신 덕분에 센스있는 선물 골라갑니다.. 🎁🎁 와인은 비싸다는 편견이 있었는데 원하는 가격대보다 오히려 저렴하게 구매한 것 같아요 ㅎㅎ

앉아서 먹고 갈 수도 있고, 저렴한 안주 + 배달음식도 가능해서 다음에는 친구들이랑 오려구요 ㅎㅎㅎ 첫 구매였는데 완전! 강추합니다! 🫶🏻",,2025-03-26 06:59:10,1554507446,바틀드,naver,e3134584-ce5a-432b-bab4-e35e4b7ca9da
8,67e12e55383bf392daa57a18,1fEzy,ppom53,강남역 근처에서 무알콜 와인 찾다가 발견한 집이에요. 생각했던 것보다 무알콜도 종류가 다양해서 가끔 센치하게 술 마시는 기분 내고 싶을 때 사가기 좋을 것 같아요. 곧 벚꽃 피면 술 좋아하는 친구들이랑 와서 각자 마실 것 고르고 창가자리에서 노닥거릴 예정입니다 후후,,2025-03-23 19:28:00,1554507446,바틀드,naver,e3134584-ce5a-432b-bab4-e35e4b7ca9da
9,67d7cbb822e51ce79ab682d9,L9kb,김형준8631,퇴근길에 들려서 와인사기 딱 좋아요. 종류도 다양하고 사장님이 늘 새로운 와인을 많이 들이시는 것 같아요. 설명도 자세하게 해주셔서 고르기 쉬웠어요.,,2025-03-17 06:12:00,1554507446,바틀드,naver,e3134584-ce5a-432b-bab4-e35e4b7ca9da
10,67cfe315be15574832bbd6d0,9ixB1,seoooooh,"처음 들어왔을 때 와인이 벽면에 가득 차있어서 놀랐어요! 또한 사케, 위스키 등 다양한 술이 있어서 넘 좋았어요!

와인별로 이름과 함께 설명이 적혀 고르기 훨씬 수월했던 것 같아요. 그리고 와인에 대해 무지했는데 사장님께서 눈높이에 맞춰 너무 친절하게 설명해주셔서 덕분에 취향에 맞는 와인을 고를 수 있었어요!

앞으로 바틀샵은 여기만 올 것 같아요 ㅎㅎ",,2025-03-10 19:08:42,1554507446,바틀드,naver,e3134584-ce5a-432b-bab4-e35e4b7ca9da
11,67ca9b54a7d2ae855e6964fb,egjSp,pir****,"강남역이랑 가까워서 퇴근길에 들리기 좋았어요! 😎
다른 와인샵들에 비해서 배치도 깔끔하고 인테리어랑 조명배치도 이뻐서 와인의 고급스러운 분위기가 잘 느껴졌습니다..❤️‍🔥❤️‍🔥
오늘은 친구에게 선물할 와인을 사서 갔지만 매장 내에서 마시고 갈 수 있는 공간도 있더라고요? 다음엔 친구를 데리고 와봐야겠습니다 ㅎㅎ 💪✨️
강남역 바틀샵 여기 추천드려요!!",,2025-03-07 06:47:00,1554507446,바틀드,naver,e3134584-ce5a-432b-bab4-e35e4b7ca9da
12,67c013efc37317a74f8dcc7a,3lylv,kb062240,"다양한 와인들을 접해 볼 수 있어서 좋습니다!

사장님이 굉장히 친절하시고, 와인과 위스키를 잘 아셔서 입문자 분들도 걱정 없이 추천 요청 하실 수 있을 것 같아요 ◡̈ 

무엇보다 콜키지가 가능하고, 원하는 음식과 안주를 배달시켜서 주류와 함께 먹을 수 있다는 게 큰 장점인 것 같아요! 

위치도 역삼역과 강남역 모두 가까워서 근처 직장인분들에게 강추입니다 ~~ 👍🏻",,2025-02-26 19:21:53,1554507446,바틀드,naver,e3134584-ce5a-432b-bab4-e35e4b7ca9da
13,67b58d8bec4ee08ef772659a,wDF1,귀차니즘44,강남역 주변에서 제일 와인 구성이 다양한 분위기 좋은 바틀샵인거 같아요. 사장님이 친절하게 설명도 해주셔서 선물할때 자랑하기 좋습니다. 식사는 먹을 수 있다는데 못해봤는데 다음에 해봐야겠네요.,,2025-02-19 07:50:00,1554507446,바틀드,naver,e3134584-ce5a-432b-bab4-e35e4b7ca9da
14,67a1bf0b9508c0baed515cf1,3Ptco,갱니루,지나가면서 눈 여겨보다가 가족이랑 마실 와인 사러 방문했는데 샵도 예쁘구 종류도 많고 사장님 설명도 친절하셔서 손쉽게 원하던거 잘 사갑니다 ㅎㅎ🍷 새 상품 입고 예정이 있다고 하셔서 다음에도 한번 와보려구요..!,,2025-02-04 07:12:15,1554507446,바틀드,naver,e3134584-ce5a-432b-bab4-e35e4b7ca9da
15,67933ad038c545ccb276fcf4,40FQz,Geigjcjwowur,"와인과는 거리가 먼 삶을 살아왔는데,. 연휴기도 하고 가족들에게 뭔가 해주고싶어서 .. 무작정 찾아갔어요.

아는게 없어서 뭘사야하는지.. 몰랐는데 사장님이 소믈리에 15년? 가까이 경력이 있다고 하셔서 추천해주시는 술 삿어요. 아버지가 엄청 좋아하셨어요

ps) 
발렌타인 기원전 2000년산.. 어디서 주워들은 것이 전부였는데, 실제로 보니 신기하네요.. 
술 종류가 엄청 다양해서 보는 맛도 있었어요..

주변 지인, 가족들 기념일때마다 뭘 선물할까 되게 고민이 많았는데, 앞으론 그냥 바틀드 가려고요 ㅋㅋㅋ 
술이 친절하고 사장님이 맛있어요 !!",,2025-01-24 05:50:00,1554507446,바틀드,naver,e3134584-ce5a-432b-bab4-e35e4b7ca9da
16,6791ef2244d22b7c238dd189,s8KW,ji****,"집들이 선물용으로 와인사러갔는데 사장님이 추천을 엄청 잘해주세요! 안주 종류를 얘기드리면 그에 맞는 와인이 쫘르륵 
와인 종류도 많고 금액도 별로 안 비싼듯? 구웃",,2025-01-23 07:24:00,1554507446,바틀드,naver,e3134584-ce5a-432b-bab4-e35e4b7ca9da
17,678e022e97954cd8ce216318,47Ffe,MrJun7,"설 연휴를 맞이해서 가족들에게 선물하려고 와인샵에 방문했어요 😊
와인은 잘 몰라서 걱정이 앞섰는데 소믈리에분께서 운영하시는 와인샵이라서 와인 초보자임에도 충분히 만족할만한 와인을 선택할 수 있도록 도움을 받을 수 있었어요!
와인 뿐만 아니라 위스키, 사케도 함께 다루는 점에서 볼거리가 많았어요 🍾🎉

명절외에도 특별한 날 있을 때 마다 자주 들러서 사갈 것 같아요",,2025-01-20 07:52:31,1554507446,바틀드,naver,e3134584-ce5a-432b-bab4-e35e4b7ca9da
18,6788bfd1d6fc5e4c832923b8,bHIDP,clooooo,"여기는 사장님이 소믈리에라 여러모로 좋습니다. 저는 엔트리 레벨이라 적절한 와인을 찾는게 힘들었어요 그냥 동네 매장이나 다른 와인샾을 가도 사장님들이 그닥 지식이 있으신 것도 아니고 파는 와인을 다 마셔보신 것도 아니어서 추천이 못미더웠는데 (5만원이래두 허투로 쓰고 싶진 않잖아여?) 여기 사장님은 소믈리에시고 일반인도 알아듣기 쉽게 눈높이에 맞춰서 설명 해주셔서 와인 쇼핑이 아니라 지식 정보도 같이 듣는거 같아서 오히려 이ㅣ득인 느낌에욯ㅎㅎㅎ그리고 특이한 종류, 찾기 쉽지 않는 라인도 있어서 여러모로 좋습니다 와인잔도 소액으로 대여해주셔서 배달시켜놓고 와인을 즐길 수 있어여!!!",,2025-01-16 08:07:00,1554507446,바틀드,naver,e3134584-ce5a-432b-bab4-e35e4b7ca9da
19,6784bc0518f25e5a54de064a,5jUNb,you****,강남역 가까운 곳에 이런 예뿐 바틀샵이 있다니..! 외관도 예뿐데 내부는 진짜 분위기있고 와인 종류도 다양하고 너무 좋네요ㅎㅎ 테이블도 있어서 퇴근하고 간단하게 한잔 하기 너무 좋아요!! 연휴가 얼마 안남아서 선물용으로 샀어요! 와인 선물 추천합니다!!! 추천추천!! 사장님께 여쭤보면 추천도 잘 해주시고 너무 친절하셔서 좋아요~ 한 번 방문해보면 너무 좋을듯!! 연휴에 와인선물하세요!,,2025-01-13 07:03:52,1554507446,바틀드,naver,e3134584-ce5a-432b-bab4-e35e4b7ca9da
20,6750069b77e681711e4b95d0,12nx0,아이87,지인 추천으로 방문해봤는데 추천해주신 술 되게 맛있게 먹었습니다! ㅎㅎ,,2024-12-03 10:35:00,1554507446,바틀드,naver,e3134584-ce5a-432b-bab4-e35e4b7ca9da
21,672094c3554b05d2e1f42a54,1mrA0,Maticcc,"직장 동료 선물로 고민하다 들렸어요. 와인을 잘 모르는데, 사장님께서 대략적인 설명들으시고 적합한 와인을 추천해주셨어요. 매장도 깔끔하고, 테이블도 있어서 나중에 혼자와서 간단한 안주와 함께 즐길 수 있는 곳 같아서 마음에 들었습니다! 사장님께서 굉장히 친절하고 깊게 설명해주십니다 ㅎㅎ 와인 브랜드가 가진 의미,유래.. 듣다보면 빠져들어요~",,2024-10-29 07:50:58,1554507446,바틀드,naver,e3134584-ce5a-432b-bab4-e35e4b7ca9da
22,671b49f964654193168fa3b4,6cckQ,ie****,"술을 좋아해서 검색해서 들린 곳인데 대표님께서 너무나 친절하게 설명해주셔서 좋았습니다😇
술은 눈으로도 먹는거라던데 바틀 구경도 하고  위스키, 사케까지 설명을 들으며 시간가는줄 모르고 추천을 받아서 구매도 했습니다!!!!
다음에 또 근처에 오면 오고싶어요",,2024-10-25 07:27:00,1554507446,바틀드,naver,e3134584-ce5a-432b-bab4-e35e4b7ca9da
23,67131e789b252379d5c05a7f,1RUie,Roren,프라이빗하고 너무 좋았어요! 근처 사는데 아지트 생겨서 너무 좋네요~자주 올께요🫶사장님 친절하시고 더 잘되셔서 오래 계세요~~,,2024-10-18 10:30:00,1554507446,바틀드,naver,e3134584-ce5a-432b-bab4-e35e4b7ca9da
24,6710bd53ec5052ae3acb2fbb,6JQve,시안9548,"역삼역에 퇴근하고 방문했는데
사장님께서 전문 소믈리에시더라구요!
제가 선물하려는 친구에게 기분 좋게 선물할만한
스토리와 함께 와인은 추천해주셔서 너무 좋았어요:)
덕분에 만족스러운 선물했습니다!
가격대도 1만원대부터 다양해서 가격별로 추천해주셨어요~!",,2024-10-16 19:23:33,1554507446,바틀드,naver,e3134584-ce5a-432b-bab4-e35e4b7ca9da
25,6708e6d6d302c97983cac4ff,3vA8H,OhhhO,"사장님이 친절하게 설명해주십니다..! 바틀 추천받기
좋아요👍 테이블도 있어서 가볍게 한잔하기도 좋은 것 같아요",,2024-10-11 07:58:00,1554507446,바틀드,naver,e3134584-ce5a-432b-bab4-e35e4b7ca9da
26,6704cc6074c201eb9f48a027,47vDt,웃긴다38,상세한 설명과 친절한 추천 감사합니다. 와인 잘 모르지만 선물할 때마다 방문할게요,,2024-10-08 05:10:00,1554507446,바틀드,naver,e3134584-ce5a-432b-bab4-e35e4b7ca9da
27,66fcf74410aa92cdbd33d971,5i9E8,박지훈,"목적과 취향에 맞게 추천을 잘 해주셔서 좋았습니다
와인마다 코멘트가 달려있어 취향을 알아보기에도 적합했습니다!",,2024-10-02 07:29:36,1554507446,바틀드,naver,e3134584-ce5a-432b-bab4-e35e4b7ca9da
28,66fa588b138629cc70c11075,6GevT,seo****,"정말 다양한 종류의 와인, 그리고 위스키와 사케도 있어서 보는 재미도 있네요. 소믈리에께서 추천도 잘 해주시고, 종류마다 쉬운 설명을 붙여두어서 파악하기도 쉬웠네요🥂",,2024-09-30 07:00:00,1554507446,바틀드,naver,e3134584-ce5a-432b-bab4-e35e4b7ca9da
29,66f359a64de9bf7dd0bc6881,SY45,해피동동동동,다시는 방문하지 않을 셀렉샵이에요. 경험한 것으로도 불쾌했던 곳입니다. 퇴근 후 동료에게 와인 선물을 위해 방문했는데 입장하자마자 느껴지는 불친절함에 기분이 매우 상했습니다. 추천해 주시는 내내 기분이 태도가 되신 건지 영문을 모르겠습니다만 듣는 내내 나가고 싶었습니다. 시간이 부족해서 구매했지만 구매하고도 마음은 찜찜하고 불쾌했어요. 제대로된 추천 리스트를 알려주시는 것도 아니었고 짝다리에 뒷짐 지며 말씀하시는 것 또한 상대에 대한 존중 태도는 아닌 듯합니다. 어딜 가도 좋은 게 좋은 거지 하는 편인데 이 곳은 정말 아쉽네요.,,2024-09-24 10:30:59,1554507446,바틀드,naver,e3134584-ce5a-432b-bab4-e35e4b7ca9da
30,66f11bbe7e705a0283cd3b99,1SkEz,루루397,종류가 다양하고 국가별로 나눠져 있어서 보기에 편했어요! 와인을 잘 몰라서 그냥 아무거나 저렴한 거 사야겠다 했는데 사장님이 소믈리에셔서 엄청 자세히 설명해 주시더라구요 ㅋㅋㅋ 덕분에 친구 집들이선물 엄청 좋은 가격에 구매했습니다 ! 강남역 부근에선 제일 좋은듯,,2024-09-23 07:39:33,1554507446,바틀드,naver,e3134584-ce5a-432b-bab4-e35e4b7ca9da
31,66fa6055b3995a7dbfa1fcb7,iyq3,michelle1610,"올해 초부터 꾸준히 방문하는 바틀샵이에요.
사장님 정말 친절하시고 와인, 위스키, 사케 가릴거 없이 추천 정말 잘해주세요! 
전문가가 있는 바틀샵은 달라도 많이 다르더군요!
와인 리스트도 좋고 곧 또 와인 쟁이러 갈게요!",,2024-09-19 09:09:19,1554507446,바틀드,naver,e3134584-ce5a-432b-bab4-e35e4b7ca9da
32,66de9a63c4c22ead7ba83ce7,3oLdp,징8,회사랑 가까워서 추석 선물 사러 들렀어요 친절하게 설명해주셔서 선물과 함께 제가 먹고 싶은 것도 추가로 샀습니다ㅎㅎ 마시는 공간도 아늑해서 다음엔 따러 올게요~~!,,2024-09-09 06:45:00,1554507446,바틀드,naver,e3134584-ce5a-432b-bab4-e35e4b7ca9da
33,66dd49b48a2ea962480a735e,3SOQu,sweeetGo,"와인 및 위스키 등 술의 기원에 대해서 아주 자세히 설명해주셔서 정말 좋았습니다.
다음에 또 추천해주신 와인으로 한번 구매해볼 예정입니다.",,2024-09-05 07:45:14,1554507446,바틀드,naver,e3134584-ce5a-432b-bab4-e35e4b7ca9da
34,66d02a7ab7f3d8616979ffe9,2Dv4O,록리37,"명절전이라 고향에 내려가서 먹을만한 와인 구매하러 들렸어요. 사장님께서 직접 안내해주시고 친절하셔서 구매하는데 좋았습니다. 

와인종류도 다양하고 취향에 따라 분류가 잘 되어 있어 와인에 대한 기초적인 지식이 있다면 추천받기 편할거에요.

간단하게 와인을 먹고 갈수있는 테이블도 있습니다. 단 잔을 빌리는데 비용이 있어요.",,2024-08-29 07:40:00,1554507446,바틀드,naver,e3134584-ce5a-432b-bab4-e35e4b7ca9da
35,66cc2fef4a6995f674d703cf,6z2Dk,꾬이,다양한 종류의 와인을 취급하고 있고 가격도 합리적이에여. 사장님의 디테일한 와인 설명도 굿굿입니당👍,,2024-08-26 07:32:30,1554507446,바틀드,naver,e3134584-ce5a-432b-bab4-e35e4b7ca9da
36,66c83e77b53f7a8f73031422,2NuCm,쿠앤크,"사장님이 친절하시고 추천을 잘해주셔서 좋았습니다. 와인 종류가 많고, 매장 내부에서 음식도 먹을 수 있어요! 강남역 근처 매장 중에서 최고인거 같아요.",,2024-08-23 07:35:00,1554507446,바틀드,naver,e3134584-ce5a-432b-bab4-e35e4b7ca9da
37,66986db8b78dc89b7e34afe7,4vTUf,mar****,화장실이 멀리 있는 점 빼고는 다 좋았어요. 분위기도 좋고 가격도 저렴했고요. 와인 종류도 다양했습니다. 음식들고 테이블에서 먹을 수 있고 분위기도 나쁘지 않아서 자주 이용할 것 같아요!,,2024-07-17 08:00:00,1554507446,바틀드,naver,e3134584-ce5a-432b-bab4-e35e4b7ca9da
38,6666f3858ea9f4eb5f0bf089,1Mc1y,Ryan_Yang,"소믈리에 출신 사장님의 와인추천이 도움되었습니다.
매장도 깨끗하고 와인 외 다른 주종도 알찬 구성인 것 같아요!",,2024-06-10 08:00:00,1554507446,바틀드,naver,e3134584-ce5a-432b-bab4-e35e4b7ca9da
39,665a94eb539e7090c21557be,3xWOZ,lok****,와인이 다양한 종류가 대륙별 및 지역별로 구별되어 있어서 초심자 보기에도 쉽게 구별이 잘되어 있고요. 자리에서 바로 마실수 있는게 너무 큰 메리트인거 같아요. 설명을 해주시면서 다음 바틀 골라주실때 와인끼리 선이 이어지는 느낌이라 너무 만족도가 높았습니다. 누구든 쉽게 와인을 접할수 있는 곳을 알게되어 너무 좋아요,,2024-05-31 10:30:00,1554507446,바틀드,naver,e3134584-ce5a-432b-bab4-e35e4b7ca9da
40,6657c9f060d0c44409edfd9f,4bDnr,kum****,"소믈리에 출신 사장님이 목적에
적절한 맛, 먹는 방법 등 상세하게 설명해주셔서
와인에 대한 이해도를 높일 수 있었어요
종류도 다양하고, 가격도 합리적입니다!",,2024-05-28 20:11:37,1554507446,바틀드,naver,e3134584-ce5a-432b-bab4-e35e4b7ca9da
41,663080fc9d6a8a12439404fb,6AWq5,호이호이4356,굿,,2024-04-30 05:26:09,1554507446,바틀드,naver,e3134584-ce5a-432b-bab4-e35e4b7ca9da
42,66484c734cbc55d03e7e42f7,3bpnt,Xionkim,생일선물하려고 방문했는데 종류가 많았고 설명도 친절하게 잘 해주셨어요. 선물 포장도 튼튼하고 괜찮아 좋은 선물이 된거 같습니다.,,2024-04-23 04:49:49,1554507446,바틀드,naver,e3134584-ce5a-432b-bab4-e35e4b7ca9da
43,65fbee20b796832a9f79542c,1hp75,룬룬54,강남 한복판에 이렇게 예쁜 곳이 있어서 놀랐어요. 매장이 너무 예쁘고 다양한 와인을 많이 판매하셔서 좋았어요! 다음에는 친구들이랑 매장에 들러서 같이 마시고 싶어지는 곳이에요 :),,2024-03-21 08:07:44,1554507446,바틀드,naver,e3134584-ce5a-432b-bab4-e35e4b7ca9da
44,65f414c68d7c5ed602d0ee6b,1b5Rz,아프로킹53,와인 지식이 부족한데 친절히 설명 해주셔서 좋은 제품 구입했습니다. 가격도 완전 착해요!👍,,2024-03-14 19:44:00,1554507446,바틀드,naver,e3134584-ce5a-432b-bab4-e35e4b7ca9da
45,665547e726b5b824b1044925,6AWq5,호이호이4356,굿,,2024-02-28 14:55:28,1554507446,바틀드,naver,e3134584-ce5a-432b-bab4-e35e4b7ca9da
46,65c2db5eed1e4fb83b6ba1d0,3cYCa,gae94,마트에서도 다 파는 와인 말고 다양한 종류들 많아서 넘 좋았어요~ 첨보는건 여쭤보면 설명도 친절하게 잘해주시네요! 와인뿐만 아니라 종류도 다양하고 가격도 다른데에 비해서 넘 괜찮은거같아요~~,,2024-01-26 06:24:00,1554507446,바틀드,naver,e3134584-ce5a-432b-bab4-e35e4b7ca9da
47,65a628df1ec89f7369b85efe,1cWzp,heehee1311,와인을 잘 몰라서 사장님께 추천받았는데 친절하고 자세하게 설명해주셨습니다! 회사 근처라 종종 들리기 좋을 것 같아요💖 가게도 너무 분위기 좋구 앉아서 마실 공간도 있네욤 ㅎㅎ,,2024-01-16 06:54:00,1554507446,바틀드,naver,e3134584-ce5a-432b-bab4-e35e4b7ca9da
48,658bd75f34d149bf9c95930a,3idFz,박민경3644,"소믈리에 사장님의 개인적이고 
전문적인 이야기들이 가득한 곳

와인이 아니라 경험을 구매할 수 있는 
전문매장이 회사 근처에 생긴 것 같아서 너무 좋네요
다음에 또 올게요!",,2023-12-27 07:48:22,1554507446,바틀드,naver,e3134584-ce5a-432b-bab4-e35e4b7ca9da
49,658a5d7768808c60c6883d3f,1lkrE,znwjdjxgiadnfj,"매장이 깨끗하고 접근성이 좋네요,  술 종류도 많아 좋습니다. 강남 역삼 부근에서 가장 독보적인 매장인것같아요.  ",,2023-12-26 03:10:00,1554507446,바틀드,naver,e3134584-ce5a-432b-bab4-e35e4b7ca9da
50,6582c53ce70a6eb355d1f3a1,mFIB,김경록13,"처음 와 봤는데, 설명도 잘해주시고, 앞으로 더 많은 와인들이 들어온다고 하네요!! 재미난 와인도 많고 가격이 싼데 마실 수도 있어서 너무 좋아요!
사장님 자주 올게요!",,2023-12-20 10:38:00,1554507446,바틀드,naver,e3134584-ce5a-432b-bab4-e35e4b7ca9da
51,656d800e250014816431c000,1sqRV,박지혜2264,분위기가 좋고 사장님이 친절하게 추천을 잘해주세요!!,,2023-12-04 07:25:38,1554507446,바틀드,naver,e3134584-ce5a-432b-bab4-e35e4b7ca9da
52,65604b659517359d9f085975,11hQB,rhk****,사장님이 너무 친절하세요,,2023-11-24 07:05:00,1554507446,바틀드,naver,e3134584-ce5a-432b-bab4-e35e4b7ca9da
53,65604adbc7a34c775eddda23,CH2D,스마일홍컨,여러번 구매했었는데 가격 합리적이에요,,2023-11-24 07:02:00,1554507446,바틀드,naver,e3134584-ce5a-432b-bab4-e35e4b7ca9da
54,65604b580e2a85fc553e6686,1Tub6,spc****,사장님이 너무 친절하게 설명해주셔서 합리적인 가격에 잘 구매했습니다,,2023-11-24 06:58:00,1554507446,바틀드,naver,e3134584-ce5a-432b-bab4-e35e4b7ca9da
55,65604bba6db870b5580640cc,3kaLr,bol****,"와인, 위스키 등 종류가 정말 다양해서 연말 선물 고르기 좋았어요 !!! 다른 곳 대비 가격 저렴한 상품들도 있어서 술 좋아하시는 분들이나 선물용 찾는 분들 와보시면 좋을 것 같아요 :)",,2023-11-24 02:19:00,1554507446,바틀드,naver,e3134584-ce5a-432b-bab4-e35e4b7ca9da
56,6555d2062c8cece370dccf0b,3h3EH,Master Chief,사장님께서 와인들 궁금한 부분을 세세히 설명해주셔서 좋았어요! 크리스마스 특가품들도 들어와있어서 다음에 왔을때 사보려구요ㅎㅎㅎ,,2023-11-16 08:22:00,1554507446,바틀드,naver,e3134584-ce5a-432b-bab4-e35e4b7ca9da
57,654b2a5e32fb86968c22e6fa,1Sm4l,용산구피를로,"와인 종류도 많고 사장님이 친절하게 설명 잘해주셔서 와인을 잘 모르고 방문해도 좋은 제품 구매가 가능합니다! 역에서도 가깝고, 가격도 합리적이라서 자주 방문할거같아요~",,2023-11-08 06:26:08,1554507446,바틀드,naver,e3134584-ce5a-432b-bab4-e35e4b7ca9da
58,653f3539b34724bc50159cbb,2EVHL,으랏차차332,좋아요,,2023-10-30 04:46:34,1554507446,바틀드,naver,e3134584-ce5a-432b-bab4-e35e4b7ca9da
59,653f45454d7c3336c342996e,1NFDB,행복광진,2번째 방문이에요. 다른데 잘 안 파는 글렌드로낙 위스키를 저렴한 가격에 구입할 수 있어서 좋았습니다!,,2023-10-30 03:30:00,1554507446,바틀드,naver,e3134584-ce5a-432b-bab4-e35e4b7ca9da
60,653122a3c0755ba646f5b61b,4Am2T,다람쥐77,"회사 근처에서 선물용으로, 또는 퇴근할 때 구매하기 너무 좋은 위치에 있고 다양한 종류에 가격도 합리적이어서 좋아요! 선물도 자주 구매했었는데 이번엔 제가 마시려고 끼안띠 클라시코와 부르고뉴 피노누아(무려 2015빈티지)를 구매했습니다~! 사장님도 친절하셔요😊 앞으로도 자주 구매할 예정!",,2023-10-19 05:14:09,1554507446,바틀드,naver,e3134584-ce5a-432b-bab4-e35e4b7ca9da
61,652f770c030575b66c047c07,1h5uj,가을산이부른다,,,2023-10-18 06:10:41,1554507446,바틀드,naver,e3134584-ce5a-432b-bab4-e35e4b7ca9da
62,652e2e33ffe82b13db4fe4b6,1NFDB,행복광진,위스키 가격도 합리적이고 추천도 잘 해주셔서 기분 좋게 구입했습니다!,,2023-10-17 06:47:05,1554507446,바틀드,naver,e3134584-ce5a-432b-bab4-e35e4b7ca9da
63,650416123bd78c81a996dd3f,3HJQy,jmkycs,굿,,2023-09-15 08:29:57,1554507446,와인도깨비 강남,naver,e3134584-ce5a-432b-bab4-e35e4b7ca9da
64,6523729cd124e900a6cb72f1,4qTCV,drn96,"와인 종류도 다양하고 사장님께서 친절하세요~ 사실 와인을 잘 몰라서 사장님을 귀찮게 해드렸는데, 엄청 친절하게 잘 알려주신 덕분에 좋은 와인으로 좋은 시간 보낼 수 있었습니다 :) 재방문 의사 100000%예요!",,2023-09-12 07:57:10,1554507446,바틀드,naver,e3134584-ce5a-432b-bab4-e35e4b7ca9da
65,64afb6f8d63e87516c010495,4GJjM,지미니784,다양다양,,2023-07-13 08:33:37,1554507446,와인도깨비 강남,naver,e3134584-ce5a-432b-bab4-e35e4b7ca9da
66,64b0d778b51d1095fd173637,5iFSQ,루비9123,"가성비 좋구
와인추천도 잘 해주십니다",,2023-07-11 22:57:24,1554507446,와인도깨비 강남,naver,e3134584-ce5a-432b-bab4-e35e4b7ca9da
67,64915d5f6250492761a5a185,2EVHL,으랏차차332,좋아요,,2023-06-15 19:38:14,1554507446,와인도깨비 강남,naver,e3134584-ce5a-432b-bab4-e35e4b7ca9da
135,68158f159fe7ee72d5083015,aaO16,hch****,외국인 친구들이 한국에 놀러오면 항상 댓고 오는 곳이에요! 너무 맛있어요!,,2025-05-03 03:32:14,37792495,장인닭갈비 강남점,naver,f1c26ab1-26ef-4126-bd96-913459d6e773
136,68158e35e0258e3e8231e659,36Y6V,창날49,강남맛집 장인 닭갈비~ 비왔지만 맛있게 잘 먹었습니다,,2025-05-03 02:58:14,37792495,장인닭갈비 강남점,naver,f1c26ab1-26ef-4126-bd96-913459d6e773
137,68158d66649c70790d8ea11b,24aK6,kdb****,"직원들도 너무 친절하고, 너무 맛있었어요!! 😀",,2025-05-03 02:58:14,37792495,장인닭갈비 강남점,naver,f1c26ab1-26ef-4126-bd96-913459d6e773
138,68158883f181bf3ed6de354f,6eMuq,막둥이3889,너무너무 맛잇엇어요ㅠ ㅎㅎㅎ,,2025-05-03 02:58:14,37792495,장인닭갈비 강남점,naver,f1c26ab1-26ef-4126-bd96-913459d6e773
139,68158ade2858ab353b08046f,3bQbb,유인애9,"비주얼 맛 모두 합격이에요 찐맛도리 :)!!!
친구랑 강남역 맛집 찾고 있었는데 비오는날 딱 좋은 메뉴였구 너무 맛있고 직원분들도 친절해요. 
닭갈비는 여기로 계속 올거 같아요",,2025-05-03 02:43:09,37792495,장인닭갈비 강남점,naver,f1c26ab1-26ef-4126-bd96-913459d6e773
140,68158a71c71f599e0b1301aa,4tAUh,멀미나42,맛있게 잘 먹었습니다. 강남역오면 자주와요,,2025-05-03 02:43:09,37792495,장인닭갈비 강남점,naver,f1c26ab1-26ef-4126-bd96-913459d6e773
141,68157d6e8a674d62e1890b81,3EqPf,gks5759,맛있어요 !!!!!!,,2025-05-02 14:00:45,37792495,장인닭갈비 강남점,naver,f1c26ab1-26ef-4126-bd96-913459d6e773
142,68157f254a2fe2331468a676,6lkVl,seu****,"닭갈비 넘 맛있어요~~
쌈도 있고 재방문 예정입니당🫶",,2025-05-02 13:21:26,37792495,장인닭갈비 강남점,naver,f1c26ab1-26ef-4126-bd96-913459d6e773
143,68157eea5fe98009281b2962,22EZc,leesh89086,너무 맛있고 양도 많고 친절해서 좋았습니다 또 올 것 같아요,,2025-05-02 13:21:26,37792495,장인닭갈비 강남점,naver,f1c26ab1-26ef-4126-bd96-913459d6e773
144,6814c37438bbf23dc0c9580a,71XqM,이상진8393,"JMT… 언제와도 맛있어요
배부르게 먹고 갑니다-!",,2025-05-02 12:39:23,37792495,장인닭갈비 강남점,naver,f1c26ab1-26ef-4126-bd96-913459d6e773
145,6814be1e0da8d283830727f8,6HR0S,배상훈13,너무맛있어요 또 올게요~~,,2025-05-02 12:39:23,37792495,장인닭갈비 강남점,naver,f1c26ab1-26ef-4126-bd96-913459d6e773
146,6814be05e76646a73fb9379d,5azic,함성현,,,2025-05-02 12:39:23,37792495,장인닭갈비 강남점,naver,f1c26ab1-26ef-4126-bd96-913459d6e773
147,6814b6d0f2c80b66eb8d9f5b,4rsFC,최윤원70,,,2025-05-02 11:57:15,37792495,장인닭갈비 강남점,naver,f1c26ab1-26ef-4126-bd96-913459d6e773
148,6814b6c917fbd7940e7ce6b5,6Wbm6,yki****,맛있게 먹었습니다,,2025-05-02 11:57:15,37792495,장인닭갈비 강남점,naver,f1c26ab1-26ef-4126-bd96-913459d6e773
149,6814b598a132bc4e861eb130,1dv9M,kar****,여전히 너무 맛있네요,,2025-05-02 11:56:54,37792495,장인닭갈비 강남점,naver,f1c26ab1-26ef-4126-bd96-913459d6e773
150,6814b17a49453ecfcd70837d,8v9z9,yeonsosim,너무 맛잇어예~,,2025-05-02 11:48:18,37792495,장인닭갈비 강남점,naver,f1c26ab1-26ef-4126-bd96-913459d6e773
151,6814adeabc43d823ca23b0b3,bERPA,the****,오랜만엡 방문했는데 맛있어요,,2025-05-02 11:22:29,37792495,장인닭갈비 강남점,naver,f1c26ab1-26ef-4126-bd96-913459d6e773
152,6814ade6d09107d56fffb054,17JE6,이정진83,"존맛!! 남자랑 게이트하기 딱 좋은곳
추천 추천 추천",,2025-05-02 11:22:29,37792495,장인닭갈비 강남점,naver,f1c26ab1-26ef-4126-bd96-913459d6e773
153,681580d2606797233f7f1a4f,2csY5I,lys****,넘 맛있어서 빡빡 긁어 먹고 있어요^^,,2025-05-02 11:06:20,37792495,장인닭갈비 강남점,naver,f1c26ab1-26ef-4126-bd96-913459d6e773
154,6814bad0f653333fa1408f27,2coVMV,sou****,,,2025-05-02 11:06:15,37792495,장인닭갈비 강남점,naver,f1c26ab1-26ef-4126-bd96-913459d6e773
155,6814a7f59009d7f74b51463e,lu6j,진정한 맛짱,완전 맛있어요 추천! 가격도 강남 물가랑 닭갈비 원래 가격으로 봤을 때 좋은 것 같아요 보통맛도 은근 매우니까 매운거 잘 못 드시면 순한맛 드세요!,,2025-05-02 11:02:20,37792495,장인닭갈비 강남점,naver,f1c26ab1-26ef-4126-bd96-913459d6e773
156,68149b775c29c4d72ebcacb4,aqdAS,kth****,,,2025-05-02 10:02:37,37792495,장인닭갈비 강남점,naver,f1c26ab1-26ef-4126-bd96-913459d6e773
157,681499288bdfc5ea7bd1f55b,d4JZR,Mii5,,,2025-05-02 10:02:37,37792495,장인닭갈비 강남점,naver,f1c26ab1-26ef-4126-bd96-913459d6e773
158,681494aa4c6a4c64f2bfdbbf,5wN2J,jy8****,"불금  직장동료들과  한끼  
비쥬얼만  봐도  군침이  ....
행복한  시간  보내다  갑니다~",,2025-05-02 09:44:03,37792495,장인닭갈비 강남점,naver,f1c26ab1-26ef-4126-bd96-913459d6e773
159,68149492ed7b68337c4bf91c,EchC,epllove,금요일 장인닭갈비는 언제나 옳아요 !!!,,2025-05-02 09:44:03,37792495,장인닭갈비 강남점,naver,f1c26ab1-26ef-4126-bd96-913459d6e773
160,68149491b2f88b1a0399fa79,3r57O,rla****,꼭 생각나는집이에여 굿굿,,2025-05-02 09:44:03,37792495,장인닭갈비 강남점,naver,f1c26ab1-26ef-4126-bd96-913459d6e773
161,6814973e1b671367e9d94d06,2IZF4,ala****,강남역 맛집!!! 장인닭갈비 추천입니다용,,2025-05-02 09:39:13,37792495,장인닭갈비 강남점,naver,f1c26ab1-26ef-4126-bd96-913459d6e773
162,6814a0f4debd793cafda814d,a5IFy,삥꼬로빵꼬로,라면사리 추가했는데 꼬들꼬들해서 맛있어요!!,,2025-05-02 08:56:18,37792495,장인닭갈비 강남점,naver,f1c26ab1-26ef-4126-bd96-913459d6e773
163,68148606d2aefe0d46600437,1VVNJ,현정46,너무너무 맛있어요 매장이 넓고 깨끗해서 자주 방문합니다,,2025-05-02 08:39:49,37792495,장인닭갈비 강남점,naver,f1c26ab1-26ef-4126-bd96-913459d6e773
164,681485a378362ad20c87f6a9,aaZs0,surf28,대기 없이 바로 들어왓어요~~~  언제 먹어도 맛있는 닭갈비,,2025-05-02 08:34:15,37792495,장인닭갈비 강남점,naver,f1c26ab1-26ef-4126-bd96-913459d6e773
165,681481baac981536da0e9065,3l0LR,혜에인,중간맛도 많이 안맵고 좋아옹,,2025-05-02 08:25:14,37792495,장인닭갈비 강남점,naver,f1c26ab1-26ef-4126-bd96-913459d6e773
166,681481bd3bd05e6dd994e16a,bm2VS,비니230,헤헤 존맛❤️❤️,,2025-05-02 08:24:00,37792495,장인닭갈비 강남점,naver,f1c26ab1-26ef-4126-bd96-913459d6e773
167,681497096fa85e3706551153,3KWwH,앓이앓이79,닭갈비 별루 안 좋아하는데 여기 넘무 맛있어요!! 살짝 매콤하고 치즈꺼지 같이 먹으묜😋😋 사람이 늘 많지만 많은 이유가 있는 것 같어요 ㅋㅋ 닭갈비 땡가면 여기 ㅊㅊ 드릴게용!!!,,2025-05-02 08:23:42,37792495,장인닭갈비 강남점,naver,f1c26ab1-26ef-4126-bd96-913459d6e773
168,681489009e31c40455d930b1,3l5jV,goals876883,"너무 맛있어요
치즈랑 우동 추가했는데 
더 맛있게 먹었습니당 
😙😙",,2025-05-02 08:20:31,37792495,장인닭갈비 강남점,naver,f1c26ab1-26ef-4126-bd96-913459d6e773
169,6814a02856c20fbfd848d0fc,3qiSy,502video,"1. 매콤달콤한 양념이 쫀득한 닭고기랑 잘 어울려서 입맛 제대로 돋움.


2. 철판에 구워먹는 재미에 치즈까지 추가하면 완전 별미!


3. 양도 넉넉하고 야채나 떡사리까지 푸짐해서 가성비 굿.


4. 매장 내부는 깔끔하고 직원분들도 친절해서 기분 좋게 식사함.


5. 다음엔 친구들이랑 소주 한잔 곁들여서 다시 오고 싶음.",,2025-05-02 08:20:24,37792495,장인닭갈비 강남점,naver,f1c26ab1-26ef-4126-bd96-913459d6e773
170,68146d328ff103306fc1561f,cBUw7,dms****,친절하고 사리 양도 많아요! 닭갈비 좋아하는데 내부도 깨끗하고 리뷰이벤트도 하고 있어요 ㅎㅎ 볶음밥도 있어서 좋아용,,2025-05-02 06:41:28,37792495,장인닭갈비 강남점,naver,f1c26ab1-26ef-4126-bd96-913459d6e773
171,68146cbc2ae217fbe43475f9,3LLIw,최은정7848,맛있어용ㅇ 굳집입니다아앙,,2025-05-02 06:41:28,37792495,장인닭갈비 강남점,naver,f1c26ab1-26ef-4126-bd96-913459d6e773
172,68146e4fe1f0fe1945543ede,cvE7v,투블럭에사나이,맛있고 양도많고 좋아요,,2025-05-02 06:37:23,37792495,장인닭갈비 강남점,naver,f1c26ab1-26ef-4126-bd96-913459d6e773
173,6814aa619d92b1ca63e704c0,2Sk0W,김예진5985,"맵찔이라 중간맛 했는데, 아주 쪼끔 매콤해서 맛있게 먹었어요~ 흑임자 소스 샐러드도 굿.. 추베릅 강남에 오면 먹어볼 만 합니다 회전율도 빨라요~",,2025-05-02 06:37:03,37792495,장인닭갈비 강남점,naver,f1c26ab1-26ef-4126-bd96-913459d6e773
175,68146778617f09caeb709bcd,4prz9,jyyyyj,닭갈비 맛있어요~~ 서비스도 좋아요!,,2025-05-02 06:29:45,37792495,장인닭갈비 강남점,naver,f1c26ab1-26ef-4126-bd96-913459d6e773
215,6814608cf6c9e15da2b62e7f,3tndD,YJThing,점심 세트 가격 가성비도 좋고 양도 많아요!!! 치즈 있어서 매운 것도 중화되고 우동사리 추가해서 먹으면 짱 맛있어용~~👍👍 강남역 닭갈비는 요기~,,2025-05-02 05:26:31,37792495,장인닭갈비 강남점,naver,c120eb07-fe13-4515-875e-02a4abf0ce85
216,6814567da6e80c618be3c087,aAQwV,형은집이목장이야,맛있어용〜〜!! 친구들이랑 방탈출하고 먹으러 왔어여 잘 먹고 갑니당👍,,2025-05-02 05:16:25,37792495,장인닭갈비 강남점,naver,c120eb07-fe13-4515-875e-02a4abf0ce85
217,68145677f2473968df29bb27,6v52G,pes34,친구들이랑 놀러와서 점심시간에 방문했는데 매장도 넓고 쾌적해서 좋았어요! 음식도 정말 빨리 나오고 다 조리해주셔서 편했어요! 닭갈비도 맛있게 잘 먹었어요😊👍,,2025-05-02 04:56:10,37792495,장인닭갈비 강남점,naver,c120eb07-fe13-4515-875e-02a4abf0ce85
218,68145632400521f49346210a,5wKog,예지1450,닭갈비 양도 많고 맛있어요~~ 매장도 청결하고 넓어서 단체로 오기 좋아요,,2025-05-02 04:55:57,37792495,장인닭갈비 강남점,naver,c120eb07-fe13-4515-875e-02a4abf0ce85
219,68148fdcd3e6545297ec2929,a8aJR,buk****,정말 맛있었어요 다음에 또 오겠습니다 양도 많고 친절하시네요 !!!!!,,2025-05-02 03:51:15,37792495,장인닭갈비 강남점,naver,c120eb07-fe13-4515-875e-02a4abf0ce85
220,68148d9956c20fbfd839fd0b,cOq93,gks****,진짜 너무너무 맛있어요 유가네 말고 여기 가세요 여기가 더 싸고 맛있고 양도 많아요,,2025-05-02 03:51:15,37792495,장인닭갈비 강남점,naver,c120eb07-fe13-4515-875e-02a4abf0ce85
221,68148853f653333fa1196b24,2cdMjq,dmyoo,양도 많고 맛있어요!! 직원분도 친절하시고 매장도 쾌적했어요,,2025-05-02 03:51:15,37792495,장인닭갈비 강남점,naver,c120eb07-fe13-4515-875e-02a4abf0ce85
222,68148834ec9306be64c317fb,ejQOp,02r****,완전 맛있었어요!,,2025-05-02 03:51:15,37792495,장인닭갈비 강남점,naver,c120eb07-fe13-4515-875e-02a4abf0ce85
223,681481fc377e3f0cbd359714,8r8R2,혜맑은연이,요긴 3번 왔는데도 항상맛있어요!❤️,,2025-05-02 03:49:59,37792495,장인닭갈비 강남점,naver,c120eb07-fe13-4515-875e-02a4abf0ce85
224,6814421a387a654f91694977,1AUPR,오로라9916,런치로 이용했는데 양도많고 맵기도 조절할 수 있어서 좋아요 샐러드나 무쌈이있어 곁들여 먹기도좋네요,,2025-05-02 03:45:55,37792495,장인닭갈비 강남점,naver,c120eb07-fe13-4515-875e-02a4abf0ce85
225,68143e416c2fd3e4c1087328,7Cjo,올드루키58,6번째 방문하는 닭갈비 맛집♡,,2025-05-02 03:30:01,37792495,장인닭갈비 강남점,naver,c120eb07-fe13-4515-875e-02a4abf0ce85
226,68144245e8b6573eaca2de20,3hYxk,lee****,,,2025-05-02 03:26:14,37792495,장인닭갈비 강남점,naver,c120eb07-fe13-4515-875e-02a4abf0ce85
227,68143ee5e006cc5f94326dbc,UwYy,안녕곰93,맛있게 잘 먹을게용 !! ㅎㅎ 존맛탱,,2025-05-02 03:26:14,37792495,장인닭갈비 강남점,naver,c120eb07-fe13-4515-875e-02a4abf0ce85
228,6813695a39801569806abf7e,dNQly,Kkk7346,"사람들이 많길래 한 번 방문해보았는데
너무 맛있고 음식도 빨리나와서 너무 좋은거같아요",,2025-05-01 12:22:41,37792495,장인닭갈비 강남점,naver,c120eb07-fe13-4515-875e-02a4abf0ce85
229,6813693a01a53cbf7cd0dd6c,9ZSLm,배정솔,음식도 빨리하고 매장이 늦게까지 해서 예약없이 편하게 들어왔어요!! 양도 많구 맛았어요!!!! 짱!!!!,,2025-05-01 12:21:08,37792495,장인닭갈비 강남점,naver,c120eb07-fe13-4515-875e-02a4abf0ce85
230,68134e68e687d92e3b55d7ae,52VSh,tnr****,장인닭갈비 여러지점 가봤지만 강남역점이 제일 맛있어요~!! 벌써 3번째 방문입니다~~ 다음에 또 올게요👍🏻,,2025-05-01 10:32:34,37792495,장인닭갈비 강남점,naver,c120eb07-fe13-4515-875e-02a4abf0ce85
231,68134abc4587e657c0f2388c,3u25x,박채연2722,닭갈비가 너무 맛있고 반찬도 깔끔해서 좋아요~~,,2025-05-01 10:15:16,37792495,장인닭갈비 강남점,naver,c120eb07-fe13-4515-875e-02a4abf0ce85
232,6813491dd10693ad07252909,euEHo,yeo****,넓고 쾌적해요! 친구랑 같이 오기 좋은 것 같아요🥰,,2025-05-01 10:04:00,37792495,장인닭갈비 강남점,naver,c120eb07-fe13-4515-875e-02a4abf0ce85
233,6813499a319b53bd611c223e,3mKtl,ddduckk,항상 대기가 많은데 오늘은 운좋게 들어왔어요 맛있습니당,,2025-05-01 10:01:10,37792495,장인닭갈비 강남점,naver,c120eb07-fe13-4515-875e-02a4abf0ce85
234,68134960f79dae5f59bf3ce1,NTjk,검은고양이68,"닭갈비 너무 맛있어요☺️☺️
추천합니다!!!",,2025-05-01 10:01:10,37792495,장인닭갈비 강남점,naver,c120eb07-fe13-4515-875e-02a4abf0ce85
235,681349538e3348b5851e5add,3tpyA,효닝17,"닭갈비 짱 맛있어용ㅎㅇㅎ~~❤️❤️
우동사리랑 치즈사리는 필수!!!",,2025-05-01 10:01:10,37792495,장인닭갈비 강남점,naver,c120eb07-fe13-4515-875e-02a4abf0ce85
236,68134945cf324d7b1d57eea4,2a5up,Hanbbi,,,2025-05-01 10:01:10,37792495,장인닭갈비 강남점,naver,c120eb07-fe13-4515-875e-02a4abf0ce85
237,68134cb6ec92a05163e09d6c,2quRS,누누3425,양도 많고 맛있어요!! 둘이서 진짜배부르고 맛있게 잘 먹었습니다!! 사람이 많은데에는 이유가 있네요!!,,2025-05-01 09:24:43,37792495,장인닭갈비 강남점,naver,c120eb07-fe13-4515-875e-02a4abf0ce85
238,68133eaf09406121de6351a3,8qjgJ,qkr****,닭갈비 양도 많고 맛있어요~~~!!!,,2025-05-01 09:19:47,37792495,장인닭갈비 강남점,naver,c120eb07-fe13-4515-875e-02a4abf0ce85
239,68133a4c214e20bbf3029dd4,3Mrtl,이잉3639,올때마다 맛있는 장인닭갈비 ㅎㅎ 정말 맛있어요~ 체인점들도 많은데 강남점이 최고! 볶음밥도 무조건 필수!!,,2025-05-01 09:06:16,37792495,장인닭갈비 강남점,naver,c120eb07-fe13-4515-875e-02a4abf0ce85
240,681336f9ec7fc18cb75a4c99,2lcx8,Yoon127,맛있어요!!!,,2025-05-01 08:43:01,37792495,장인닭갈비 강남점,naver,c120eb07-fe13-4515-875e-02a4abf0ce85
241,681332a6c8b0aa3b47212a45,5xgQB,zion2464,닭갈비 양이 많고 부드러워요! 담에 또 오고싶어요,,2025-05-01 08:26:05,37792495,장인닭갈비 강남점,naver,c120eb07-fe13-4515-875e-02a4abf0ce85
242,68132c59786915b2e6f4723e,24t5X,지너닝,"넘넘 맛있어요!!! 
가격도 착하구 맛도 넘 맛있구 양도 많고
담에 또 올래용 👍",,2025-05-01 08:03:24,37792495,장인닭갈비 강남점,naver,c120eb07-fe13-4515-875e-02a4abf0ce85
243,6813255620834e52d8e89f7e,NPuj,pre****,아이와 함께 서울 나들이 했어요~  맛난 식사 찾다 들어왔는데 닭갈비가 너무도 부드럽네요~  맵기 조절도 되어서 아이와 오기 정말 괜찮네요~  밥 잘 안 먹는 아이인데 너무 맛있게 잘 먹었어요~~,,2025-05-01 07:32:44,37792495,장인닭갈비 강남점,naver,c120eb07-fe13-4515-875e-02a4abf0ce85
244,68143a3fd36c3bb9b6c0a9a4,3Ezj0,김서영5778,너무 너무 맛잇어요 ~~~ 최고예용 😃😃,,2025-05-01 06:23:33,37792495,장인닭갈비 강남점,naver,c120eb07-fe13-4515-875e-02a4abf0ce85
245,6813106ad92cce6aec3332ae,bBj5E,cpj****,"진짜 양에 1차 놀랐고, 맛에 2차 놀랐습니다 너무 맛있습니다 …😻😻",,2025-05-01 05:58:05,37792495,장인닭갈비 강남점,naver,c120eb07-fe13-4515-875e-02a4abf0ce85
246,681310553980156980239740,4nuHx,jhslhb,너무 맛있고 양도 많아거 다음에 올 때 또 이용할 것 같아요 가족모임 완전 강추드립니다 굿굿!!,,2025-05-01 05:58:05,37792495,장인닭갈비 강남점,naver,c120eb07-fe13-4515-875e-02a4abf0ce85
247,68144016a5d11eb023ea6115,3MpzR,ㅁ  ㅈ,대기 없이 들어왔고 점심 먹기 좋아요~!,,2025-05-01 05:39:43,37792495,장인닭갈비 강남점,naver,c120eb07-fe13-4515-875e-02a4abf0ce85
248,68143b77ab24c0c32523415b,2csBPG,MEIR,맛있고 양푸짐해서 점심에 자주 와요,,2025-05-01 05:39:43,37792495,장인닭갈비 강남점,naver,c120eb07-fe13-4515-875e-02a4abf0ce85
249,68144316b9aa345e81d640ff,3wbLi,비도우링,너무 맛있게 잘 먹었습니다!,,2025-05-01 05:24:36,37792495,장인닭갈비 강남점,naver,c120eb07-fe13-4515-875e-02a4abf0ce85
250,68143a9b041f068174a58990,OUkK,똑띠,맛있어요! 강남역 맛집~~!! 점심이니 저녁 메뉴로 추천,,2025-05-01 05:24:06,37792495,장인닭갈비 강남점,naver,c120eb07-fe13-4515-875e-02a4abf0ce85
251,68143a946a049fc96707549b,6GOYZ,삐뽀삐뽀41,닭갈비가 야둘야들하고 맛있어요 런치세트도 있어서 직장인 점심식사하기 좋네요~ 자주 올것같아요,,2025-05-01 05:24:06,37792495,장인닭갈비 강남점,naver,c120eb07-fe13-4515-875e-02a4abf0ce85
252,6812ff8dea9c31263b1e2964,3unEm,dkfltlgm3,"항상오지만 항상 맛있어요!
양도 푸짐하고 마지막 볶음밥이 킥입니다 ㅎㅎ",,2025-05-01 04:56:43,37792495,장인닭갈비 강남점,naver,c120eb07-fe13-4515-875e-02a4abf0ce85
253,6812fb1fbf0f6489f09c15f8,1uh8T,꼬맹이42,비쥬얼이 너무 맛나게 보여요!! 직원들도 친절하게 응대해줘요,,2025-05-01 04:35:20,37792495,장인닭갈비 강남점,naver,c120eb07-fe13-4515-875e-02a4abf0ce85
254,6812f54b24f876c369905329,6PiOB,20204065 강민서,맛있어용!! 같이 오기 좋아여,,2025-05-01 04:03:39,37792495,장인닭갈비 강남점,naver,c120eb07-fe13-4515-875e-02a4abf0ce85
255,6812f52706f7b2828f9fc34b,9bgrx,혜쥰,강남역맛집이에요 맛있었어요~~!,,2025-05-01 04:03:39,37792495,장인닭갈비 강남점,naver,c120eb07-fe13-4515-875e-02a4abf0ce85
256,6812f4b80faab9586c95718c,3v9pO,도연2891,맛있어요~~~~~,,2025-05-01 04:03:39,37792495,장인닭갈비 강남점,naver,c120eb07-fe13-4515-875e-02a4abf0ce85
257,6812f47dd9b9d89134c9b2f6,3S8u0,zing95,두번째 방문이에요~~~~강남 닭갈비 맛집,,2025-05-01 04:03:39,37792495,장인닭갈비 강남점,naver,c120eb07-fe13-4515-875e-02a4abf0ce85
258,6812f47d69d4fe4e04df8b6f,6ooUX,달래공주15,미쳤더미텼다 배고파요 냠냠,,2025-05-01 04:03:39,37792495,장인닭갈비 강남점,naver,c120eb07-fe13-4515-875e-02a4abf0ce85
259,6812e552b441875a584c849d,6xSsO,ehd****,,,2025-05-01 03:01:20,37792495,장인닭갈비 강남점,naver,c120eb07-fe13-4515-875e-02a4abf0ce85
260,6812e57048969009b45462df,44ajN,YKY20,너무 맛있어요!!,,2025-05-01 02:59:12,37792495,장인닭갈비 강남점,naver,c120eb07-fe13-4515-875e-02a4abf0ce85
261,6812e54084939e961bd6c4c8,4ADyR,pilu86,비오는날 점심에 먹으러 왔는데 사람이 많은데 자리가 더 많아서 대기 없이 이용했어요 여자친구가 맛있게 잘 먹어서 좋았습니다.,,2025-05-01 02:59:12,37792495,장인닭갈비 강남점,naver,c120eb07-fe13-4515-875e-02a4abf0ce85
262,681227da5db9d8c18c446c6d,3I0ss,밍밍2125,여기는 제 강남 최애 맛집임다 ㅎㅎ 10번도 넘게 온듯 항상 맛있고 양 많아요 최고❤️❤️,,2025-04-30 13:22:29,37792495,장인닭갈비 강남점,naver,c120eb07-fe13-4515-875e-02a4abf0ce85
263,681227716f85d420f813d434,1sQr8,나는집돌이에요,"일끝나고 닭갈비먹으러  강남 왔습니다. 알게된지 2 3년 되었는데 올때마다 만족스럽고 기분좋게 다녀갑니다.❣️
직원분들도 너무 친절하시고 무엇보다 늦게까지 열려있어서 언제나 방문할 수 있으니까 자주 생각나네요
감사합니다😊🙏🚴‍♂️",,2025-04-30 12:44:31,37792495,장인닭갈비 강남점,naver,c120eb07-fe13-4515-875e-02a4abf0ce85
264,68120fe3b6d9de6c85b5e94e,2hwjj,수연뉨v,너무 맛있는 닭갈비 강남오면 항상 와서 먹고갑니다,,2025-04-30 11:49:36,37792495,장인닭갈비 강남점,naver,c120eb07-fe13-4515-875e-02a4abf0ce85
265,68120e34c7a64ebb82d8c0e3,7VjPf,haz****,맛잇어영,,2025-04-30 11:46:31,37792495,장인닭갈비 강남점,naver,c120eb07-fe13-4515-875e-02a4abf0ce85
266,68120ea7b42bdde0a7a4a7aa,6Pz84,agitlee,맛있어서 계속 생각나는 맛이에요!,,2025-04-30 11:35:40,37792495,장인닭갈비 강남점,naver,c120eb07-fe13-4515-875e-02a4abf0ce85
267,68120e1b542308f3050954eb,6Pzea,민트총코,닭갈비는 무족언 장인닭갈비지.,,2025-04-30 11:35:40,37792495,장인닭갈비 강남점,naver,c120eb07-fe13-4515-875e-02a4abf0ce85
268,68120c913190e087580ef408,1Ef01,먼지ㅁ,항상 줄 서 있어서 못먹어봤는데 평일 저녁에 자리 딱 나서 먹으러 왔어요. 맛있어요!,,2025-04-30 11:33:22,37792495,장인닭갈비 강남점,naver,c120eb07-fe13-4515-875e-02a4abf0ce85
269,681202233628bee3f9f92647,6OhUN,gla****,정말 맛있고 매장이 쾌적해요. 보통 닭갈비 집은 들어가면 덥고 매운 냄새가 나는데 그런 불쾌함이 없어요. 음식도 아주 맛있습니다,,2025-04-30 10:50:15,37792495,장인닭갈비 강남점,naver,c120eb07-fe13-4515-875e-02a4abf0ce85
270,6811f8f02876ca4326d002ff,bUEdJ,종호54,예약없이갔는데 금방 들어왔어요! 양도 엄청많고 맛있습니다! 다음에또갈생각있습니다,,2025-04-30 10:12:11,37792495,장인닭갈비 강남점,naver,c120eb07-fe13-4515-875e-02a4abf0ce85
271,6811f2d74c670a0062233fd4,4SISE,Mmmmin58,"전에 먹고 맛있어서 또 재방문했어요~!!
다음에도 올게요😚",,2025-04-30 09:41:16,37792495,장인닭갈비 강남점,naver,c120eb07-fe13-4515-875e-02a4abf0ce85
272,6811fa3291b89c5ce9614b9d,oQRi,알타비스타73,역시 닭갈비는 장인달갈비. 넘 맛있어요. 치즈추가 하시고 볶음밥 꼭 드세요.,,2025-04-30 08:49:53,37792495,장인닭갈비 강남점,naver,c120eb07-fe13-4515-875e-02a4abf0ce85
273,681205fb92ef681053ff66e4,3v0Io,임유경4712,몇번째 먹는지 몰라요. 강남역 맛집입니다ㅎㅎ 사리는 꼭 당면으로 하세여!,,2025-04-30 08:46:43,37792495,장인닭갈비 강남점,naver,c120eb07-fe13-4515-875e-02a4abf0ce85
274,6811e5ac637f8143ca1e4711,dDGd,대충4276,엄청 맛있었어요! 다음에도 방문하려구요!,,2025-04-30 08:32:37,37792495,장인닭갈비 강남점,naver,c120eb07-fe13-4515-875e-02a4abf0ce85
275,6811df20372aff7c907f1afc,3Ieq9,라이언8847,,,2025-04-30 07:59:58,37792495,장인닭갈비 강남점,naver,c120eb07-fe13-4515-875e-02a4abf0ce85
276,6811e5a4d3b73eb6225c421d,8pMAi,gye****,남자친구랑 오랜만에 강남역 데이트했는데 맛있는 닭갈비 먹고 왔네용 담에 또 올것 같아요 !,,2025-04-30 07:48:12,37792495,장인닭갈비 강남점,naver,c120eb07-fe13-4515-875e-02a4abf0ce85
277,6811d7c74ab576299eb07204,ewEVO,yoo****,,,2025-04-30 07:28:05,37792495,장인닭갈비 강남점,naver,c120eb07-fe13-4515-875e-02a4abf0ce85
278,6811cac85e447e3f4c90196c,1yQTS,캔디5969,"닭갈비 3인 치즈 4개 추가했어요!
엄청 푸짐하고 맛있어요ㅎㅎ 매운거 잘 못먹어서 안매운걸로 주문했어요. 직원분도 정말 친절하시고 좋습니다! 강남역점 나중에 또 방문해야겠어요! 💕",,2025-04-30 06:26:43,37792495,장인닭갈비 강남점,naver,c120eb07-fe13-4515-875e-02a4abf0ce85
279,6811c4899398d40fbd7f5e15,4rId,이보자,"강남역맛집이라고 소개받고 갔어요! 닭고기도 맛나고 날씨도 좋고~~ 완전 추천드려요!

#강남역맛집",,2025-04-30 06:26:43,37792495,장인닭갈비 강남점,naver,c120eb07-fe13-4515-875e-02a4abf0ce85
280,68119a468b9d126f07079d11,1Pgrj,이응5649,"너무 정신없고 반찬이좀아쉬워요
마늘이라도있으면좋은데 없네요
음식은 빨리나오고 고기양은 적지만 치즈가많아요
맛은 괜찮은데 제입맛엔달아서 별로고 다른분들입맛엔 잘맞을거같아요",,2025-04-30 03:23:54,37792495,장인닭갈비 강남점,naver,c120eb07-fe13-4515-875e-02a4abf0ce85
281,68119bb489eab7454c5a51cb,ev4DV,철민80,음식이 너무 맛있고 매장도 쾌적해서 좋아요,,2025-04-30 03:20:54,37792495,장인닭갈비 강남점,naver,c120eb07-fe13-4515-875e-02a4abf0ce85
282,6810c823e1bb57b36489b0a7,LmG5,강봉구,맛있게 잘 먹었습니다!,,2025-04-29 12:03:32,37792495,장인닭갈비 강남점,naver,c120eb07-fe13-4515-875e-02a4abf0ce85
283,6810b92d8a638488dc644645,1TEnN,갖고싶다,오랜만에 닭갈비 맛있어요 강남역 맛집!,,2025-04-29 11:25:33,37792495,장인닭갈비 강남점,naver,c120eb07-fe13-4515-875e-02a4abf0ce85
284,6810b925c7a480a37a3535d6,1XWP7,우악85,맛있어용! 강남역 맛집이에요!!!!,,2025-04-29 11:25:33,37792495,장인닭갈비 강남점,naver,c120eb07-fe13-4515-875e-02a4abf0ce85
285,6810af77da3a93a466b4d47b,a6GtQ,솽39,맛있숩니다!,,2025-04-29 10:31:38,37792495,장인닭갈비 강남점,naver,c120eb07-fe13-4515-875e-02a4abf0ce85
286,6810adfef22870d05a7fd419,4NhXZ,박성민3349,비쥬얼 미쳤아툐 ㅠㅠ 잘먹겟습니다 ㅜㅜ,,2025-04-29 10:31:38,37792495,장인닭갈비 강남점,naver,c120eb07-fe13-4515-875e-02a4abf0ce85
287,6810aa489fd667caeb97c220,6Et7B,호잇679,"양많고빨리나와요
맛있어용",,2025-04-29 10:26:16,37792495,장인닭갈비 강남점,naver,c120eb07-fe13-4515-875e-02a4abf0ce85
288,6810aa334a2fe23314dc9341,4TUu8,Amuguna88,정말 맛있어요. 퀄도 좋고 강남에서 닭갈비 드시려면 여기 추천드려요.,,2025-04-29 10:26:16,37792495,장인닭갈비 강남점,naver,c120eb07-fe13-4515-875e-02a4abf0ce85
289,6810b40e9eaf99461cf858bf,2roJj,윤달10,"맛있어요! 치즈 넣어먹는거 추천해요!
대기가 있었지만 음식은 거의 앉자마자 바로 나와요!",,2025-04-29 10:24:58,37792495,장인닭갈비 강남점,naver,c120eb07-fe13-4515-875e-02a4abf0ce85
290,6810b46089eab7454cccea99,2cSIsu,znv****,잘먹고갑니당,,2025-04-29 10:23:50,37792495,장인닭갈비 강남점,naver,c120eb07-fe13-4515-875e-02a4abf0ce85
291,6810ae4cadd7e731a1437c18,4JWOe,지콩55,치즈도 완전 많고 닭갈비가 너무 맛있어요!,,2025-04-29 10:23:17,37792495,장인닭갈비 강남점,naver,c120eb07-fe13-4515-875e-02a4abf0ce85
292,6810ac2e74533cabb9dd33f7,6T0sG,에스텔04,맛있어요,,2025-04-29 10:16:22,37792495,장인닭갈비 강남점,naver,c120eb07-fe13-4515-875e-02a4abf0ce85
293,6810c090265ecd76a749d8f0,77seI,lowkiiunicorn,사람이 많아 궁금해서 남친이랑 왔는데 맛있어요 양도 많고 맨 마지막에 볶음밥 추천드려요,,2025-04-29 10:12:35,37792495,장인닭갈비 강남점,naver,c120eb07-fe13-4515-875e-02a4abf0ce85
294,6810b1091b3b9d12d4860b15,4tW01,맑음63,맛있어요!!,,2025-04-29 10:12:35,37792495,장인닭갈비 강남점,naver,c120eb07-fe13-4515-875e-02a4abf0ce85
295,6810a7f3afa926eb597d7b60,2B6ZS,루씨55,"양도 많고 맛있어요
친구들과 술한잔에 제격",,2025-04-29 10:12:35,37792495,장인닭갈비 강남점,naver,c120eb07-fe13-4515-875e-02a4abf0ce85
296,6810ac4a8eb1dc58d720674d,bAEJF,pec****,양 적당하고 맛있어요! 대기줄 있어서 한 20분 기다렸어요,,2025-04-29 10:08:13,37792495,장인닭갈비 강남점,naver,c120eb07-fe13-4515-875e-02a4abf0ce85
297,6810a69c13e1d1b27af67405,PbpE,두두두둥이1,,,2025-04-29 10:06:13,37792495,장인닭갈비 강남점,naver,c120eb07-fe13-4515-875e-02a4abf0ce85
298,6810a67a2fecb92ded161a76,4UgxN,wlr****,야채 샐러드가 무한이라 어무좋엉용,,2025-04-29 10:06:13,37792495,장인닭갈비 강남점,naver,c120eb07-fe13-4515-875e-02a4abf0ce85
299,6810b1e2e8b6573eac408a71,3xdj4,msyoungkim,적당히 매콤한 맛입니다. 당면도 아주 맛있네요. 직원들도 친절해서 좋습니다.,,2025-04-29 10:05:39,37792495,장인닭갈비 강남점,naver,c120eb07-fe13-4515-875e-02a4abf0ce85
300,6810a74df010623a68e8452b,1UNTs,hoy****,"맛도 좋고 무엇보다 안내하는 직원이 친절하고 굿 굿 굿 
다음에 또 오고 싶어요",,2025-04-29 10:05:39,37792495,장인닭갈비 강남점,naver,c120eb07-fe13-4515-875e-02a4abf0ce85
301,6810a39ad36c3bb9b67002cf,eO8tC,rkd****,,,2025-04-29 10:01:00,37792495,장인닭갈비 강남점,naver,c120eb07-fe13-4515-875e-02a4abf0ce85
302,6810a2de0c8d18f659fba489,aCi7W,유꾸리잉,너무 맛있어용!,,2025-04-29 09:35:42,37792495,장인닭갈비 강남점,naver,c120eb07-fe13-4515-875e-02a4abf0ce85
303,6810a40a33d690cbcae29fdd,41EDZ,KimDM,"오키나와에서 온 친구도 맛있게 먹었어요~
감사합니다!!!",,2025-04-29 09:31:53,37792495,장인닭갈비 강남점,naver,c120eb07-fe13-4515-875e-02a4abf0ce85
304,6810a3a6abb2734e7fa51158,6CS3V,jin****,여러번왔어요 항상 맛있네요!!!!,,2025-04-29 09:31:53,37792495,장인닭갈비 강남점,naver,c120eb07-fe13-4515-875e-02a4abf0ce85
305,6810a947cfb5c3e19a482fb7,2cj7en,밌샀킸,"직원님이 넘 친절하시고 고기도 넘 맛있어요!!
고기도 맛있고 강남역 맛집으로 추천이요!!",,2025-04-29 09:30:29,37792495,장인닭갈비 강남점,naver,c120eb07-fe13-4515-875e-02a4abf0ce85
306,6810a919b3bb9b033a6fe6c5,2bvRrx,har****,"직원분이 친절하시고 서비스도 좋았어요!

강남역맛집",,2025-04-29 09:30:29,37792495,장인닭갈비 강남점,naver,c120eb07-fe13-4515-875e-02a4abf0ce85
307,6810a9060bcfa822e1bc3799,2d3Xw3,mad****,직원들도 너무 착해서 음식도 맛있어요!!,,2025-04-29 09:30:29,37792495,장인닭갈비 강남점,naver,c120eb07-fe13-4515-875e-02a4abf0ce85
308,6810a9740665b4f1cb17b0ee,2bYBcs,nac****,직원분이 너무 친절해서 좋았어요☺︎︎︎︎,,2025-04-29 09:26:18,37792495,장인닭갈비 강남점,naver,c120eb07-fe13-4515-875e-02a4abf0ce85
309,6810a8820689b99ac7665546,2bAOg1,hop****,강남역 맛집입니다!,,2025-04-29 09:26:18,37792495,장인닭갈비 강남점,naver,c120eb07-fe13-4515-875e-02a4abf0ce85
310,6810a79d06f7b2828f281a55,3viMY,별5575,"맛 최고, 양 최고~ 말해머해 여러번 옵니다 회전도 빨라서 금방 자리에 앉았어요",,2025-04-29 09:13:13,37792495,장인닭갈비 강남점,naver,c120eb07-fe13-4515-875e-02a4abf0ce85
311,6810a75c5337b4cb03dab08c,9OC2n,신센스4,강남 올 때마다 한번 씩 들러요~ 너무 맛있어요~,,2025-04-29 09:13:13,37792495,장인닭갈비 강남점,naver,c120eb07-fe13-4515-875e-02a4abf0ce85
312,6810989331fc6e01ae271c0e,8Ep5M,tmd****,지인의 추천으로 왔는데 너무 맛있어요~,,2025-04-29 09:13:00,37792495,장인닭갈비 강남점,naver,c120eb07-fe13-4515-875e-02a4abf0ce85
313,6810a5fe10d40b844d273c16,30WR0,나한입,,,2025-04-29 09:06:32,37792495,장인닭갈비 강남점,naver,c120eb07-fe13-4515-875e-02a4abf0ce85
314,6810a5a6af0ae44425671dec,5VwJ2,sjn****,정말 맛있게 잘 먹었어요!! 친구랑 같이오면 너무 좋아요!,,2025-04-29 09:06:32,37792495,장인닭갈비 강남점,naver,c120eb07-fe13-4515-875e-02a4abf0ce85
315,6810974593c4c4f35aeb07ae,10L40,cho****,지인추천 방문인데 너무 맛있어요! 양도 많고 맛있어여!! 강추!,,2025-04-29 08:56:24,37792495,장인닭갈비 강남점,naver,c120eb07-fe13-4515-875e-02a4abf0ce85
316,681093b865251fb53a238932,5EgvC,넹글동글빵,"닭갈비 여기서는 처음 먹어봤는데 너무 맛있어요!! 
닭갈비집이 엄청 많아서 맛이 똑같지 않을까 했는데 너무 맛있내용!! 비주얼도 좋고 담엔 부모님이랑 와야겠어요☺️",,2025-04-29 08:43:58,37792495,장인닭갈비 강남점,naver,c120eb07-fe13-4515-875e-02a4abf0ce85
317,68109366e13c5d93d0a15d7c,6fIU6,움냠얌냠,너무 맛있고 빨리 나와서 좋아요‼️,,2025-04-29 08:43:58,37792495,장인닭갈비 강남점,naver,c120eb07-fe13-4515-875e-02a4abf0ce85
318,68108d828dbd82a4fe4504ed,cfH84,sub****,"역시 장인 닭갈비네요 증말 맛있습니다🥹
매운 것만 좋아하는 저인데도 순한맛 닭갈비 너무 맛있었어요🫶🏻",,2025-04-29 08:13:53,37792495,장인닭갈비 강남점,naver,c120eb07-fe13-4515-875e-02a4abf0ce85
319,6810c74ac5edc7527b0e4b88,aiJ1d,chi****,너무 맛있어요,,2025-04-29 07:57:48,37792495,장인닭갈비 강남점,naver,c120eb07-fe13-4515-875e-02a4abf0ce85
320,6810c59c1de4fa6bd3d331f8,4ZtGf,고구마 감자 0000,토핑 추가해서 먹으면 더 맛있어요! 매울때는 치즈랑 같이 먹거나 럭키봉봉 주스랑 같이 먹으면 중화돼서 더 많이 먹을 수 있어요!,,2025-04-29 07:57:48,37792495,장인닭갈비 강남점,naver,c120eb07-fe13-4515-875e-02a4abf0ce85
321,6810c11d25001b2a1ddbfa19,2o5uP,삐삐뽀뽀39392,맛있어요,,2025-04-29 07:57:48,37792495,장인닭갈비 강남점,naver,c120eb07-fe13-4515-875e-02a4abf0ce85
322,6810aab4a8418192d3978567,1Y8DB,StephanieKong,"급하게 장소를 정했는데 너무너무 잘 온거같아요
우동사리는 꼭 먹어야해욤!!!!!",,2025-04-29 07:57:48,37792495,장인닭갈비 강남점,naver,c120eb07-fe13-4515-875e-02a4abf0ce85
323,6810923f7ed88199cdd36c80,7KP5C,임태현42,치즈가 맛있어요 ㅠㅠ,,2025-04-29 07:57:48,37792495,장인닭갈비 강남점,naver,c120eb07-fe13-4515-875e-02a4abf0ce85
324,6810923da809e019b7b3f19b,7njsS,yenah94,너무 맛이썽요 4번이상 방문햇사용,,2025-04-29 07:57:48,37792495,장인닭갈비 강남점,naver,c120eb07-fe13-4515-875e-02a4abf0ce85
325,68108dc0b79641685ade22ea,bN146,bap****,정말 맛있습니다 가성비 시간 너무 좋습미다,,2025-04-29 07:57:48,37792495,장인닭갈비 강남점,naver,c120eb07-fe13-4515-875e-02a4abf0ce85
326,68108d82a60d8ad4d54d35c5,43pVx,dmsgul67,맛있어서 자주 오는 곳! 볶음밥이 진짜 개맛있어요!,,2025-04-29 07:57:48,37792495,장인닭갈비 강남점,naver,c120eb07-fe13-4515-875e-02a4abf0ce85
327,6810b24770a6820b0b328faa,2twJT,젤리주리,맛있게 잘 먹었습니다,,2025-04-29 06:51:14,37792495,장인닭갈비 강남점,naver,c120eb07-fe13-4515-875e-02a4abf0ce85
328,68104bce3630442b9c566ae7,9HsCG,eun****,,,2025-04-29 03:46:47,37792495,장인닭갈비 강남점,naver,c120eb07-fe13-4515-875e-02a4abf0ce85
329,681097ec21d86ca69809addf,2OpcW,메람쥐,"쿨타임 돌 때쯤 꼭 와야하는 장인닭갈비!!

다른 지점은 모르겠늠데 강남지점 진짜 존맛임
한 6벙 정도 온듯!!! 저녁 6시에 오면 웨이팅 있으니 꼭 일찍 오시길!!!! 전 6시 좀 전에 와서 웨이팅 안 해쓔요",,2025-04-29 03:15:47,37792495,장인닭갈비 강남점,naver,c120eb07-fe13-4515-875e-02a4abf0ce85
330,68107e66eab82272aafe060a,biqc0,Yw89,청말 맛있어요!,,2025-04-29 03:15:01,37792495,장인닭갈비 강남점,naver,c120eb07-fe13-4515-875e-02a4abf0ce85
331,6810a385e8f6e2bce359c5a4,2cKyV2,for****,"음식도 다 맜있고 직원 분들도 너무 친절하세요
강남역 오시면 들리는거 추천합니다",,2025-04-29 02:57:27,37792495,장인닭갈비 강남점,naver,c120eb07-fe13-4515-875e-02a4abf0ce85
332,6810975c1c51bca2c9b8ddc7,5svDj,코알리14,"기본찬 양배추 샐러드 드레싱도 맛있고, 
닭갈비 양도 많고 맛있어요!!",,2025-04-29 02:57:27,37792495,장인닭갈비 강남점,naver,c120eb07-fe13-4515-875e-02a4abf0ce85
333,68109ef2fb510f819178c20e,35c3C,박헤딩38,"처음방문했는데 너무마싯어요 ㅎㅎ
꼭 치즈사리 추가해서드세용",,2025-04-29 02:55:12,37792495,장인닭갈비 강남점,naver,c120eb07-fe13-4515-875e-02a4abf0ce85
334,6810978ea88b0b3dd9806947,1Gf74,Charls31,라면 사리♡♡♡,,2025-04-29 02:55:12,37792495,장인닭갈비 강남점,naver,c120eb07-fe13-4515-875e-02a4abf0ce85
335,681097522b0c0937ba00b832,66alq,hay****,양도 많은데 맛있어요 !!! 직원분들도 엄청 친절해요 ㅠㅠㅠ,,2025-04-29 02:54:57,37792495,장인닭갈비 강남점,naver,c120eb07-fe13-4515-875e-02a4abf0ce85
336,68109ecada3a93a466a935bd,5Vznl,헷202,"사람도 많고 대기하고 들어옴~!!
넘 맛있음!!! 볶음밥 필수",,2025-04-29 02:54:35,37792495,장인닭갈비 강남점,naver,c120eb07-fe13-4515-875e-02a4abf0ce85
337,68109ec3439f65aeec644e79,2QS0j,pha07626,처음 와봤는데 맛있어용 !! 보통맛 시켰는데 적당히 매콤해서 맛있네용~ 다음에는 매운맛 먹어봐야겠어요 ㅎㅎ,,2025-04-29 02:44:01,37792495,장인닭갈비 강남점,naver,c120eb07-fe13-4515-875e-02a4abf0ce85
338,681038bc1e381637692fac9c,2H73L,졍이14,닭갈비 맛이 다 거기서 거기라고 느껴지시는 분이라면 꼭 한번 방문해서 드셔보시길 추천합니다:) 저도 닭갈비 맛이 식당마다 비슷하다 생각해서 좀 망설였는데 안 왔으면 후회할 뻔 했어요 ㅎㅎ 같이 간 친구도 너무 만족스러워하고 춘천까지 갈 시간 없으신 분들 지금 강남으로 ㄱㄱ!!,,2025-04-29 02:16:00,37792495,장인닭갈비 강남점,naver,c120eb07-fe13-4515-875e-02a4abf0ce85
339,6810b070446e83252ec6bf66,7I1qZ,버닝7,장인닭갈비 그이름대로 장인이 만들었는듯  그림같은 치즈닭갈비 도로가 만들어졌네요. 치즈도로 위에서 젓가락이 몇번을 왕복했는지 모를만큼 맛있게 먹었습니다.,,2025-04-28 14:49:18,37792495,장인닭갈비 강남점,naver,c120eb07-fe13-4515-875e-02a4abf0ce85
340,6810b0473b24fa5c1c7c6d16,7og2T,kasert,고기하고 사리 양들도 배부르게 먹기 딱좋게나오고 그후에 시킨 볶음밥도 엄청 맛있었어요,,2025-04-28 14:49:18,37792495,장인닭갈비 강남점,naver,c120eb07-fe13-4515-875e-02a4abf0ce85
341,6810a6d97321c8324d39ebc9,2cHxeu,nik****,너무 맛있었어요!,,2025-04-28 14:49:18,37792495,장인닭갈비 강남점,naver,c120eb07-fe13-4515-875e-02a4abf0ce85
342,6810a5352858ab353bd29286,4lTPd,essence8723,최애 닭갈비집🥹 너무 맛있어용🩷,,2025-04-28 14:49:18,37792495,장인닭갈비 강남점,naver,c120eb07-fe13-4515-875e-02a4abf0ce85
343,6810a1573218850408d871d0,3rUcs,이비트11,강남역에서 식당 고민된다면 여기 괜찮은 거 같아요~ 가격도 맛도 좋아요~,,2025-04-28 14:49:18,37792495,장인닭갈비 강남점,naver,c120eb07-fe13-4515-875e-02a4abf0ce85
344,68109e2c18d760a9449bdcca,2cdfQx,rin****,,,2025-04-28 14:49:18,37792495,장인닭갈비 강남점,naver,c120eb07-fe13-4515-875e-02a4abf0ce85
345,68109dc944b43e833ebbd858,5Krna,purple30,사람 겁나 많아요!! 맛있어요!!!!,,2025-04-28 14:49:18,37792495,장인닭갈비 강남점,naver,c120eb07-fe13-4515-875e-02a4abf0ce85
346,68109db7969b496965eca87a,1eaSU,산아희,치즈 많고 야채에 싸먹으니 넘 맛있어요!!!,,2025-04-28 14:49:18,37792495,장인닭갈비 강남점,naver,c120eb07-fe13-4515-875e-02a4abf0ce85
347,68109947eff8eeb251313200,3JKYB,참기능인,친구랑 같이 자주오는데 항상 만족스러워요,,2025-04-28 14:49:18,37792495,장인닭갈비 강남점,naver,c120eb07-fe13-4515-875e-02a4abf0ce85
348,68105c56dd281d28b2aa6080,YZZL,슈우123,친구들하고 왔는데 친절하고 너무 맛있어요,,2025-04-28 14:49:18,37792495,장인닭갈비 강남점,naver,c120eb07-fe13-4515-875e-02a4abf0ce85
349,68105c286fb9689efb3b56fa,6hP9J,rka****,친구들이랑 왔는데 넘 맛있게 먹었어요😆,,2025-04-28 14:49:18,37792495,장인닭갈비 강남점,naver,c120eb07-fe13-4515-875e-02a4abf0ce85
350,68105c22ac7aa1e5a66b9a84,37duW,룰루3786,치즈 추가해서 6인 치즈 맞냐고 하셨는데 암요 왠걸 딱 좋네요 넘 맛있어요 쌈도 리필 알아서 챡착 베뤼 굿입니다 안없어지는데는 이유가 있네요,,2025-04-28 14:49:18,37792495,장인닭갈비 강남점,naver,c120eb07-fe13-4515-875e-02a4abf0ce85
351,68105bfd0e7d0ff81d36ad78,8oBWU,ju****,너무 맛있어요~🫵🏻🤍🫰🏻👍🏻💐,,2025-04-28 14:49:18,37792495,장인닭갈비 강남점,naver,c120eb07-fe13-4515-875e-02a4abf0ce85
352,68105845d678b226446f43cc,5th9F,진우389,"합리적인 가격. 훌륭한 맛. 장인 인정합니다~~ 
다음에 또 올게용",,2025-04-28 14:49:18,37792495,장인닭갈비 강남점,naver,c120eb07-fe13-4515-875e-02a4abf0ce85
353,6810577e5acd1a74307531f1,27PBD,게으름뱅이64,오랜만에 나들이 나왔다가 평이 좋아서 들어왔어요. 가격도 저렴하고 맛있습니다,,2025-04-28 14:49:18,37792495,장인닭갈비 강남점,naver,c120eb07-fe13-4515-875e-02a4abf0ce85
354,68104b0abdb888fa2e326d96,2fKS4,jychoi217,닭갈비 맛있고 상추와 깻잎 신선합니다!,,2025-04-28 14:49:18,37792495,장인닭갈비 강남점,naver,c120eb07-fe13-4515-875e-02a4abf0ce85
355,6810427a4500eff3f796cddd,5sBDH,eepsl,맛있게 잘 먹었습니다:),,2025-04-28 14:49:18,37792495,장인닭갈비 강남점,naver,c120eb07-fe13-4515-875e-02a4abf0ce85
356,681040dcbfe307321e36d43f,rolX,blu****,너무 맛있게 잘 먹었습니다. 다음에 강남오면 또 올 거 같아요!,,2025-04-28 14:49:18,37792495,장인닭갈비 강남점,naver,c120eb07-fe13-4515-875e-02a4abf0ce85
357,681040d1341941be035992fe,jKev,정병우67,맛도 좋고 청결도 좋아요~~~,,2025-04-28 14:49:18,37792495,장인닭갈비 강남점,naver,c120eb07-fe13-4515-875e-02a4abf0ce85
358,68104099485bcd08f72b2802,28Cor,pas****,"지인들과 강남역에서 식사할때 자주 오는 곳 입니다!
주변 닭갈비 중에서는 가장 맛있는것같아요.
점심때는 자리가 없을수있으니 일찍 와야해요 ㅎㅎ",,2025-04-28 14:49:18,37792495,장인닭갈비 강남점,naver,c120eb07-fe13-4515-875e-02a4abf0ce85
359,68103e1179891ed7edbde73e,deYPu,rac****,양도 많고 맛있어요,,2025-04-28 13:50:51,37792495,장인닭갈비 강남점,naver,c120eb07-fe13-4515-875e-02a4abf0ce85
360,680f7c6c01b62a79cd642820,eQva1,xkd****,맛있어요:),,2025-04-28 13:02:04,37792495,장인닭갈비 강남점,naver,c120eb07-fe13-4515-875e-02a4abf0ce85
361,680f72ed0f4e66ad9a76bae0,c1BCd,yoo****,,,2025-04-28 12:06:37,37792495,장인닭갈비 강남점,naver,c120eb07-fe13-4515-875e-02a4abf0ce85
362,680f719bff0f86bf53ecd281,8ncdT,홍승우50,,,2025-04-28 12:06:37,37792495,장인닭갈비 강남점,naver,c120eb07-fe13-4515-875e-02a4abf0ce85
363,680f62bc5e75cb84526a49a6,7ngq2,사룽해45,친구 청모로 모였는데 생각보다 분위기 좋고 맛도 좋아요~!! 레스기릿~,,2025-04-28 10:28:24,37792495,장인닭갈비 강남점,naver,c120eb07-fe13-4515-875e-02a4abf0ce85
364,680f622549429af5ea7b121b,3ni3h,rlv****,,,2025-04-28 10:28:24,37792495,장인닭갈비 강남점,naver,c120eb07-fe13-4515-875e-02a4abf0ce85
365,680f5f8baa42d0f7d8897d0f,22iC1,구운마늘파이,굉장히 맛있고 친구들과 함께하기좋습니다 분위기좋고 맛도좋고 직원분들도 친절해요,,2025-04-28 10:28:24,37792495,장인닭갈비 강남점,naver,c120eb07-fe13-4515-875e-02a4abf0ce85
366,680f5f1e15257807494bf5e8,1EHJu,Hebrews,오랜만에 친구 모임으로 왔어요~  맛있어요🤤,,2025-04-28 10:28:24,37792495,장인닭갈비 강남점,naver,c120eb07-fe13-4515-875e-02a4abf0ce85
367,680f675bf543999082948d9f,9qGYP,siw****,맛있어요!,,2025-04-28 10:19:59,37792495,장인닭갈비 강남점,naver,c120eb07-fe13-4515-875e-02a4abf0ce85
368,680f6697aaa19a46823cf017,a8XA4,옥탑방개미39,맛있었어요,,2025-04-28 10:19:59,37792495,장인닭갈비 강남점,naver,c120eb07-fe13-4515-875e-02a4abf0ce85
369,680f5e39362242269afe0128,3bC7r,jeesooooo,닭갈비 제일 좋아하는 음식인데 오늘 엄마랑 데이트하려고 왔어요!! 역시나 맛있는 정인닭갈비 최고예요👍🏻,,2025-04-28 10:18:41,37792495,장인닭갈비 강남점,naver,c120eb07-fe13-4515-875e-02a4abf0ce85
370,680f674d078bace2584f3a8e,8W42b,nic****,소문듣고 왔는데 소문대로 맛집이네요~,,2025-04-28 10:14:59,37792495,장인닭갈비 강남점,naver,c120eb07-fe13-4515-875e-02a4abf0ce85
371,680f676f21269ab21e82e5fe,61PaL,이동환9795,양이 많고 맛있어요.,,2025-04-28 10:07:24,37792495,장인닭갈비 강남점,naver,c120eb07-fe13-4515-875e-02a4abf0ce85
372,680f67650d657d1ee85759fb,3HFhj,binkong1,너므 맛있어요!!💕💕,,2025-04-28 10:05:57,37792495,장인닭갈비 강남점,naver,c120eb07-fe13-4515-875e-02a4abf0ce85
373,680f6bc53274408be68d00fe,468fe,도곡동정교주,간만에 맛있는 닭갈비 먹어보네요,,2025-04-28 10:00:35,37792495,장인닭갈비 강남점,naver,c120eb07-fe13-4515-875e-02a4abf0ce85
374,680f6bace29555bfb97563eb,1IutK,p99285077,맛있어여^^,,2025-04-28 10:00:35,37792495,장인닭갈비 강남점,naver,c120eb07-fe13-4515-875e-02a4abf0ce85
375,680f4e8ad75fcff7ae919b02,3WTH4,브레인크,"맛있어요
매운맛 첨인데 존맛
단골입니다",,2025-04-28 09:21:35,37792495,장인닭갈비 강남점,naver,c120eb07-fe13-4515-875e-02a4abf0ce85
376,680f54ade51ab7176a84e2ef,4FuYb,clover71,,,2025-04-28 09:18:09,37792495,장인닭갈비 강남점,naver,c120eb07-fe13-4515-875e-02a4abf0ce85
377,680f719fc4bb431991929dd2,8GtZ,윤푸푸닝,"네,,,, 잊지못하고 또왔습니다 ㅋㅋㅋㄱㅋ 
오늘은 모둠사리 추가에 소세지 까지,,,,,,진짜 맛집인정이요 항상 친절해서 너무 기분 좋아요ㅜㅜㅜ",,2025-04-28 09:16:41,37792495,장인닭갈비 강남점,naver,c120eb07-fe13-4515-875e-02a4abf0ce85
378,680f54cca6e80c618b87c8de,2hTMz,tree1029,오랜만에 강남 나왔는데 생각나서 바로 찾은 닭갈비집!! 사람이 너무 많아서 기다려야 할 수 있는데 다행히 바로 입장 가능했어요ㅎㅎ 역시 실패없는 장인닭갈비 존맛,,2025-04-28 09:10:45,37792495,장인닭갈비 강남점,naver,c120eb07-fe13-4515-875e-02a4abf0ce85
379,680f54c9382f1227a5bbc879,32wvo,호오오오오오오우,n번째 방문! 강남역 올 때 자주 생각나는 맛집이에요~,,2025-04-28 09:10:45,37792495,장인닭갈비 강남점,naver,c120eb07-fe13-4515-875e-02a4abf0ce85
380,680f46d18e1f0de293a3cf67,h9En,재현63,닭갈비 짱맛있어요!,,2025-04-28 09:08:00,37792495,장인닭갈비 강남점,naver,c120eb07-fe13-4515-875e-02a4abf0ce85
381,680f79dfae54b9057f33b292,7Fyrg,Hasdfgjkl,대기가 있어 걱정했지만 금방 빠지더라고요 음식이 맛있고 직원들이 엄청 친절합니다 장인닭갈비 강남점 단골 하려고용 ㅎ,,2025-04-28 09:07:24,37792495,장인닭갈비 강남점,naver,c120eb07-fe13-4515-875e-02a4abf0ce85
382,680f5855a38b679a9d7a5a6f,31uvE,hw2840,닭갈비 너무 맛있어요👍👍,,2025-04-28 09:07:24,37792495,장인닭갈비 강남점,naver,c120eb07-fe13-4515-875e-02a4abf0ce85
383,680f48d1a9e92befc05a540a,JWxk,그대여85,"항상 사람이 많아서 못먹었는데 
오늘은 퇴근하자마자 달려와서 남아있는 한자리 성공했어요!!!
배 엄청 고픈데 사람이 너무 많아서 걱정했는데 금방 나오고 양도 엄청 많아용!!!!앗싸앙",,2025-04-28 09:07:24,37792495,장인닭갈비 강남점,naver,c120eb07-fe13-4515-875e-02a4abf0ce85
384,680f48a3099ce15923cdca49,24Z9h,coolyoobin,맛있습니다 장인닭갈비~,,2025-04-28 09:07:24,37792495,장인닭갈비 강남점,naver,c120eb07-fe13-4515-875e-02a4abf0ce85
385,680f59ee0e66300765fa78ea,cUxhY,hon****,사란하는 사람과~ 함께 맛았는걸 먹다니~~~ 사랑해요 모두들 맛있어요,,2025-04-28 09:05:09,37792495,장인닭갈비 강남점,naver,c120eb07-fe13-4515-875e-02a4abf0ce85
386,680f59e85e447e3f4cf56517,57zgl,jjjjjjjjsssso,"장인닭갈비 최고입니다
닭갈비 집 중 원탑이에요!",,2025-04-28 09:05:03,37792495,장인닭갈비 강남점,naver,c120eb07-fe13-4515-875e-02a4abf0ce85
387,680f4bcee25fe6c350ab1dc2,92lzk,호요호요10,오랜만에 아내랑 데이트나왔는데 맛있네요!,,2025-04-28 09:05:03,37792495,장인닭갈비 강남점,naver,c120eb07-fe13-4515-875e-02a4abf0ce85
388,680f5392551e6f452ad1c729,2AS8N,맨유챔스우승4,음식이 맛있고 간도 적당하고 맛있었습니다.,,2025-04-28 09:04:55,37792495,장인닭갈비 강남점,naver,c120eb07-fe13-4515-875e-02a4abf0ce85
389,680f4e8571a24a07a048fc64,36gBY,예니157,순환도 빠르고 너무 맛있어요 강추입니다!,,2025-04-28 09:04:55,37792495,장인닭갈비 강남점,naver,c120eb07-fe13-4515-875e-02a4abf0ce85
390,680f59ce8cc3308b8fc69f62,9MSKH,roo****,빠르게 빠르게 운영되는 홀이 너무 좋은 것 같습니다,,2025-04-28 09:04:49,37792495,장인닭갈비 강남점,naver,c120eb07-fe13-4515-875e-02a4abf0ce85
391,680f4bebe1bf87a9cdc520e5,11vJn,tkddnr244,"웨이팅하면서 메뉴를 미리 고를수있어서 편해요
10분이내로 안내받았어요
중간맛 시켰는데 살짝 매웠지만 맛있게 먹었어요",,2025-04-28 09:04:49,37792495,장인닭갈비 강남점,naver,c120eb07-fe13-4515-875e-02a4abf0ce85
392,680f6251a0e5b1878828b6f1,19VtL,떠나자40,"사람 많은 이유가 있네요 
맛있어요",,2025-04-28 09:04:07,37792495,장인닭갈비 강남점,naver,c120eb07-fe13-4515-875e-02a4abf0ce85
393,680f5d86b91af55e6c7024df,5r3r6,보린70,늘 맛있게 먹고 있어용! 건대점보다 강남점이 맛있는거 같아요 ☺️,,2025-04-28 09:04:07,37792495,장인닭갈비 강남점,naver,c120eb07-fe13-4515-875e-02a4abf0ce85
394,680f5c74199b6dbcc1a10275,5Ro0N,유승민7863,음식이 빨리나와요!!,,2025-04-28 09:04:07,37792495,장인닭갈비 강남점,naver,c120eb07-fe13-4515-875e-02a4abf0ce85
395,680f5a7d6c9ee5001bdc99c2,2zYr2,사랑셋,너무 맛있어요!!!!! 군침이 싹도네요~~,,2025-04-28 09:02:04,37792495,장인닭갈비 강남점,naver,c120eb07-fe13-4515-875e-02a4abf0ce85
396,680f8293a45b41cbe132daed,dtAbY,letdo,맛나게먹느라 다 먹구 찍었네용 잘 먹었습미다,,2025-04-28 08:56:14,37792495,장인닭갈비 강남점,naver,c120eb07-fe13-4515-875e-02a4abf0ce85
397,680f47b7e58061b82e9a2383,4JyT9,이주호43,너무 맛있어요 역시 닭갈비는 강남 장인 닭갈비입니다,,2025-04-28 08:49:09,37792495,장인닭갈비 강남점,naver,c120eb07-fe13-4515-875e-02a4abf0ce85
398,680f595da45ea2bd86882295,dw3Ib,study6762,,,2025-04-28 08:41:44,37792495,장인닭갈비 강남점,naver,c120eb07-fe13-4515-875e-02a4abf0ce85
399,680f4562cd3dc58d5451dd55,9qQXy,pkh****,,,2025-04-28 08:41:44,37792495,장인닭갈비 강남점,naver,c120eb07-fe13-4515-875e-02a4abf0ce85
400,680f43129cb87cad9a164d2d,8uvzY,한영재14,,,2025-04-28 08:41:44,37792495,장인닭갈비 강남점,naver,c120eb07-fe13-4515-875e-02a4abf0ce85
401,680f42ff3826a6d3d708bab0,3mSfK,shwan114,잘먹었습니다,,2025-04-28 08:41:44,37792495,장인닭갈비 강남점,naver,c120eb07-fe13-4515-875e-02a4abf0ce85
402,680f7bbf0db0459eda7bd9c6,2BeUV,후반,직원도 친절하고 음식도 너무 맛있습니다!,,2025-04-28 08:31:45,37792495,장인닭갈비 강남점,naver,c120eb07-fe13-4515-875e-02a4abf0ce85
403,680f4c3d821a9b26363f91fe,aszoL,so1****,너무 양도 많고 맛있어요:) 다음에 또 방문하겠습니다~,,2025-04-28 08:17:40,37792495,장인닭갈비 강남점,naver,c120eb07-fe13-4515-875e-02a4abf0ce85
404,680f49597e40747cbe8f4960,6lmdV,비버비버니,맛있어용😋👍,,2025-04-28 08:11:54,37792495,장인닭갈비 강남점,naver,c120eb07-fe13-4515-875e-02a4abf0ce85
405,680f495331fc6e01ae51f187,8wDza,삭제된 이름입니다,,,2025-04-28 08:11:54,37792495,장인닭갈비 강남점,naver,c120eb07-fe13-4515-875e-02a4abf0ce85
406,680f58978f246437147572d2,59RjJ,라쿤동키,오랜만에 닭갈비 생각나서 왔는데 역시 맛있습니다!,,2025-04-28 08:08:21,37792495,장인닭갈비 강남점,naver,c120eb07-fe13-4515-875e-02a4abf0ce85
407,680f56e88fc43439c7b6d587,SOIB,파란하늘56,만남의 장소 강남역에서 맛있게 먹고 갑니다잇,,2025-04-28 08:08:21,37792495,장인닭갈비 강남점,naver,c120eb07-fe13-4515-875e-02a4abf0ce85
408,680f5689eab82272aa3f60c3,1Jqy8,쌤군,,,2025-04-28 08:08:21,37792495,장인닭갈비 강남점,naver,c120eb07-fe13-4515-875e-02a4abf0ce85
409,680f45feea332784ca315180,33mKz,d띵모b,,,2025-04-28 08:01:20,37792495,장인닭갈비 강남점,naver,c120eb07-fe13-4515-875e-02a4abf0ce85
410,680f4574ac2a1910ad3660a0,dew5Z,혁주854,넘맛나네요 짱,,2025-04-28 08:01:20,37792495,장인닭갈비 강남점,naver,c120eb07-fe13-4515-875e-02a4abf0ce85
411,680f4df585860230013b4803,ctqgf,mad****,너무 맛이 기대됨,,2025-04-28 07:34:38,37792495,장인닭갈비 강남점,naver,c120eb07-fe13-4515-875e-02a4abf0ce85
412,680f4d38b87d6886a003ca02,48Hkc,ㅇㅇㅈ36,들어오자마자 친절한데 양도 많고 존맛탱:),,2025-04-28 07:34:38,37792495,장인닭갈비 강남점,naver,c120eb07-fe13-4515-875e-02a4abf0ce85
413,680f458c3b9bc81863b8a30e,eRbGT,cou****,"으악~~
조리되어나오니 바로먹을수 있어서 좋아",,2025-04-28 07:34:38,37792495,장인닭갈비 강남점,naver,c120eb07-fe13-4515-875e-02a4abf0ce85
414,680f49155e75cb8452568e0f,6zZBX,ham****,"맛있어요~~
담에 또 올게요~",,2025-04-28 07:34:13,37792495,장인닭갈비 강남점,naver,c120eb07-fe13-4515-875e-02a4abf0ce85
415,680f54bada6f039424571f03,Cep9,용싸83,"강남에서 가성비로 괜찮아요~~ 친구들 가볍게 모이기 좋을듯. 넓어서 회전율도 좋고 맛있어요!

(조용히, 오래 대화하기엔 적합하지 않음)",,2025-04-28 07:21:18,37792495,장인닭갈비 강남점,naver,c120eb07-fe13-4515-875e-02a4abf0ce85
416,680f45031e9d7bc786a4b62f,alLg4,박채원9250,,,2025-04-28 07:17:03,37792495,장인닭갈비 강남점,naver,c120eb07-fe13-4515-875e-02a4abf0ce85
417,680f45d64eba457038d4035d,7kL94,허니꼬비,매콤하고 맛있어요,,2025-04-28 07:12:38,37792495,장인닭갈비 강남점,naver,c120eb07-fe13-4515-875e-02a4abf0ce85
418,680f458e7da13c4eef894815,6sRRs,Jhyerin,바로 먹게 나와요!! 맛있어요♡♡,,2025-04-28 07:10:25,37792495,장인닭갈비 강남점,naver,c120eb07-fe13-4515-875e-02a4abf0ce85
419,680f458584aaa02bc5ef7bf2,67Bcr,투명안경Heeya,푸짐하고맛있게먹었습니다!!!,,2025-04-28 07:10:25,37792495,장인닭갈비 강남점,naver,c120eb07-fe13-4515-875e-02a4abf0ce85
420,680f850f81362421a08e8616,2bVK3p,ygh****,음식이 맛나유,,2025-04-28 07:07:13,37792495,장인닭갈비 강남점,naver,c120eb07-fe13-4515-875e-02a4abf0ce85
421,680f722965251fb53a976566,7VzTe,현9902,강남역 맛집!! 장인 닭갈비!! 볶음밥도 꼭 먹어보세요👍,,2025-04-28 07:07:13,37792495,장인닭갈비 강남점,naver,c120eb07-fe13-4515-875e-02a4abf0ce85
422,680f4776aa649a56fd1bf9f5,9pNna,시연68,돌아다니다가 홀린듯이 들어왔어용🫠 양도 많고 다들 친절하셔서 기분 좋게 식사했습니다:),,2025-04-28 07:07:13,37792495,장인닭갈비 강남점,naver,c120eb07-fe13-4515-875e-02a4abf0ce85
423,680f4538152578074938fe26,cwrWT,sun****,,,2025-04-28 07:07:13,37792495,장인닭갈비 강남점,naver,c120eb07-fe13-4515-875e-02a4abf0ce85
424,680f84e9b8991318b6b2c211,3cmyu,김은서5069,항상맛있어요!,,2025-04-28 06:31:00,37792495,장인닭갈비 강남점,naver,c120eb07-fe13-4515-875e-02a4abf0ce85
425,680f454e9a00bb4ebca27bb9,8b7iR,jin****,맛있어용,,2025-04-28 06:31:00,37792495,장인닭갈비 강남점,naver,c120eb07-fe13-4515-875e-02a4abf0ce85
426,680f20006c9ee5001bad7f46,d3jip,jin****,,,2025-04-28 06:18:25,37792495,장인닭갈비 강남점,naver,c120eb07-fe13-4515-875e-02a4abf0ce85
427,680f22126435a8bd273b7b60,6zlVw,여심스나이퍼,강남에치과올때마다들리는곳!!!진절하고맛도짱.!!!치즈랑같이먹으면더맛있어용닭갋하면이곳이생각나네용...사장님번창하세용♡♡♡,,2025-04-28 06:12:41,37792495,장인닭갈비 강남점,naver,c120eb07-fe13-4515-875e-02a4abf0ce85
428,680f435f7444cb157d1b0ce1,4Bj4n,xbutter,처음 와 본 곳인데 실내도 쾌적하고 음식도 맛있어서 다음에 친구들과 또 올 것 같아요! 닭갈비 너무 맛있네요😃😃,,2025-04-28 06:03:47,37792495,장인닭갈비 강남점,naver,c120eb07-fe13-4515-875e-02a4abf0ce85
429,680f07a4c07edddaef405377,1gKza,shj****,맛있어요!!,,2025-04-28 04:25:00,37792495,장인닭갈비 강남점,naver,c120eb07-fe13-4515-875e-02a4abf0ce85
430,680f32f0636b13390202f402,3KLJS,예쥬시,"치즈까지 추가해서 먹었는데 비주얼부터 아주 좋습니다!!

강남에서 데이트하면서 들어왔는데 좋네요~
셀프바까지 야무지게 이용하고 갑니다.
직원분들도 친절하셔서 기분좋게 식사하고 갑니다.",,2025-04-28 04:09:23,37792495,장인닭갈비 강남점,naver,c120eb07-fe13-4515-875e-02a4abf0ce85
431,680f45ebedba2f180c613e4f,4hnW3,김도현167,음식이 맛있고 음식이 맛있어요,,2025-04-28 03:52:00,37792495,장인닭갈비 강남점,naver,c120eb07-fe13-4515-875e-02a4abf0ce85
432,680f3748fcec8f00a959713f,cLbCt,krishwang,닭갈비는 여기서만 먹어요🙂‍↕️👍,,2025-04-28 03:52:00,37792495,장인닭갈비 강남점,naver,c120eb07-fe13-4515-875e-02a4abf0ce85
433,680f46b67d503d2a440c51ac,OYmx,eh0619,항상 사람 많은만큼 맛있어요!! 👍🏻,,2025-04-28 03:42:32,37792495,장인닭갈비 강남점,naver,c120eb07-fe13-4515-875e-02a4abf0ce85
434,680f516a01233a156dee3887,2hXWe,libertad0511,"주문하면 조리를 해서 주셔서 기다림이 없어 좋아요! 닭갈비 맛있고 일하시는 분들이 친절하세요
회전율로 빨라요👍",,2025-04-28 03:37:35,37792495,장인닭갈비 강남점,naver,c120eb07-fe13-4515-875e-02a4abf0ce85
435,680f53d2ca2471b9a6a04a78,7LfVI,gh****,,,2025-04-28 03:35:23,37792495,장인닭갈비 강남점,naver,c120eb07-fe13-4515-875e-02a4abf0ce85
436,680efb98e687d92e3b5d3e5c,ashzY,riw****,비주얼이 미쳣어요 너무 맛있게 먹었어요  매장도 넓고 가성비 좋아요!!,,2025-04-28 03:33:47,37792495,장인닭갈비 강남점,naver,c120eb07-fe13-4515-875e-02a4abf0ce85
437,680f1f68fc1f741398a3679d,6k1pF,춘자51,깔끔하고 맛있어용!!😀😀 맛있게 잘 먹었습니당,,2025-04-28 03:31:50,37792495,장인닭갈비 강남점,naver,c120eb07-fe13-4515-875e-02a4abf0ce85
438,680f1f656df924da2f268304,7SNI4,반항아기,가격대비 가성비가 좋아요.,,2025-04-28 03:31:50,37792495,장인닭갈비 강남점,naver,c120eb07-fe13-4515-875e-02a4abf0ce85
439,680f07baf22870d05a5adb1a,2cgpcA,김준우767,정말 맛있어요!,,2025-04-28 03:27:30,37792495,장인닭갈비 강남점,naver,c120eb07-fe13-4515-875e-02a4abf0ce85
440,680f07a981e3234ddb0eee7c,dvtAh,sea****,,,2025-04-28 03:27:30,37792495,장인닭갈비 강남점,naver,c120eb07-fe13-4515-875e-02a4abf0ce85
441,680f2014041f068174f45ab5,dbFZq,hjh****,,,2025-04-28 03:22:36,37792495,장인닭갈비 강남점,naver,c120eb07-fe13-4515-875e-02a4abf0ce85
442,680f1f77c8be22bda36e5c36,3sfEG,이뚜빙,장인닭갈비 입구만 와도 침고여요 완전 맛있습니다 ~😃,,2025-04-28 03:20:23,37792495,장인닭갈비 강남점,naver,c120eb07-fe13-4515-875e-02a4abf0ce85
443,680f4fb87ea990adf7ceea19,51ih8,미스래빗9,맵찔이에겐 순한맛 딱 좋아요 맛있게 잘 먹었습니다아!!,,2025-04-28 03:20:07,37792495,장인닭갈비 강남점,naver,c120eb07-fe13-4515-875e-02a4abf0ce85
444,680f017d74b31714e419f4bf,2ct0E,syoon98,학원종강기념으로 다같이밥먹으러왓는데 대기없이 버로먹을수잇어서 너무너무 좋앗습니다앙 맛은 말모말모 재방문의사100😍😍😍,,2025-04-28 03:15:04,37792495,장인닭갈비 강남점,naver,c120eb07-fe13-4515-875e-02a4abf0ce85
445,680effed0851249817fd0b1d,4Nqzp,반짝번쩍반짝,가성비 좋고 맛있어용!!,,2025-04-28 03:15:04,37792495,장인닭갈비 강남점,naver,c120eb07-fe13-4515-875e-02a4abf0ce85
446,680f01ed7b3cd60b7b374273,3BdvG,구름나무74,근처 학원에서 스터디 끝나고 팀원들이랑 먹으러왔어요~~~! 푸짐하고 맛있어요~!!!,,2025-04-28 03:11:49,37792495,장인닭갈비 강남점,naver,c120eb07-fe13-4515-875e-02a4abf0ce85
447,680f49694d2b0094bd1285c7,5j3rx,정서연798,맛있어요👍👍,,2025-04-28 03:05:50,37792495,장인닭갈비 강남점,naver,c120eb07-fe13-4515-875e-02a4abf0ce85
448,680f446999bfb90e5df05a52,pfr3,단하룰살아도,닭갈비가 맛있어서 종종 먹습니다~^^,,2025-04-28 03:05:01,37792495,장인닭갈비 강남점,naver,c120eb07-fe13-4515-875e-02a4abf0ce85
449,680f43fc3b9bc81863b76805,1txIk,과나코상,닭갈비 너무 맛있어요~^^ 2인분에다가 모듬사리 넣었고요~^^ 담에 또 올껍니다~,,2025-04-28 03:05:01,37792495,장인닭갈비 강남점,naver,c120eb07-fe13-4515-875e-02a4abf0ce85
450,680f008b382f1227a578829a,4Vv2D,병아리6963,맛있어요~~!!닭갈비 최애예요!!,,2025-04-28 02:47:00,37792495,장인닭갈비 강남점,naver,c120eb07-fe13-4515-875e-02a4abf0ce85
451,680effbd764d294b7fb1647e,ySh4,nan****,점심시간에 자주오는 닭갈비집이에요 맛있고 세트메뉴가 있어서 먹기 좋아요,,2025-04-28 02:47:00,37792495,장인닭갈비 강남점,naver,c120eb07-fe13-4515-875e-02a4abf0ce85
452,680efc54d3fbaa9aaebf8e3d,36js3,sy2958,너무 맛있어용,,2025-04-28 02:47:00,37792495,장인닭갈비 강남점,naver,c120eb07-fe13-4515-875e-02a4abf0ce85
453,680efb5f220e9c9d624421ec,6I4eP,안형찬28,"와 개꾸르르르맛  춘천에서 먹던 맛이 
강남에서 느끼다니 춘천 감자돌이는 눈물 흘리면서 먹었습니다 꺼잌꺼잌",,2025-04-28 02:41:58,37792495,장인닭갈비 강남점,naver,c120eb07-fe13-4515-875e-02a4abf0ce85
454,680f0eb3351169c669c49383,1s7KJ,잉콩92,잘먹엇습니다~~,,2025-04-27 17:10:00,37792495,장인닭갈비 강남점,naver,c120eb07-fe13-4515-875e-02a4abf0ce85
455,681075d608cee3d22a8f20d9,3aXvb,쭈93,"처음 방문했는데, 맛있어요^^
직원분들도 친절하세요~*",,2025-04-27 14:30:29,37792495,장인닭갈비 강남점,naver,c120eb07-fe13-4515-875e-02a4abf0ce85
456,68104bd91b420ba708cedddf,ccVan,Hanwol30,맛있어요!,,2025-04-27 14:30:29,37792495,장인닭갈비 강남점,naver,c120eb07-fe13-4515-875e-02a4abf0ce85
457,680ee5f69b3d80777d301340,2sDxh,cheorry,맛있어요,,2025-04-27 14:30:29,37792495,장인닭갈비 강남점,naver,c120eb07-fe13-4515-875e-02a4abf0ce85
458,680f0aa94687b971516c7ed9,4TjwV,제니킴킴,지나가다 들어왔는데 사람이 많고 맛있어요~,,2025-04-27 14:28:09,37792495,장인닭갈비 강남점,naver,c120eb07-fe13-4515-875e-02a4abf0ce85
459,680eeaf8535bfca6e0321621,lcNw,반가워요맛집,맛있어서 자주 와요! ㅎㅎㅎ직장 동료들이랑 식사하기 좋습니다,,2025-04-27 14:27:43,37792495,장인닭갈비 강남점,naver,c120eb07-fe13-4515-875e-02a4abf0ce85
460,680eea9a7cc7070a0b4a76a9,1VOVQ,조탱구,최고에요~!!!,,2025-04-27 14:27:43,37792495,장인닭갈비 강남점,naver,c120eb07-fe13-4515-875e-02a4abf0ce85
461,681036f9510b9502ff81b2a6,1Jr5i,모찌0038,"너무 맛있고 만족합니다 
치즈양도 많고 고기도 신선합니다
세트메뉴 가성비도 좋습니다 추천합니다",,2025-04-27 14:26:29,37792495,장인닭갈비 강남점,naver,c120eb07-fe13-4515-875e-02a4abf0ce85
462,680f1feb758c3b432ebd89e5,1rSgk,강지나,"맛있어여~}!! 종종 자주옵니다
치즈 꼭 시키세요… 존맛탱..",,2025-04-27 14:26:29,37792495,장인닭갈비 강남점,naver,c120eb07-fe13-4515-875e-02a4abf0ce85
463,680eedadcd010f402e67e3c4,6FHeR,Jsk2,저번에도 왔는데 양도 많고 맛있고 직원분들도 친절하셔서 다시 방문했어요~!,,2025-04-27 14:26:29,37792495,장인닭갈비 강남점,naver,c120eb07-fe13-4515-875e-02a4abf0ce85
464,680f1cb5cd94a8d8b867a33e,3IxzZ,aes****,"눈뜨자마자 강남 직행후 첫끼로 닭갈비!!
맛있고 좋아요!",,2025-04-27 14:26:15,37792495,장인닭갈비 강남점,naver,c120eb07-fe13-4515-875e-02a4abf0ce85
465,680f1bb4792a8db1ac896bfa,4F47O,감쟈감쟈감쟈감쟈감쟈아,"맛있고 빨리 나와서 좋아요 !!! 
치즈 많아서 짱좋 👍🏻",,2025-04-27 14:26:15,37792495,장인닭갈비 강남점,naver,c120eb07-fe13-4515-875e-02a4abf0ce85
466,680efb1692fa79df7efa1c00,3pLyg,h_g****,"강남역 최고 최애 맛집이에요~~
닭갈비 너무 맛있고
치즈 녹아요 녹아~~",,2025-04-27 14:26:15,37792495,장인닭갈비 강남점,naver,c120eb07-fe13-4515-875e-02a4abf0ce85
467,6810902f4687b97151773913,4bWAW,푸릇푸릇22,벌써 4번째 방문하는 장인닭갈비!! 꼭 치즈는 주문하셔야합니다~~쌈도 셀프바에서 가져갈 수 있어서 맘껏 먹을 수 있어요!!😋😋,,2025-04-27 14:16:04,37792495,장인닭갈비 강남점,naver,c120eb07-fe13-4515-875e-02a4abf0ce85
468,680f27280bcfa822e1b35ba2,6xMaE,먀오오오오옹,음식도 금방 나오고 익혀서 나와서 넘 좋아용! 맛도 있어요 ㅎㅎ 치즈 추가 꼭 하세용,,2025-04-27 14:16:04,37792495,장인닭갈비 강남점,naver,c120eb07-fe13-4515-875e-02a4abf0ce85
469,680ef5d2221c9a1087c1b140,3SGNd,namssuny,"양도 많고 닭이 신선하고 맛있어요!
볶음밥도 필수에요!!",,2025-04-27 14:12:47,37792495,장인닭갈비 강남점,naver,c120eb07-fe13-4515-875e-02a4abf0ce85
470,68103714ec0ac9c911a14d34,1Ci9X,bea****,비주얼 부터 압도하고 맛도 끝내줍니다. 잘 먹었습니다~~~,,2025-04-27 14:03:19,37792495,장인닭갈비 강남점,naver,c120eb07-fe13-4515-875e-02a4abf0ce85
471,680f0ca20bcfa822e19ebc6b,6jmUQ,0방울0,맛있어요!!,,2025-04-27 14:03:19,37792495,장인닭갈비 강남점,naver,c120eb07-fe13-4515-875e-02a4abf0ce85
472,680f0c6cceced0aeeed20eda,6Cd3y,jun****,맛있어 보여서 들어왔는데 정말 만족스럽게 먹고나갑니다ㅎㅎ,,2025-04-27 14:03:19,37792495,장인닭갈비 강남점,naver,c120eb07-fe13-4515-875e-02a4abf0ce85
473,680eed4524439d30956d4082,7bLeP,나는야 정만두,여기 저번에도 와서 먹었었는데 맛있고 괜찮았어서 또 와보니 오늘은 평일에 런치세트로 해서 치즈추가 닭갈비를 더 저렴하게 먹을 수 있네용 !?! 넘 좋숩니다 ~~,,2025-04-27 14:03:19,37792495,장인닭갈비 강남점,naver,c120eb07-fe13-4515-875e-02a4abf0ce85
474,68104d9e95e635457f723d0f,czZTv,흑룡이70,,,2025-04-27 14:01:21,37792495,장인닭갈비 강남점,naver,c120eb07-fe13-4515-875e-02a4abf0ce85
475,680efae04f42b1c55a347bd8,2q961,JJ439,"역시 강남역 닭갈비는 장인 닭갈비 코쿄
넘 맛있었당!!",,2025-04-27 14:01:21,37792495,장인닭갈비 강남점,naver,c120eb07-fe13-4515-875e-02a4abf0ce85
476,680eea0138b5e7bad4526eb3,1QqoN,훌룰룰랄,"넘넘맛있어요
강남역맛집 인정 ㅋㅋㅋ",,2025-04-27 14:01:21,37792495,장인닭갈비 강남점,naver,c120eb07-fe13-4515-875e-02a4abf0ce85
477,680eefd924098e2087ee6cd6,cR1MB,070361,맛있어요❤️,,2025-04-27 13:59:54,37792495,장인닭갈비 강남점,naver,c120eb07-fe13-4515-875e-02a4abf0ce85
478,680eefbb47fae832ad96e699,31fiq,wng****,저번에 먹고 맛있어서 일부러 점심시간에 일찍 나와서 또 왔어용 :),,2025-04-27 13:59:54,37792495,장인닭갈비 강남점,naver,c120eb07-fe13-4515-875e-02a4abf0ce85
479,680eef975da419dd033fe501,5qrAY,보름찡,지나가다가 냄새에 홀려 들어왔습니다 !!! 맛도 역시 좋습니다 :) 추천해요,,2025-04-27 13:59:54,37792495,장인닭갈비 강남점,naver,c120eb07-fe13-4515-875e-02a4abf0ce85
480,680eef4f803dd80db33dcaaa,4ESuK,외13,최고요,,2025-04-27 13:59:54,37792495,장인닭갈비 강남점,naver,c120eb07-fe13-4515-875e-02a4abf0ce85
481,680f0eddb87d6886a0d0ebd7,3rP2S,따9112,넘 맛있어영 흐흐,,2025-04-27 13:58:50,37792495,장인닭갈비 강남점,naver,c120eb07-fe13-4515-875e-02a4abf0ce85
482,680eef06b11c86e3f80ab5c8,3db7k,sar****,장인닭갈비는 점심이나 저녁이나 회식이나 언제든 짱,,2025-04-27 13:58:50,37792495,장인닭갈비 강남점,naver,c120eb07-fe13-4515-875e-02a4abf0ce85
483,680eeeb7f380ae1989f7bbd8,1HFJw,맛집팡팡,점심 세트 있어서 좋네요 :) 양도 많구 평일 점심에 웨이팅 없이 들어왔어요! 직원분들도 친절하셔요,,2025-04-27 13:58:50,37792495,장인닭갈비 강남점,naver,c120eb07-fe13-4515-875e-02a4abf0ce85
484,680eedcd28b76094da9c6fc7,2fOg9,없음1837,맛있어요,,2025-04-27 13:36:16,37792495,장인닭갈비 강남점,naver,c120eb07-fe13-4515-875e-02a4abf0ce85
485,680eebd98e1f0de2935b1735,buwPv,z01****,점심 또또또또또온집이에용 소울푸드 맛있어요!,,2025-04-27 13:20:23,37792495,장인닭갈비 강남점,naver,c120eb07-fe13-4515-875e-02a4abf0ce85
486,680e1912e9aff8ca860844c1,2c9eOW,yfs****,,,2025-04-27 11:38:00,37792495,장인닭갈비 강남점,naver,c120eb07-fe13-4515-875e-02a4abf0ce85
487,680e1f24b502a71c09c9a1f3,5n01O,jun****,"너무 맛있어요!! 항상 지나가면서 봤는데  사람이 많은 이유를 알거같네요 ㅎㅎ
볶음밥 까지 맛있게 다 먹었습니다 또 와야겠어요",,2025-04-27 11:06:47,37792495,장인닭갈비 강남점,naver,c120eb07-fe13-4515-875e-02a4abf0ce85
488,680e1f7524098e2087a05f99,4ehAO,현20,와 진짜 너무 맛있어 보이고 한입 먹고 나서 정신을 못 차리고 그만 저도 모르게 돼지처럼 머리박고 먹느라 사진을 못 찍었네요 ㅠㅠ 그만큼 진짜 맛있습니다… 그리고 치즈 추가 오백번 하세요 치즈가 진짜 존맛탱구리이비다 저 또올겁니다ㅜㅜ,,2025-04-27 11:06:00,37792495,장인닭갈비 강남점,naver,c120eb07-fe13-4515-875e-02a4abf0ce85
489,680e0dfe92c0fb815b21d378,4T4ya,clg****,식당이 넓어서 좋아요!! 맛도 있아요!!,,2025-04-27 10:51:00,37792495,장인닭갈비 강남점,naver,c120eb07-fe13-4515-875e-02a4abf0ce85
490,680e0abee006cc5f940dc01a,7xXNR,지원9847,꽤 자주 오는 강남역맛집이에용! 장인닭갈비만큼 맛있는 닭갈비집은 없는 거 같아요 ㅠㅠ 세트+모둠사리 시켜서 드세용!,,2025-04-27 10:40:00,37792495,장인닭갈비 강남점,naver,c120eb07-fe13-4515-875e-02a4abf0ce85
491,680eea99333581f0677c7913,vrSo,깽호,자주 방문하는데 맛있어요 ㅎ 👍,,2025-04-27 10:28:56,37792495,장인닭갈비 강남점,naver,c120eb07-fe13-4515-875e-02a4abf0ce85
492,680eea8d0070b3ef1d6bd485,uz4t,gksck82,"점심 먹으러 자주 오는 집!
맛있어요~^^",,2025-04-27 10:28:56,37792495,장인닭갈비 강남점,naver,c120eb07-fe13-4515-875e-02a4abf0ce85
493,680eea0bceced0aeeeb87369,29dRo,맨송맨송95,"장인닭갈비는 고기의 질이 매우 좋고 양념이 깊게 배어 있어 첫입부터 감탄이 나왔습니다.
불향이 은은하게 입혀져 있어서 씹을수록 고소한 맛이 살아납니다.
매콤달콤한 양념이 과하지 않아 질리지 않고 끝까지 맛있게 먹을 수 있었습니다.
매장 분위기도 깔끔하고 직원분들도 친절해 기분 좋게 식사할 수 있었습니다.
닭갈비를 좋아한다면 꼭 한 번 방문해볼 만한 곳입니다.",,2025-04-27 10:28:56,37792495,장인닭갈비 강남점,naver,c120eb07-fe13-4515-875e-02a4abf0ce85
494,680e0449fd513692b9641474,4Sy1D,최성림70,음식이 맛있습니다 !!,,2025-04-27 10:08:39,37792495,장인닭갈비 강남점,naver,c120eb07-fe13-4515-875e-02a4abf0ce85
495,680e0442c243885769762393,bDdOk,aks****,맛있어용,,2025-04-27 10:08:39,37792495,장인닭갈비 강남점,naver,c120eb07-fe13-4515-875e-02a4abf0ce85
496,680dfa015c3c25901167cb57,5UUCR,강남왕자96,양이푸짐하고 맛있어용 직원친절해용,,2025-04-27 09:28:08,37792495,장인닭갈비 강남점,naver,c120eb07-fe13-4515-875e-02a4abf0ce85
497,680df9c04b8ec496200eb537,5g1UD,kkkk0824,자주 오는 곳이에요! 양도 적당하고 맛있습니다 ㅎㅎ 또 올게요!,,2025-04-27 09:19:33,37792495,장인닭갈비 강남점,naver,c120eb07-fe13-4515-875e-02a4abf0ce85
498,680e024360c5ab896fb1309a,3RwYe,FluidLife,강남역 맛집 가족들과 친구들 또는 연인과 데이트 최고 맛집 닭갈비는 여기서만 사먹음 짱짱,,2025-04-27 09:15:46,37792495,장인닭갈비 강남점,naver,c120eb07-fe13-4515-875e-02a4abf0ce85
499,680e0dfd8ff103306fa3142d,3kEl5,남원희,강남역 오면 꼭 오는 곳이에요! 항상 최고~🥺🍀,,2025-04-27 08:59:16,37792495,장인닭갈비 강남점,naver,c120eb07-fe13-4515-875e-02a4abf0ce85
500,680e09dfbe21156d950a9172,d066b,sun****,야르,,2025-04-27 08:54:56,37792495,장인닭갈비 강남점,naver,c120eb07-fe13-4515-875e-02a4abf0ce85
501,680e0964c794f260f7d62e66,egTD9,jwi****,단체는 대기가 좀 길지만 닭갈비는 맛있어영,,2025-04-27 08:54:56,37792495,장인닭갈비 강남점,naver,c120eb07-fe13-4515-875e-02a4abf0ce85
502,680e01eff9c01045a0032f38,3dQPK,sasha117,고기 부드럽고 치즈는 무조건 추가 필수예요! 강추,,2025-04-27 08:40:16,37792495,장인닭갈비 강남점,naver,c120eb07-fe13-4515-875e-02a4abf0ce85
503,680df181370f75d87f495108,1196K,나81,너무 맛있어요~~!!!!^^ 또올께요,,2025-04-27 08:40:16,37792495,장인닭갈비 강남점,naver,c120eb07-fe13-4515-875e-02a4abf0ce85
504,680df06267ac32787f23e5b6,6hSE8,호두0109,맛있게 먹고 갈게요~~ 강남역맛집입니당,,2025-04-27 08:40:16,37792495,장인닭갈비 강남점,naver,c120eb07-fe13-4515-875e-02a4abf0ce85
505,680e223cdc089044f43dc3ce,2UfW7,aa1****,마이떠요요,,2025-04-27 08:34:46,37792495,장인닭갈비 강남점,naver,c120eb07-fe13-4515-875e-02a4abf0ce85
506,680f721b400521f493bd9a29,JJeE,이지수359,양도 많고 맛있습니다,,2025-04-27 08:33:49,37792495,장인닭갈비 강남점,naver,c120eb07-fe13-4515-875e-02a4abf0ce85
507,680e01d224a51e7641fe5809,3t9s0,동탄김미자,맛잇어요 ㅎㅎㅎ,,2025-04-27 08:33:41,37792495,장인닭갈비 강남점,naver,c120eb07-fe13-4515-875e-02a4abf0ce85
508,680dffbb8dbd82a4fe944048,blbwY,예지7395,사람이 많아서 들어왔는데 왜 사람이 많은지 알 것 같ㅇ아요... 징짜 개맛있어요. 제가 먹어본 닭갈비 중에 젤 맛있어요 당장 달려오세요😍❤️‍🔥❤️‍🔥,,2025-04-27 08:28:10,37792495,장인닭갈비 강남점,naver,c120eb07-fe13-4515-875e-02a4abf0ce85
509,680dfaf73a9ed1fddf95eea6,4QRK4,오궁이6894,지나가다가 비주얼에 홀려서 먹었어요 ㅋㅋㅋ 매장 넓어서 대기도 안하고 맛있네요👍,,2025-04-27 08:26:30,37792495,장인닭갈비 강남점,naver,c120eb07-fe13-4515-875e-02a4abf0ce85
510,680e1977bf0f6489f05d46ca,ebbPq,LIHANRUI372,맛있음,,2025-04-27 08:22:52,37792495,장인닭갈비 강남점,naver,c120eb07-fe13-4515-875e-02a4abf0ce85
511,680dfa6eeb5eac713fff1106,135MS,liebe5425,"왁자지껄한 분위기라서 아이들과 식사하기에도 부담없고, 음식도 깔끔해서 맛낀나게 잘 먹었습니다. ^^",,2025-04-27 08:19:50,37792495,장인닭갈비 강남점,naver,c120eb07-fe13-4515-875e-02a4abf0ce85
512,680e2a30b56fea83b8a46f18,9Axx2,0i8ha,여기 진짜 진짜 맛있구 직원분들도 친절하세요 사람도 항상 많아용,,2025-04-27 08:18:29,37792495,장인닭갈비 강남점,naver,c120eb07-fe13-4515-875e-02a4abf0ce85
513,680de87ed812e1389c017b3b,3I2Dr,Reo36,순한 맛으로 시켰더니 맵지도 않고 너무 맛있어요,,2025-04-27 08:13:43,37792495,장인닭갈비 강남점,naver,c120eb07-fe13-4515-875e-02a4abf0ce85
514,680de880a809e019b752c005,2bMLSR,ryz****,양이 많고 맛있어요. 볶음밥까지 먹으면 최고에요.,,2025-04-27 08:12:00,37792495,장인닭갈비 강남점,naver,c120eb07-fe13-4515-875e-02a4abf0ce85
515,680dfbedfbeb65da9ef82a5e,6sk2J,서혜정8363,지나가다 들른 맛집! 너무 맛있어요!,,2025-04-27 07:55:59,37792495,장인닭갈비 강남점,naver,c120eb07-fe13-4515-875e-02a4abf0ce85
516,680df4ae373ff17916915f0d,3eRZk,Munseok63,,,2025-04-27 07:52:30,37792495,장인닭갈비 강남점,naver,c120eb07-fe13-4515-875e-02a4abf0ce85
517,680df59a6a47f5f206780799,1o6tl,에그마용,너무 맛있어요!,,2025-04-27 07:50:23,37792495,장인닭갈비 강남점,naver,c120eb07-fe13-4515-875e-02a4abf0ce85
518,680dfed5214e20bbf344e072,30e8L,다4477,"정말맛있어요👍🏻👍🏻👍🏻
자리에서 끓여먹지 않아도 돼서 편하네용",,2025-04-27 07:50:18,37792495,장인닭갈비 강남점,naver,c120eb07-fe13-4515-875e-02a4abf0ce85
519,680dfe5c93c4c4f35a439ab7,1pWhM,김시11,매콤달콤한 양념이 잘 배어든 닭갈비는 정말 맛있습니다.  쫄깃한 닭고기와 신선한 채소의 조화는 입안 가득 풍미를 더합니다.  특히 뜨겁게 달궈진 철판 위에서 지글지글 익어가는 소리는 식욕을 자극합니다.  함께 볶아진 떡과 고구마는 닭갈비의 맛을 더욱 풍부하게 해줍니다.  볶음밥을 위해 남겨둔 양념에 밥을 볶아 먹는 것도 빼놓을 수 없는 즐거움입니다.  고소한 김가루와 참기름 향이 더해져 마지막 한 숟가락까지 완벽한 마무리를 선사합니다.  든든하고 맛있는 한 끼 식사로 닭갈비는 언제나 좋은 선택입니다.  다음에도 꼭 다시 먹고 싶은 생각이 듭니다.,,2025-04-27 07:50:18,37792495,장인닭갈비 강남점,naver,c120eb07-fe13-4515-875e-02a4abf0ce85
520,680e0c4a61875494cebf3d00,djcoJ,dae****,오랜만에 강남역에 와서 먹었는데 맛있게 먹았어요!,,2025-04-27 07:48:44,37792495,장인닭갈비 강남점,naver,c120eb07-fe13-4515-875e-02a4abf0ce85
521,680e0836794dedb8c8f45144,9P1Yj,gsw****,양이 많고 데이트할 때 간단하게 먹기 좋은거같아요 음식도 빠르게 나오고 직원분이 너무 친절하셔서 좋았어요 사람은 많았는데 웨이팅 없이 바로 들어왔습니다!!,,2025-04-27 07:43:12,37792495,장인닭갈비 강남점,naver,c120eb07-fe13-4515-875e-02a4abf0ce85
522,680e0b32315f752ae43c8353,6gqen,이현욱850,음식이 맛있고 직원분들이 엄청 친절해요!,,2025-04-27 07:41:05,37792495,장인닭갈비 강남점,naver,c120eb07-fe13-4515-875e-02a4abf0ce85
523,680e09f0f18e8d2ab44acfd3,3zmZy,베아42,빨리나오고 양도 많아서 추천합니다. 기본적으로 양배추와 닭갈비만 나와서 추가로 시키셔야 해요. 저희는 기본에 우동치즈만 추가해서 잘 먹었습니다🤤,,2025-04-27 07:41:05,37792495,장인닭갈비 강남점,naver,c120eb07-fe13-4515-875e-02a4abf0ce85
524,680e09e64c25da7c475385e7,3XMVt,bbhjeong92,넘맛있어요!!,,2025-04-27 07:41:05,37792495,장인닭갈비 강남점,naver,c120eb07-fe13-4515-875e-02a4abf0ce85
525,680e17d72726dff14edf51ab,bwqcy,cjy****,여친과 데이트하다가 배고파서 들어왔는데 강남역 맛집이였네요! 정말 맛있게 잘 먹었습니다,,2025-04-27 07:33:48,37792495,장인닭갈비 강남점,naver,c120eb07-fe13-4515-875e-02a4abf0ce85
526,680e17a56f8953ca94819eb1,a7Ago,지혜5112,"짱 맛있어욥 👍🏻
남친이랑 저번주 시험 빡세게 보고 스트레스 풀러 왔다가
저녁으로 택한 닭갈비 ! 
후회 없는 선택인 것 같습니다.
둘다 대학생이라 돈이 없는데 흑흑
가성비 좋고 양도 많아서 둘이서 배부르게 먹고 가요 🥰
시험 스트레스 쫙 빼고 든든한 고기랑 치즈 먹으며
다음주 시험 또 준비 하러 갑니다 호호
오늘 엄청 즐겁게 보낸 하루에 닭갈비로 마무리 하니까
맛깔나네여 😎
시험 스트레스로 예민한 대학생이 요집은 자신있게 추천합니다 🩷",,2025-04-27 07:33:48,37792495,장인닭갈비 강남점,naver,c120eb07-fe13-4515-875e-02a4abf0ce85
527,680e164410e16bc8afebb657,8vJyH,김367,강남역 닭갈비 맛집입니다! 세트메뉴로 시키면 사리와 함께 더욱 맛있게 먹을 수 있습니다~!,,2025-04-27 07:31:51,37792495,장인닭갈비 강남점,naver,c120eb07-fe13-4515-875e-02a4abf0ce85
528,680de5066f8953ca945bf152,1Jpvp,tlrksvy123478,,,2025-04-27 07:09:55,37792495,장인닭갈비 강남점,naver,c120eb07-fe13-4515-875e-02a4abf0ce85
529,680de70e3bbe67368710fa62,bxT3M,김재표31,가격대비해서 양도 적당하고 맛있게 잘 먹었습니다!,,2025-04-27 07:06:32,37792495,장인닭갈비 강남점,naver,c120eb07-fe13-4515-875e-02a4abf0ce85
530,680dda3513ffde898fc86d3f,4kziB,Isaac Jeong,강남역 닭갈비 중 가성비 최고입니다!!,,2025-04-27 07:06:32,37792495,장인닭갈비 강남점,naver,c120eb07-fe13-4515-875e-02a4abf0ce85
531,680de2acae06210749fc2ef7,2Z4Xe,대한민국81,너무나 맛있는 닭갈비 가족들과 힘께 질 먹었습니다~~!!,,2025-04-27 06:53:42,37792495,장인닭갈비 강남점,naver,c120eb07-fe13-4515-875e-02a4abf0ce85
532,680df41c360356655395b107,1df9T,냐미냠71,넘넘 마싯서용 !6시 전에오니 웨이팅없이 바로 입장했어요,,2025-04-27 06:25:00,37792495,장인닭갈비 강남점,naver,c120eb07-fe13-4515-875e-02a4abf0ce85
533,680de48aae715dff8e483839,4nSx9,ㅅㅇㅎ74,,,2025-04-27 06:16:04,37792495,장인닭갈비 강남점,naver,c120eb07-fe13-4515-875e-02a4abf0ce85
534,680de7590070b3ef1dc72fe9,2W0Ga,헤헤헤헤ㅔㅎ,강남 올 때 자주 들리고 있어요 닭갈비 촉촉하고 맛있습니다 치즈도 낭낭하게 줘요💕 주말 저녁이지만 일찍 오니 웨이팅 없어서 좋아용,,2025-04-27 06:03:59,37792495,장인닭갈비 강남점,naver,c120eb07-fe13-4515-875e-02a4abf0ce85
535,680de75074c708c101a0834e,4DWOw,코코코눈입,,,2025-04-27 06:03:59,37792495,장인닭갈비 강남점,naver,c120eb07-fe13-4515-875e-02a4abf0ce85
536,680de742338c191b662faab6,3v2cc,나나22,"항상 맛있고 직원분들도 친절해요 ㅎㅎ 
강남 올 때마다 자주 오게 되는 것 같아용",,2025-04-27 06:03:59,37792495,장인닭갈비 강남점,naver,c120eb07-fe13-4515-875e-02a4abf0ce85
537,680def3494e134e6d3737511,26yFs,최경애33,마있어요,,2025-04-27 05:45:16,37792495,장인닭갈비 강남점,naver,c120eb07-fe13-4515-875e-02a4abf0ce85
538,680decbe8f3e68b579f28dd0,2mFEm,24790,정말 맛있어요,,2025-04-27 05:45:16,37792495,장인닭갈비 강남점,naver,c120eb07-fe13-4515-875e-02a4abf0ce85
539,680de92e998f23489ab456ca,4YZXY,시비말고 13,너므 맛이써요 다음에도 토 먹고 싶어요 ㅎㅎ14ㄱ1,,2025-04-27 05:44:21,37792495,장인닭갈비 강남점,naver,c120eb07-fe13-4515-875e-02a4abf0ce85
540,680db9116df924da2f687530,30ups,강창한8,사리도 듬뿍 고기도 듬뿍 푸짐하게 맛있어요!,,2025-04-27 04:10:00,37792495,장인닭갈비 강남점,naver,c120eb07-fe13-4515-875e-02a4abf0ce85
541,680e12376228b7c23b6b811f,3JQ3P,wg60,야채 좋아하는데 양배추가 풍부해서 잘먹었어요!!,,2025-04-27 03:27:45,37792495,장인닭갈비 강남점,naver,c120eb07-fe13-4515-875e-02a4abf0ce85
542,680db9f8a9a079d05de0cc33,13QNI,af7****,맛있어요! 추천!,,2025-04-27 03:27:45,37792495,장인닭갈비 강남점,naver,c120eb07-fe13-4515-875e-02a4abf0ce85
543,680db72dae06210749d9a61e,8GtZ,윤푸푸닝,"잊지못하고  또 왔어요👍👍👍
역시 강남 맛집은 틀려요😆 직원들도 너무 친절하고 매장도 너무너무 깨끗해요 역시 틀려요 틀려
정착합니댜 닭갈비집 1등이에요😍👍👍👍",,2025-04-27 03:27:45,37792495,장인닭갈비 강남점,naver,c120eb07-fe13-4515-875e-02a4abf0ce85
544,680df8aef443f7d86ef34bcd,4f1rJ,정민희17,갑자기 닭갈비가 먹고싶어서 들어왔는데 완전 맛있어용 역시 사람이 많은 이유가 있네요 재방문 의사 200%입니당 ㅎㅎ,,2025-04-27 03:14:20,37792495,장인닭갈비 강남점,naver,c120eb07-fe13-4515-875e-02a4abf0ce85
545,680de43eec1f10168bd0f8d7,7wjfR,caluetit,"대기없이 먹었고 
진짜 맛있어요!",,2025-04-27 02:55:06,37792495,장인닭갈비 강남점,naver,c120eb07-fe13-4515-875e-02a4abf0ce85
546,680daf0b668ac2bd2e346393,4uk7h,Bleujay,,,2025-04-26 14:37:56,37792495,장인닭갈비 강남점,naver,c120eb07-fe13-4515-875e-02a4abf0ce85
547,680dae6430376f770b8a651a,i7Qq,루루1157,맛잇게잘먹었습니당,,2025-04-26 14:37:56,37792495,장인닭갈비 강남점,naver,c120eb07-fe13-4515-875e-02a4abf0ce85
548,680dae0c35b9a207c1d90414,3rz3V,돕바뒤 호랑이,맛있어요~~,,2025-04-26 14:37:56,37792495,장인닭갈비 강남점,naver,c120eb07-fe13-4515-875e-02a4abf0ce85
549,680de46de035d1088a3d54dc,1PneL,woo****,양도 많고 맛잇어요!!!,,2025-04-26 14:37:45,37792495,장인닭갈비 강남점,naver,c120eb07-fe13-4515-875e-02a4abf0ce85
550,680de028cf9d4feda10b70dc,4oMs9,HYSY,3인분인데 양이 정말 많았습니다! 치즈 양도 많고 모둠 사리도 시키기를 잘한 것 같아요! 직원분들의 서비스도 너무 좋아서 기분 좋게 먹었습니다!,,2025-04-26 14:37:45,37792495,장인닭갈비 강남점,naver,c120eb07-fe13-4515-875e-02a4abf0ce85
551,680dde476f6d6af8ac7b140f,4EWJ7,윤임기,믿고먹는 장인닭갈비입니다,,2025-04-26 14:37:45,37792495,장인닭갈비 강남점,naver,c120eb07-fe13-4515-875e-02a4abf0ce85
552,680da9c51c6722b96788281a,3vEnB,rla****,매번 올때마다 맛있게먹고 가는거같아요. 닭갈비는 장인닭갈비가 최고이긴합니다..👍,,2025-04-26 14:37:17,37792495,장인닭갈비 강남점,naver,c120eb07-fe13-4515-875e-02a4abf0ce85
553,680d9d8b085f71e93d242f95,1kT4x,초코4861,오늘처음왔는데 너무맛있고 매장도깔끔하네요. 너무좋네요,,2025-04-26 14:29:40,37792495,장인닭갈비 강남점,naver,c120eb07-fe13-4515-875e-02a4abf0ce85
554,680d9cbd98d833cfb5dac0d9,3jg0L,dbs****,"음식이 정말 맛있고 깔끔해요 !! 
다음에는 친구들이랑도 같이 와보려구요 :)",,2025-04-26 14:29:40,37792495,장인닭갈비 강남점,naver,c120eb07-fe13-4515-875e-02a4abf0ce85
555,680d9c71f3ed035899c86ad0,38sKL,키키7565,닭갈비는 여기로만 항상오는데 항상 맛있고 매장도 깔끔해서 좋아요 !!,,2025-04-26 14:29:40,37792495,장인닭갈비 강남점,naver,c120eb07-fe13-4515-875e-02a4abf0ce85
556,680dff8d4e67df0cd3e3376d,2szCb,glaenzend,N번째 방문중인 강남역 장인 닭갈비….가성비 최고…볶음밥까지 야무지게 먹고 갑니당,,2025-04-26 14:29:14,37792495,장인닭갈비 강남점,naver,c120eb07-fe13-4515-875e-02a4abf0ce85
557,6811fa1dc23ab6505b624cd5,53Hej,OvO37,"양도 알차고 둘이 먹고 배 터진 상태로 나왔습니다,,, 🤭

직원분들도 다 친절하셔서 기분 좋은 한끼였어요 ㅎㅎ",,2025-04-26 14:26:16,37792495,장인닭갈비 강남점,naver,c120eb07-fe13-4515-875e-02a4abf0ce85
558,680dae4995b7a9777cc3e115,a17ki,리미트83,강남역닭갈비 완전 맛집입니다! 친구와 부담 없이 한 끼 하기 좋아요❤️,,2025-04-26 14:26:16,37792495,장인닭갈비 강남점,naver,c120eb07-fe13-4515-875e-02a4abf0ce85
559,680dc0a02e7b2418326b0abd,4un9g,9ayoen,"예전부터 오고 싶었는데 양도 많고 너무 맛있어요! 
기대 이상!!",,2025-04-26 14:15:17,37792495,장인닭갈비 강남점,naver,c120eb07-fe13-4515-875e-02a4abf0ce85
560,680db7d1b9bd9b20d279c36a,2bOIdF,raonmood,닭갈비도 맛있지만 일단 신선한 야채와 샐러드가 무한리필이라는 점이 너무 좋아요. 요즘 야채 비싼데 여기는 최고네요 굿굿,,2025-04-26 14:15:17,37792495,장인닭갈비 강남점,naver,c120eb07-fe13-4515-875e-02a4abf0ce85
561,680dbbe8060559c723aaefaf,arFct,ibh****,음식도 맛있고 직원분들 친절하고 좋아요!!!,,2025-04-26 14:10:03,37792495,장인닭갈비 강남점,naver,c120eb07-fe13-4515-875e-02a4abf0ce85
562,680dbac46f21a9c8a1fec947,1oBaD,GhostZero,"맛있게 잘먹었습니다.
감사합니다.",,2025-04-26 14:10:03,37792495,장인닭갈비 강남점,naver,c120eb07-fe13-4515-875e-02a4abf0ce85
563,680da34022809e5ddf21dac0,1YJ8u,eli****,"닭갈비 맛나용^_^
볶음밥도 먹을꺼에용 ㅎㅎㅎ 🥰🥰💕",,2025-04-26 14:10:03,37792495,장인닭갈비 강남점,naver,c120eb07-fe13-4515-875e-02a4abf0ce85
564,680e097ba8376967146d1c70,aSMwl,07d****,고기 질이 아주 싹싹김치,,2025-04-26 13:58:33,37792495,장인닭갈비 강남점,naver,c120eb07-fe13-4515-875e-02a4abf0ce85
565,680db69919720f83eeb4c56f,4Zhbm,자유로운 나,"친구들이랑 먹으로 왔는데 역시 맛있습니다.
번창하세요!!
심플 s 베스트 굿",,2025-04-26 13:58:33,37792495,장인닭갈비 강남점,naver,c120eb07-fe13-4515-875e-02a4abf0ce85
566,680db2b856f80cb3be9b379d,8PuHj,이시학,맛있어요,,2025-04-26 13:58:33,37792495,장인닭갈비 강남점,naver,c120eb07-fe13-4515-875e-02a4abf0ce85
567,680dc24d30376f770b9b6e03,48a9U,김광용64,정말 맛있어요!!!,,2025-04-26 13:53:27,37792495,장인닭갈비 강남점,naver,c120eb07-fe13-4515-875e-02a4abf0ce85
568,680dc154ba17aa7d8704e384,azwAl,모모6961,맛있어용,,2025-04-26 13:53:27,37792495,장인닭갈비 강남점,naver,c120eb07-fe13-4515-875e-02a4abf0ce85
569,680db2c955fa5ff875b08dd3,e5C6Q,lee****,,,2025-04-26 13:53:27,37792495,장인닭갈비 강남점,naver,c120eb07-fe13-4515-875e-02a4abf0ce85
570,680d968299a98a9a48849cb9,d0t7d,써니브이브이,,,2025-04-26 13:53:27,37792495,장인닭갈비 강남점,naver,c120eb07-fe13-4515-875e-02a4abf0ce85
571,680dae3c3bf14daecb50dcbc,6aZ57,홍다인3,양도 많고 맛있고 친절한 직원분들이 있어서 좋아요! 강남에서 무난하게 밥 먹을 곳으로 추천드립니다ㅎㅎ,,2025-04-26 13:47:12,37792495,장인닭갈비 강남점,naver,c120eb07-fe13-4515-875e-02a4abf0ce85
572,680dcad577f12e5a1ec28051,1lRFz,시아오핑,,,2025-04-26 13:46:11,37792495,장인닭갈비 강남점,naver,c120eb07-fe13-4515-875e-02a4abf0ce85
573,680cd714ea66a9a27dd934cf,6fDOp,현진659,,,2025-04-26 12:46:17,37792495,장인닭갈비 강남점,naver,c120eb07-fe13-4515-875e-02a4abf0ce85
574,680cd6fc4eba4570382e1a05,7BKoz,잉580,양도 많고 가성비 좋아요 ! 맛있습니다,,2025-04-26 12:44:19,37792495,장인닭갈비 강남점,naver,c120eb07-fe13-4515-875e-02a4abf0ce85
575,680cc440a3375600d1c896b7,3RudM,dmsww,강남역 맛집입니다 ㅎㅎ 좋아요,,2025-04-26 11:29:00,37792495,장인닭갈비 강남점,naver,c120eb07-fe13-4515-875e-02a4abf0ce85
576,680d96ec2cbe0f7beaf8bd2c,aeEcL,rla****,맛있고 친절해요!!👍👍,,2025-04-26 10:47:48,37792495,장인닭갈비 강남점,naver,c120eb07-fe13-4515-875e-02a4abf0ce85
577,680d96ea1544c4e4454ae8d7,4uwfr,호랑이2635,닭갈비 좋아해서 여러번 방문중입니다! 맛있고 친절합니다!,,2025-04-26 10:47:33,37792495,장인닭갈비 강남점,naver,c120eb07-fe13-4515-875e-02a4abf0ce85
578,680df6f23bbe6736871de48a,3RCbh,Zin28,친구가 추천해서 왔는데 너무 맛있어요,,2025-04-26 10:47:21,37792495,장인닭갈비 강남점,naver,c120eb07-fe13-4515-875e-02a4abf0ce85
579,680e09ea8f246437149fcc33,6dfAG,myl****,고기가 맛있어요~,,2025-04-26 10:47:11,37792495,장인닭갈비 강남점,naver,c120eb07-fe13-4515-875e-02a4abf0ce85
580,680cda9ec0da3387c4636bc9,dsnzi,예진585,너무 맛있어용🩷🩷,,2025-04-26 10:44:58,37792495,장인닭갈비 강남점,naver,c120eb07-fe13-4515-875e-02a4abf0ce85
581,680cba1c42342cc8a3e5c2c9,5TD02,gm****,맛있게 잘 먹었어요~!,,2025-04-26 10:43:05,37792495,장인닭갈비 강남점,naver,c120eb07-fe13-4515-875e-02a4abf0ce85
582,680cb9cf292231cc6a477728,5weBv,혜 듄,"닭갈비 4인분에 모짜렐라+떡+당면 추가해서 먹었어요 ㅎㅎ 가성비도 너무 좋고 직원분들도 친절해서 좋았습니다!! 치즈 추가해서 먹으니까 더 맛있는 것 같아요~
재방문 의사 있습니다 !!! 😍",,2025-04-26 10:36:59,37792495,장인닭갈비 강남점,naver,c120eb07-fe13-4515-875e-02a4abf0ce85
583,680cb95458923412bf403ee6,a8VTg,xow****,"멋이 기가맥히고 코가 맥힙니다
종업원분들도 상당히 친절하세요",,2025-04-26 10:36:59,37792495,장인닭갈비 강남점,naver,c120eb07-fe13-4515-875e-02a4abf0ce85
584,680cb93eaea73d4c0dbbdfab,45BkM,mmiinnjjji,강남역 맛집이에요 !!!,,2025-04-26 10:36:59,37792495,장인닭갈비 강남점,naver,c120eb07-fe13-4515-875e-02a4abf0ce85
585,680cb9137dbb265a08a21165,8vojX,eoe****,닭갈비중에 탑이에요 잘먹었습니다,,2025-04-26 10:36:59,37792495,장인닭갈비 강남점,naver,c120eb07-fe13-4515-875e-02a4abf0ce85
586,680cb7645db9d8c18c672c9d,8zClW,이가언77,"맛있어요
역시 장인닭갈비
양도 푸짐하네요 굿굿~!",,2025-04-26 10:36:00,37792495,장인닭갈비 강남점,naver,c120eb07-fe13-4515-875e-02a4abf0ce85
587,680cb7afc46db7a9c4bfc4c1,3RChS,하루4364,음식 너무 맛있게 잘 먹고 가요!!! 닭갈비 집 강추입니다!,,2025-04-26 10:13:25,37792495,장인닭갈비 강남점,naver,c120eb07-fe13-4515-875e-02a4abf0ce85
588,680cb2af382fd184cb5d4b47,96R01,lyn****,맛있어요!!,,2025-04-26 10:05:54,37792495,장인닭갈비 강남점,naver,c120eb07-fe13-4515-875e-02a4abf0ce85
589,680cb2a6ba9070a359bb0ad6,7lvsR,ckd****,맛있러요 ㅠㅠ̑̈ ㅠ̑̈ ㅠ̑̈ ㅠ̑̈,,2025-04-26 10:05:54,37792495,장인닭갈비 강남점,naver,c120eb07-fe13-4515-875e-02a4abf0ce85
590,6811f74f9dc2194a76344038,2NNjK,김다은73,닭갈비만 아니라 치즈양도 많아서 치즈러버로서 너무 만족스러웠습니다. 매운 거 땡길 때 최고예요! 맵기 선택 가능해서 약간 맵찔한 남친 위해 중간으로 먹었는데 심심하지 않고 적절히 매웠던 것 같아요! 저녁이면 사람들이 꽉찰 정도로 맛집이네요!,,2025-04-26 09:50:30,37792495,장인닭갈비 강남점,naver,c120eb07-fe13-4515-875e-02a4abf0ce85
591,680cb46ebc093e918fb49aeb,2TpDE,nㅁn,너무 맛있어요! 두번째 방문인데 담에 또 와야겠습니다!!!,,2025-04-26 09:44:39,37792495,장인닭갈비 강남점,naver,c120eb07-fe13-4515-875e-02a4abf0ce85
592,680cb451e574d2fea52e0d44,2CR7q,이장54,왕 맛있어요,,2025-04-26 09:44:39,37792495,장인닭갈비 강남점,naver,c120eb07-fe13-4515-875e-02a4abf0ce85
593,6812085380061a6886b2c549,5q8zy,조소연25,친절하고 맛잇어요 강남맛집으로 편하게 방문 가능한 곳!,,2025-04-26 09:42:30,37792495,장인닭갈비 강남점,naver,c120eb07-fe13-4515-875e-02a4abf0ce85
594,680cbb02400521f4934d9b3b,2vXJg,나야나4837,맛있게 잘 먹었습니다!,,2025-04-26 09:42:22,37792495,장인닭갈비 강남점,naver,c120eb07-fe13-4515-875e-02a4abf0ce85
595,680cd866062f7bb08ce7b9f5,40Mr3,joror,맛있어요,,2025-04-26 09:39:01,37792495,장인닭갈비 강남점,naver,c120eb07-fe13-4515-875e-02a4abf0ce85
596,680cb328d9f08b33b205624a,9b8e6,Wlsl92,맛나요~,,2025-04-26 09:32:48,37792495,장인닭갈비 강남점,naver,c120eb07-fe13-4515-875e-02a4abf0ce85
597,680df6990689b99ac7abd36f,5WKsa,Sandra54,맛있습니다!,,2025-04-26 09:15:00,37792495,장인닭갈비 강남점,naver,c120eb07-fe13-4515-875e-02a4abf0ce85
598,680ca501a5631baef92c6a6c,2gekx,행복한 설이,영화보기 전에 남편이랑 최애 메뉴 먹으러 왔어요~!~! 늘 한결같이 맛있음 🥹 최근에 매장 많아져서 더 좋아요😃,,2025-04-26 09:14:00,37792495,장인닭갈비 강남점,naver,c120eb07-fe13-4515-875e-02a4abf0ce85
599,680cb09421d86ca698645c09,elUnu,sir****,음식이 빨리나오고 맛있어요^^,,2025-04-26 09:12:23,37792495,장인닭갈비 강남점,naver,c120eb07-fe13-4515-875e-02a4abf0ce85
600,680cb180b423ebf8b3dba6eb,66ag6,뽀로로840,너무 맛있게 잘 먹었어요~,,2025-04-26 09:06:14,37792495,장인닭갈비 강남점,naver,c120eb07-fe13-4515-875e-02a4abf0ce85
601,680ca26151817dd2ff52e631,4M8lB,김태건47,최고의 강남 맛집,,2025-04-26 09:06:14,37792495,장인닭갈비 강남점,naver,c120eb07-fe13-4515-875e-02a4abf0ce85
602,680ca25df8e9b3ad92401001,4x9Eu,피아노노,good,,2025-04-26 09:05:25,37792495,장인닭갈비 강남점,naver,c120eb07-fe13-4515-875e-02a4abf0ce85
603,680ca3f4f98d7cb5b424cdfd,6FocB,yun****,맛있어요!!!!!!!!!,,2025-04-26 09:02:21,37792495,장인닭갈비 강남점,naver,c120eb07-fe13-4515-875e-02a4abf0ce85
604,680ca2ab5d9a9dbbad4d5c1c,2AquY,j49,"토요일인데 바로 들어와서 기다리며 주문으로 로테이션 빠르고 여기만에 소스로 다시 오고 싶은 닭갈비 꼭꼭 볶음밥까지 먹으면 최고입니다 👍👍
다음에도 오고 싶은 곳이에요",,2025-04-26 08:59:34,37792495,장인닭갈비 강남점,naver,c120eb07-fe13-4515-875e-02a4abf0ce85
605,680cb766062f7bb08cce1204,6SYwf,멍멍굿,닭갈비가 제 방만해요,,2025-04-26 08:42:56,37792495,장인닭갈비 강남점,naver,c120eb07-fe13-4515-875e-02a4abf0ce85
606,680cb75d307f7579e5109641,ebdWh,nno****,맛맛맛맛맛맛이어요요,,2025-04-26 08:42:56,37792495,장인닭갈비 강남점,naver,c120eb07-fe13-4515-875e-02a4abf0ce85
607,680c9c177b3cd60b7b033b5d,6QTXC,yoo****,양많고 맛도 있고 리뷰도있고 잘먹고갑니다,,2025-04-26 08:33:18,37792495,장인닭갈비 강남점,naver,c120eb07-fe13-4515-875e-02a4abf0ce85
608,680cadca7cc7070a0b358adc,2Skh5,정희경53,"노랑치즈와 황금빛닭갈비의 조화
3년만에 대기타고 들어올수있었던
맛집~~강남역 11번출구서 조금만
걸어오면~바로~~%#♡
너무 먹고싶었던~메뉴입니다.
드디어~짜잔~~~♡
입속에 한입~~와우~~짜지않고
부드럽게 ~정말 맛이 좋아요~^^
담에도 줄서서라도 다시 와야겠어요",,2025-04-26 08:18:57,37792495,장인닭갈비 강남점,naver,c120eb07-fe13-4515-875e-02a4abf0ce85
609,680c992802e03b45bc128fd3,5OMR8,하노네아,강남 들렀다가 방문했어요 ! 양도 많고 맛있습니다 닭갈비 먹고 싶은 분들은 방문해보세요 !!,,2025-04-26 08:17:04,37792495,장인닭갈비 강남점,naver,c120eb07-fe13-4515-875e-02a4abf0ce85
610,680c92353bbe673687583aca,4bAp4,5잉잉,매운거 못 먹어서 순한맛 시켰는데 중간맛 시켜도 될거같아요 달달하고 양도 많아서 너무 맛있어용,,2025-04-26 07:42:55,37792495,장인닭갈비 강남점,naver,c120eb07-fe13-4515-875e-02a4abf0ce85
611,680c909badd7e731a1943a47,dowev,탱2670,맛잇어용,,2025-04-26 07:40:48,37792495,장인닭갈비 강남점,naver,c120eb07-fe13-4515-875e-02a4abf0ce85
612,680c912da6e78fb862ecedca,Lc7d,홀리데이26,닭갈비 너무 맛있어요,,2025-04-26 07:38:54,37792495,장인닭갈비 강남점,naver,c120eb07-fe13-4515-875e-02a4abf0ce85
613,680c8d68a212a74ba3da23b7,3H82Q,후아아하아암,"오랜만의 닭갈빈데 역시 존맛!
4시 반이면 애매한 시간인데 사람 많네.
잘먹었슴미다",,2025-04-26 07:21:12,37792495,장인닭갈비 강남점,naver,c120eb07-fe13-4515-875e-02a4abf0ce85
614,680c8c752b7b644ef38eb044,9TvIN,Cutefoood,"오랜맠에
닭갈비 먹으로 왔어요 
친절하시고 음식도 맛있어요",,2025-04-26 07:21:12,37792495,장인닭갈비 강남점,naver,c120eb07-fe13-4515-875e-02a4abf0ce85
615,680c89062b4cf7e8c4e88e77,20Yaz,qwqwqw84,"푸짐하고 맛있어요!!! 양념이 진짜 맛있네요
재방문할거같아오!!!",,2025-04-26 07:09:17,37792495,장인닭갈비 강남점,naver,c120eb07-fe13-4515-875e-02a4abf0ce85
616,680c8674617f09caeb4cc9c8,98cIM,유675,맛있어요,,2025-04-26 07:02:51,37792495,장인닭갈비 강남점,naver,c120eb07-fe13-4515-875e-02a4abf0ce85
617,680c7eae26321f30c58ad1ea,12zO9,dbw****,맛있게 잘먹었습니다! 중간맛도 매콤해요!,,2025-04-26 06:08:52,37792495,장인닭갈비 강남점,naver,c120eb07-fe13-4515-875e-02a4abf0ce85
618,680dca605977381c8f1c13ae,2dgPS,gui****,벌써 몇번째 오는 곳인데 다 친절하시고 맛있어요👍,,2025-04-26 06:05:00,37792495,장인닭갈비 강남점,naver,c120eb07-fe13-4515-875e-02a4abf0ce85
619,680c69beac649e1cef1ba54a,4gQSc,그럴싸한데12,,,2025-04-26 04:55:43,37792495,장인닭갈비 강남점,naver,c120eb07-fe13-4515-875e-02a4abf0ce85
620,680c7320b6d9de6c85dbabe1,1CoUf,녹차맛삼다도4,닭갈비 강남점 맛집,,2025-04-26 04:36:03,37792495,장인닭갈비 강남점,naver,c120eb07-fe13-4515-875e-02a4abf0ce85
621,680c8efc26db1533352e25ec,3WGUN,werijslfjd,맛있어요!!,,2025-04-26 04:34:40,37792495,장인닭갈비 강남점,naver,c120eb07-fe13-4515-875e-02a4abf0ce85
622,680c8ee86b745e1a916a571f,3bL8K,병용42,너무 맛있어요,,2025-04-26 04:34:40,37792495,장인닭갈비 강남점,naver,c120eb07-fe13-4515-875e-02a4abf0ce85
623,680c95a122f47bec50b16d97,1Yj3Y,할수있다6928,맛있게 잘 먹었습니다. 치즈도 맛나네요^^,,2025-04-26 04:34:05,37792495,장인닭갈비 강남점,naver,c120eb07-fe13-4515-875e-02a4abf0ce85
624,680c921034faa0eb1f139331,5QHlc,서현56,넘 맛있어요!!또올게요,,2025-04-26 04:33:35,37792495,장인닭갈비 강남점,naver,c120eb07-fe13-4515-875e-02a4abf0ce85
625,680c5e28528b1f7665ee5ef0,3kXOV,옹선,맛있어요 추천합니당!,,2025-04-26 04:06:56,37792495,장인닭갈비 강남점,naver,c120eb07-fe13-4515-875e-02a4abf0ce85
626,680c5e15c431e5d621958a91,2cf1fQ,스위타,너무 맛있어요!!! 회전율 좋아 웨이팅 길지않습니다.,,2025-04-26 04:06:56,37792495,장인닭갈비 강남점,naver,c120eb07-fe13-4515-875e-02a4abf0ce85
627,680c5d373e4a70e7e8c8e1de,1AlZm,sum****,맛과 비주얼 다 훌륭해요,,2025-04-26 03:49:35,37792495,장인닭갈비 강남점,naver,c120eb07-fe13-4515-875e-02a4abf0ce85
628,680c5cdde1f0fe1945d232b1,2PYv9,최송아51,너무 맛있어여.,,2025-04-26 03:49:35,37792495,장인닭갈비 강남점,naver,c120eb07-fe13-4515-875e-02a4abf0ce85
629,680c963e69a775165063213b,1K3f8,yoy****,넓고 쾌적해요. 음식맛도 좋구요. 셀프바 이용해서 야채와 반찬도 자유롭게 먹을 수 있어요!! 재방문의사 많음!,,2025-04-26 03:34:49,37792495,장인닭갈비 강남점,naver,c120eb07-fe13-4515-875e-02a4abf0ce85
630,680c692ec07edddaefdf9c3c,2cdVZ,뽀로로4463,가게 회전률도 빠르고 음식도 맛있어용!,,2025-04-26 03:34:49,37792495,장인닭갈비 강남점,naver,c120eb07-fe13-4515-875e-02a4abf0ce85
631,680c6926a3375600d17e9f0b,48FEk,sar****,맛있어요!,,2025-04-26 03:34:49,37792495,장인닭갈비 강남점,naver,c120eb07-fe13-4515-875e-02a4abf0ce85
632,680c58d59dab4fcbe1e1af05,1xFRA,MIN66,"처음왔는데 강남물가치고 저렴하고
맛있어요!",,2025-04-26 03:23:34,37792495,장인닭갈비 강남점,naver,c120eb07-fe13-4515-875e-02a4abf0ce85
633,680c98b6c07edddaef05046b,6dsPU,미미2306,너무 맛있게 잘 먹었어요!!,,2025-04-26 03:22:45,37792495,장인닭갈비 강남점,naver,c120eb07-fe13-4515-875e-02a4abf0ce85
634,680c6bd972a7520baf9b27b2,4UfSA,CEOYoon,저번에도 와서 맛있어서 강남역 오면 꼭 들르는 장인닭갈비 강남점입니다~~!! 신기하게 다른지점보다 강남지점이 유독 더 맛나요~!!,,2025-04-26 03:22:45,37792495,장인닭갈비 강남점,naver,c120eb07-fe13-4515-875e-02a4abf0ce85
635,680c7324d039f29789dfc1a5,24ZxR,태풍성은나라92,,,2025-04-26 03:21:12,37792495,장인닭갈비 강남점,naver,c120eb07-fe13-4515-875e-02a4abf0ce85
636,680c978c316d999b9a29672e,1C51h,케이트3624,"너무너무 맛있어요~~
강남에서 닭갈비 하면 오로지 장인닭갈비!",,2025-04-26 03:20:58,37792495,장인닭갈비 강남점,naver,c120eb07-fe13-4515-875e-02a4abf0ce85
637,680c904f767817eeac72dcab,4Z5Oq,머메이두,"오랜만에 오는데 맛 그대로 너무 맛있어요ㅠㅠㅠ
남친도 오길 잘했다고 말해줘서 기분 째지네용!!
다음에 또 방문 할게용~~",,2025-04-26 03:18:40,37792495,장인닭갈비 강남점,naver,c120eb07-fe13-4515-875e-02a4abf0ce85
638,680c8e68c44d804c30b88c1c,bEZhZ,upa****,가성비좋고 너무 맛있어요!!!! 재방문 의사 있습니다🩷,,2025-04-26 03:17:10,37792495,장인닭갈비 강남점,naver,c120eb07-fe13-4515-875e-02a4abf0ce85
639,680c698acf3f526f89c84eba,2MvDz,happyface,양이 많고 맛있어요,,2025-04-26 02:46:06,37792495,장인닭갈비 강남점,naver,c120eb07-fe13-4515-875e-02a4abf0ce85
640,680c4fcd3190e0875848ca51,3IPTP,Mk981109,맛있게 잘 먹었습니다 양도 많고 비주얼도 좋아요,,2025-04-26 02:46:06,37792495,장인닭갈비 강남점,naver,c120eb07-fe13-4515-875e-02a4abf0ce85
641,680c7f0f1790cb94ce9a6d93,78JxJ,먹어조중한명,중간맛도 조금 매콤하고 전체적으로 맛있어요!,,2025-04-26 02:41:45,37792495,장인닭갈비 강남점,naver,c120eb07-fe13-4515-875e-02a4abf0ce85
642,680c7f0b1b851438d93c75d9,4grgV,조수아2385,여자친구랑 맛있게 잘 먹고 갑니다!,,2025-04-26 02:41:45,37792495,장인닭갈비 강남점,naver,c120eb07-fe13-4515-875e-02a4abf0ce85
643,680c69ad78362ad20c3436d8,1XFhK,mndjsk,visit here all the time nice place close to gangnam station,,2025-04-26 02:41:45,37792495,장인닭갈비 강남점,naver,c120eb07-fe13-4515-875e-02a4abf0ce85
644,680dd6eb881ea4553ccc731e,317cL,ms****,너무 맛있게 잘먹었습니다!! 양도 많고 맛도 좋아서 담에 또 방문할게요~,,2025-04-26 02:11:29,37792495,장인닭갈비 강남점,naver,c120eb07-fe13-4515-875e-02a4abf0ce85
645,680c40a708a98095e54c0760,9LIBT,인간99,"조리돼서 나오니까 좋네요
양 왤케 많지 숨이 턱 막힘 ㅋㅋ 배고프굼",,2025-04-26 02:05:21,37792495,장인닭갈비 강남점,naver,c120eb07-fe13-4515-875e-02a4abf0ce85
646,680c4161b869d574e3f7c975,bS69c,호시에984,"시험 끝나고 친구들이랑 놀러 먹으러 왔어요!
생각보다 양이 많아서 놀랐습니다(・`ω・´)
아주 맛있게 먹어주고 가겠어요!!",,2025-04-25 14:33:58,37792495,장인닭갈비 강남점,naver,c120eb07-fe13-4515-875e-02a4abf0ce85
647,680ca29c76c1c8f9cb9378e3,wJB1,에밀리758,"닭갈비랑 치즈 조합 너무 맛있어요. 가격도 비싸지 않고, 꼭! 치즈,떡,라면 사리 추가해서 드세요~ 맵기 조절도 가능해서 특히 더 좋았어요 :) 서비스 빠르고 주말에는 웨이팅이 있을 수 있으니 이른 저녁시간에 가시는걸 추천합니다!",,2025-04-25 14:32:34,37792495,장인닭갈비 강남점,naver,c120eb07-fe13-4515-875e-02a4abf0ce85
648,680ca25ed4bf40969c538dcc,3PrGQ,modunhill,"처음 방분했는데 이제까지 먹어본 닭갈비 중에 제일 맛있어요. 친절하시고 음식도 빨리 나와요
다음주에 또 올 예정이에요👍🏻",,2025-04-25 14:32:34,37792495,장인닭갈비 강남점,naver,c120eb07-fe13-4515-875e-02a4abf0ce85
649,680ca23ef22870d05abe85e1,2aWq0,seeyouy,너무 맛잇어요! 기다림도없이 먹엇어요~,,2025-04-25 14:32:34,37792495,장인닭갈비 강남점,naver,c120eb07-fe13-4515-875e-02a4abf0ce85
650,680c4117ea6c8764cc5a10c1,7CV9A,반장9530,맛있어요!!!,,2025-04-25 14:30:29,37792495,장인닭갈비 강남점,naver,c120eb07-fe13-4515-875e-02a4abf0ce85
651,680c40d51e72233b4230cab2,cGfRU,정다현11,,,2025-04-25 14:30:29,37792495,장인닭갈비 강남점,naver,c120eb07-fe13-4515-875e-02a4abf0ce85
652,680c478cbd9ebee58e7247d0,erKaQ,원정빈93,맛있어요 굿,,2025-04-25 14:22:39,37792495,장인닭갈비 강남점,naver,c120eb07-fe13-4515-875e-02a4abf0ce85
653,680c475f2a2ebb6d83bb2417,3GqvD,wld****,닭갈비랑 치즈가 너무 맛있었어요.,,2025-04-25 14:22:39,37792495,장인닭갈비 강남점,naver,c120eb07-fe13-4515-875e-02a4abf0ce85
654,680c46ffa60d8ad4d5fa7686,565xR,플레놈,너무 맛이있어요,,2025-04-25 14:22:39,37792495,장인닭갈비 강남점,naver,c120eb07-fe13-4515-875e-02a4abf0ce85
655,680c46b9f48ddf1302bf0207,4v9L9,히든651,음식이 친절해요,,2025-04-25 14:22:39,37792495,장인닭갈비 강남점,naver,c120eb07-fe13-4515-875e-02a4abf0ce85
656,680c46654073a1661f2e4e5b,1hKXX,거위99,구워져서 나와 바로 먹을 수있어좋아요 셀프바도 있고 맛있어요!,,2025-04-25 14:22:39,37792495,장인닭갈비 강남점,naver,c120eb07-fe13-4515-875e-02a4abf0ce85
657,680c469908a98095e55164ee,KCE5,citronchoi,기다리지 않고 바로 먹을 수 있어서 좋아요. 맛있어용👍🏻,,2025-04-25 14:19:59,37792495,장인닭갈비 강남점,naver,c120eb07-fe13-4515-875e-02a4abf0ce85
658,680c5d4fc431e5d62194f1a9,6w2LE,hon****,"아들이랑 왔는데, 맛있고 좋아용♡",,2025-04-25 14:19:43,37792495,장인닭갈비 강남점,naver,c120eb07-fe13-4515-875e-02a4abf0ce85
659,680c5c7db742bf5abcb32cee,1RKDD,hak****,"어머니랑 방문하였는데, 맛있고 너무 좋아용♡",,2025-04-25 14:19:43,37792495,장인닭갈비 강남점,naver,c120eb07-fe13-4515-875e-02a4abf0ce85
660,680c49f661aa8319c7814ace,2cCoa,tjg****,"강남역 닭갈비는 역시 장인닭갈비!!
너무 맛있고 서비스도 굿입니다!!",,2025-04-25 13:58:57,37792495,장인닭갈비 강남점,naver,c120eb07-fe13-4515-875e-02a4abf0ce85
661,680c49e067ac32787f2a1bfa,wlaY,seonhwa im,강남까지 와서 닭갈비냐 했는데 이거먹으러 강남 와도 될것같네요~~~ 동네였으면 진짜 자주왔을텐데 ㅜㅜ아쉽네요 치즈사리도 엄청 많이주고 닭갈비도 너무맛있숩니당,,2025-04-25 13:58:57,37792495,장인닭갈비 강남점,naver,c120eb07-fe13-4515-875e-02a4abf0ce85
662,680c63bd341941be03bc37bc,44ljV,lch****,짱 맛있어요!!!!,,2025-04-25 13:55:13,37792495,장인닭갈비 강남점,naver,c120eb07-fe13-4515-875e-02a4abf0ce85
663,680c474070dfef2fe5a0ac7f,4lh3F,mab****,맛있어요!,,2025-04-25 13:31:08,37792495,장인닭갈비 강남점,naver,c120eb07-fe13-4515-875e-02a4abf0ce85
664,680b8ef692c3373d0de55f31,6qxdk,fpd****,"양도 많고 맛도 너무 맛있어요
강남 자주 왔는데 이런곳을 이제 알다니ㅠㅠ
#강남역맛집",,2025-04-25 13:30:00,37792495,장인닭갈비 강남점,naver,c120eb07-fe13-4515-875e-02a4abf0ce85
665,680b8ee455fa5ff875547a45,3z5Oe,2345627,"양이 많아보이지만 사리 반, 고기 반입니다😭 중간맛도 조금 매워서 아예 매운걸 못드시면 순한맛으로 하세요!! 그냥 전체적으로 평범한 맛입니다~",,2025-04-25 13:28:55,37792495,장인닭갈비 강남점,naver,c120eb07-fe13-4515-875e-02a4abf0ce85
666,680c59952e8cae9d6e8042b3,5DdP3,오냡,장인닭갈비!‘ 맛집이라고 해서 왔는뎅 완전 맛있어요👍👍 추천추천! 다음에두 강남 올 때 와야겠어요🤍 마무리는 역시 볶음밥으로~😉,,2025-04-25 13:18:57,37792495,장인닭갈비 강남점,naver,c120eb07-fe13-4515-875e-02a4abf0ce85
667,680c6da54bd2fd3b4273f997,6n3Fj,kuh****,너무 맛있어요!!!! 양도 많아요!!,,2025-04-25 13:11:03,37792495,장인닭갈비 강남점,naver,c120eb07-fe13-4515-875e-02a4abf0ce85
668,680c476101a53cbf7ce3e02f,5Qlu7,달팽이543,나무 친절하시고 좋았어요,,2025-04-25 13:11:03,37792495,장인닭갈비 강남점,naver,c120eb07-fe13-4515-875e-02a4abf0ce85
669,680da67ac4bb4319914a784f,1aWaV,에르40,"치즈추가는 꼭 해드세요!
자주 오는 닭갈비집이에요
올때마다 직원분들도 다 친절하고 맛있어요!",,2025-04-25 13:09:58,37792495,장인닭갈비 강남점,naver,c120eb07-fe13-4515-875e-02a4abf0ce85
670,680c4daf7cc7070a0be95c15,sEkC,드롱이73,"아이들과 맛있게 먹을수 있습니다 야채도 싱싱하고 무엇보다 닭갈비 맛이 좋습니다.
마무리는 볶음밥",,2025-04-25 13:09:58,37792495,장인닭갈비 강남점,naver,c120eb07-fe13-4515-875e-02a4abf0ce85
671,680c8392a5fbf1f25e50201b,dW0Fc,Butter0,맛있어요~매장도 넓어서 좋아요,,2025-04-25 13:07:09,37792495,장인닭갈비 강남점,naver,c120eb07-fe13-4515-875e-02a4abf0ce85
672,680c82d9cfd0a905de3f2505,dKJBz,gbw****,양도 많고 맛있어요~,,2025-04-25 13:07:09,37792495,장인닭갈비 강남점,naver,c120eb07-fe13-4515-875e-02a4abf0ce85
673,680c819fb3423108d107d667,4w9YL,쀼령,첫번째 방문인데 너무 맛있고 양도 많았어요!!,,2025-04-25 13:07:09,37792495,장인닭갈비 강남점,naver,c120eb07-fe13-4515-875e-02a4abf0ce85
674,680b7ddb3a9ed1fddfda1252,3qcG0,와앙292671,야근 끝나고 겨우 먹는 저녁 ㅠㅠ 늦게까지 해줘서 고마워요~~ 닭갈비 맛있어요~~😆😆,,2025-04-25 12:11:23,37792495,장인닭갈비 강남점,naver,c120eb07-fe13-4515-875e-02a4abf0ce85
675,680b7dc0ce2d8eb3fb8cfa99,4YwwS,cho****,매콤하니 맛잇어요!,,2025-04-25 12:11:23,37792495,장인닭갈비 강남점,naver,c120eb07-fe13-4515-875e-02a4abf0ce85
676,680b71ee2912dbeb3cdc2f9a,4AsFs,cho****,너무 맛있네요~ 또 오겠습니다~,,2025-04-25 11:15:41,37792495,장인닭갈비 강남점,naver,c120eb07-fe13-4515-875e-02a4abf0ce85
677,680b71db6519eb81205fdc19,TwSP,MIKA76,강남역 맛집이라고 추천받아서 왔어요. 금요일 저녁이라 웨이팅이 좀 있었지만 순환이 빨라서 금방 앉았어요! 닭갈비는 조리가 다 된상태로 빨리 나왔고 지인짜 맛있습니다ㅠㅠ,,2025-04-25 11:15:41,37792495,장인닭갈비 강남점,naver,c120eb07-fe13-4515-875e-02a4abf0ce85
678,680ca9d4a3ba01bb803df8ad,5PYJi,asdasdqwe15,,,2025-04-25 09:39:00,37792495,장인닭갈비 강남점,naver,c120eb07-fe13-4515-875e-02a4abf0ce85
679,680b619e8e785004d6b901c5,8ydDZ,the****,"줄서서 먹는 맛집이예요
회전율 빠르고 맛있네요~",,2025-04-25 09:33:14,37792495,장인닭갈비 강남점,naver,c120eb07-fe13-4515-875e-02a4abf0ce85
680,680b568d160adebfd0de63cb,6b929,아윰윰,양도 많고 맛있어요!!! 면도 들어가서 더 맛있게 먹었어요~다음에도 방문하려구용ㅎㅎ,,2025-04-25 09:27:58,37792495,장인닭갈비 강남점,naver,c120eb07-fe13-4515-875e-02a4abf0ce85
681,680b7c8433ed7447404e269d,577CU,JeongEE,"볶음밥은 진짜 필수!
닭갈비 기본은 매운거 잘 드시는분은 정말 안매울거에요!
중간맛 시켰으면 살짝 매콤했을것 같다 싶네요

닭갈비 양도 진짜 많고 너무 맛있어요! 양념이 맛있으니까 볶음밥도 엄청 맛있어요 
볶음밥 치즈추가는 필수입니다 넘 맛있어요",,2025-04-25 09:27:48,37792495,장인닭갈비 강남점,naver,c120eb07-fe13-4515-875e-02a4abf0ce85
682,680b61ad3011c4d25e3fe653,14H1Q,ljn****,"좌석이 많아서 대기줄도 잘 빠지고
맛있게 잘 먹었습니다 ~",,2025-04-25 09:17:15,37792495,장인닭갈비 강남점,naver,c120eb07-fe13-4515-875e-02a4abf0ce85
683,680b7020cd05c64775291d76,4a0VX,우정2424,,,2025-04-25 09:07:55,37792495,장인닭갈비 강남점,naver,c120eb07-fe13-4515-875e-02a4abf0ce85
684,680b8cb211fd5836116ae878,cvZQD,꾸르륵7591,"정말 양이 많아요,,,2인이 한 3인 같은 느낌,, 그리고 정말 맛있어요!! 매장 분위기도 좋아요!!",,2025-04-25 09:00:24,37792495,장인닭갈비 강남점,naver,c120eb07-fe13-4515-875e-02a4abf0ce85
685,680b3569d3a722da6b548b17,6gTL3,고지밍,친구랑 방문하기 좋아여~~ 맛있어요,,2025-04-25 06:49:58,37792495,장인닭갈비 강남점,naver,c120eb07-fe13-4515-875e-02a4abf0ce85
686,680b34c42e40868220128366,2sW5X,보보스3,강남 오면 필수로 오는 장인 닭갈비 넘넘 맛있어용..!#강남역맛집,,2025-04-25 04:45:51,37792495,장인닭갈비 강남점,naver,c120eb07-fe13-4515-875e-02a4abf0ce85
687,680b34adb93a406cb2890535,bAPZH,new****,"진짜 너무너무 맛있네요👍🏻🫶🏻
강남 올때마다 방문해요
강남역 찐맛집‼️",,2025-04-25 04:45:51,37792495,장인닭갈비 강남점,naver,c120eb07-fe13-4515-875e-02a4abf0ce85
688,680b0a4f9c946cf6776353e7,3fuPD,slakd,맛있게 잘 먹었습니다!!,,2025-04-25 03:34:45,37792495,장인닭갈비 강남점,naver,c120eb07-fe13-4515-875e-02a4abf0ce85
689,680b1c4a45f5799cb0ffbd65,2Re3S,김명숙3,"강남역맛집
강남역 갈일 있을때마다 들르는곳이예여
너무 맛있어요",,2025-04-25 03:18:32,37792495,장인닭갈비 강남점,naver,c120eb07-fe13-4515-875e-02a4abf0ce85
690,680b05840e0b6487144976e7,67Zxn,Jeonjinwoo,맛있습니다.,,2025-04-25 02:47:31,37792495,장인닭갈비 강남점,naver,c120eb07-fe13-4515-875e-02a4abf0ce85
691,680b05802e40868220ec3fa3,6gh2U,Adam6656,맛있어서 자주와요 ^^!,,2025-04-25 02:47:31,37792495,장인닭갈비 강남점,naver,c120eb07-fe13-4515-875e-02a4abf0ce85
692,680b6e3a1a1ec2b810f0ad27,13jSE,hanil1222,근처올때마다 항상 먹고 가요! 강남 닭갈비 1등!!,,2025-04-25 02:47:20,37792495,장인닭갈비 강남점,naver,c120eb07-fe13-4515-875e-02a4abf0ce85
693,680b0e66489d76a6e5137584,2bxYGg,yea****,양도 많고 맛있어요!!,,2025-04-25 02:47:20,37792495,장인닭갈비 강남점,naver,c120eb07-fe13-4515-875e-02a4abf0ce85
694,680b0e34481cd936ea663e83,3FUsV,qwert7244,양도 많고 맛있어요!!!,,2025-04-25 02:47:20,37792495,장인닭갈비 강남점,naver,c120eb07-fe13-4515-875e-02a4abf0ce85
695,680b6870a6e80c618bd3a63a,7rqko,2토깽,"친구들과 또 방문했어요
역시 언제 먹어도 맛있는 장인닭갈비~~
강남오면 꼭 방문해요🔥",,2025-04-25 02:42:59,37792495,장인닭갈비 강남점,naver,c120eb07-fe13-4515-875e-02a4abf0ce85
696,680b68487e83ee893fbaad3e,4QJ3L,quokkaian,"평일 저녁에 조금 기다리고 먹었는데, 그 가치가 있는 곳입니다!",,2025-04-25 02:42:55,37792495,장인닭갈비 강남점,naver,c120eb07-fe13-4515-875e-02a4abf0ce85
697,680b6883743ed29e015446d4,5wVpT,찬영30,대기를 해도 빠르게 이용할 수 맛있어서 좋았습니다~,,2025-04-25 02:34:50,37792495,장인닭갈비 강남점,naver,c120eb07-fe13-4515-875e-02a4abf0ce85
698,680afe8434f08cb893170732,6oEoy,밍니112,"가성비 너무 좋고
너무 맛있어요!!",,2025-04-25 02:34:50,37792495,장인닭갈비 강남점,naver,c120eb07-fe13-4515-875e-02a4abf0ce85
699,680c46dc024183c6efcb102b,1FK4e,별종토끼81,"구워져서 나오니 금방 먹을 수 있어서 좋아요!  볶음밥까지 완전 맛있어요 > <
11시반에 왔는데도 거의 금방 자리가 차더라구요 역시 맛집!",,2025-04-25 02:30:00,37792495,장인닭갈비 강남점,naver,c120eb07-fe13-4515-875e-02a4abf0ce85
700,680b001bddb09a88452a7805,bvf5n,lee****,맛있습니다,,2025-04-24 13:50:50,37792495,장인닭갈비 강남점,naver,c120eb07-fe13-4515-875e-02a4abf0ce85
701,680cdfc27da1e154f8d80e7b,4Qi0y,미미나밍,너무 맛있어요 오랜만에먹어요,,2025-04-24 13:48:04,37792495,장인닭갈비 강남점,naver,c120eb07-fe13-4515-875e-02a4abf0ce85
702,680b103b96b4987b2097ec78,1toV2,삐뽀80,강남 장인닭갈비에서 닭갈비 점심세트 먹었는데 맛있었어요:),,2025-04-24 13:40:25,37792495,장인닭갈비 강남점,naver,c120eb07-fe13-4515-875e-02a4abf0ce85
703,680b0f8a694f5e5834c04464,1GwgS,충충주,"여기처음와봤는데 매장도 넓고 사람도 많아서
음식에 대한 기대감이 먼저 들었고 
가격도 1인분에  만2천원이여서
부담없이 먹을수 있었으며
제일 중요한 음식도 정말 맛있어서 다음에
또 오고 싶은 음식점이였습니다",,2025-04-24 13:28:29,37792495,장인닭갈비 강남점,naver,c120eb07-fe13-4515-875e-02a4abf0ce85
704,680b0e67f5e81a945e4c50fa,3D6Jt,yun****,"직원분들도 친절하고
음식도 너무 맜있어요 
강남 1번 맛집",,2025-04-24 13:25:06,37792495,장인닭갈비 강남점,naver,c120eb07-fe13-4515-875e-02a4abf0ce85
705,680b041d510b9502ff1e81b9,2d5lvG,gji****,음식이 맛있습니다!,,2025-04-24 13:23:57,37792495,장인닭갈비 강남점,naver,c120eb07-fe13-4515-875e-02a4abf0ce85
706,680b03fa524932778bfdef10,dZRxH,유은이 공주,평일 점심에 왔는데 사람이 많더라구요. 양도 푸짐하고 맛있었어요 잘 먹고 갑니다!,,2025-04-24 13:23:57,37792495,장인닭갈비 강남점,naver,c120eb07-fe13-4515-875e-02a4abf0ce85
707,680cc4609dc2194a76d761ba,7zqkj,티티몬38,"중간맛으로 했는데도 매운맛이 강해진거 같아요 🥲
그렇지만 칼칼한게 딱 한국식 매운맛이라 거부감없이 좋네요!
강남에선 믿고오는 닭갈비집~~",,2025-04-24 13:23:50,37792495,장인닭갈비 강남점,naver,c120eb07-fe13-4515-875e-02a4abf0ce85
708,680cc439c7c08b40b86169e6,27Bpi,때둥이9,오랜만에 먹으러 왔어요,,2025-04-24 13:23:50,37792495,장인닭갈비 강남점,naver,c120eb07-fe13-4515-875e-02a4abf0ce85
709,680b8948a6e80c618bed98bd,59NkW,132465,언제나 실패하지않는 장인닭갈비🔥🔥🔥,,2025-04-24 13:23:50,37792495,장인닭갈비 강남점,naver,c120eb07-fe13-4515-875e-02a4abf0ce85
710,680b8942ac649e1cef8aa9c6,2T5CG,jsy****,"역에서 가깝고 메뉴 빨리 나오고, 가격도 적당하고 맛있어요!",,2025-04-24 13:23:50,37792495,장인닭갈비 강남점,naver,c120eb07-fe13-4515-875e-02a4abf0ce85
711,680af9998b9d1a8f189963b3,8ELVT,전희애,"오랜만에 생각나서 방문했습니다. 닭갈비도 맛있지만 장인닭갈비는 볶음밥이 진짜진짜 맛있습니다. 직원분들도 친절하셨고, 좋은 점심식사였습니다 :)",,2025-04-24 13:23:50,37792495,장인닭갈비 강남점,naver,c120eb07-fe13-4515-875e-02a4abf0ce85
712,680cb31427b42cc18e8f0660,8v1o7,Arararararar,양 많고 맛있어욤,,2025-04-24 13:17:37,37792495,장인닭갈비 강남점,naver,c120eb07-fe13-4515-875e-02a4abf0ce85
713,680b659460f101d048953081,5mHHK,왁스72,양도 많고 너무 맛있어요!!!!,,2025-04-24 12:58:39,37792495,장인닭갈비 강남점,naver,c120eb07-fe13-4515-875e-02a4abf0ce85
714,680b5777b10e4555250635f3,dvl0u,est****,"#강남역맛집!
맛있어요!!! 잘 먹고 갑니당",,2025-04-24 12:45:32,37792495,장인닭갈비 강남점,naver,c120eb07-fe13-4515-875e-02a4abf0ce85
715,680affacff64fdbe435c3493,3CmMb,지은9094,강남역 닭갈비 맛집! 가성비 최곤데 맛도 장담합니다👍🏻👍🏻 치즈추가랑 볶음밥도 필수~~,,2025-04-24 12:45:32,37792495,장인닭갈비 강남점,naver,c120eb07-fe13-4515-875e-02a4abf0ce85
716,680b52f9528b1f7665447a08,5xnUu,lmnt,오랜만에 먹어도 맛있네요!,,2025-04-24 12:41:12,37792495,장인닭갈비 강남점,naver,c120eb07-fe13-4515-875e-02a4abf0ce85
717,680b151365251fb53a2ecfdb,7BApn,여기675,"강남역에서 편하게 먹기 좋았던 장인닭갈비.
깔끔하고 비교적 양도 많아서 배부르게 잘먹었어요!
양이 많아서 볶음밥은 못먹었는데 다른테이블 먹는거 보니까 맛있을것같아요!",,2025-04-24 12:40:57,37792495,장인닭갈비 강남점,naver,c120eb07-fe13-4515-875e-02a4abf0ce85
718,680b23043fb78b77e14a02c0,5DwtO,Yb1024,조리가 되어 나와 먹기편했구 셀프바에서 직접 반찬가져다 먹으면 되서 빠르고 쉽게 맛있게 먹을 수 있었습니다ㅎㅎ,,2025-04-24 12:38:44,37792495,장인닭갈비 강남점,naver,c120eb07-fe13-4515-875e-02a4abf0ce85
719,680b03d024439d3095b95986,2bNPgG,lsh****,맛있어요~~,,2025-04-24 12:34:18,37792495,장인닭갈비 강남점,naver,c120eb07-fe13-4515-875e-02a4abf0ce85
720,680a2e593274408be6200598,4e4QB,햄토리85,"음식이 너무 맛있고 가게가 쾌적해요~
재방문 하고 싶어요!! 추천합니다!",,2025-04-24 12:27:00,37792495,장인닭갈비 강남점,naver,c120eb07-fe13-4515-875e-02a4abf0ce85
721,680a2b70665b67b97d539e34,8SEGy,bobooo,역 근처라 자주 저녁으로 먹어여! ㅠㅠ 닭갈비 맛집이에요,,2025-04-24 10:48:37,37792495,장인닭갈비 강남점,naver,c120eb07-fe13-4515-875e-02a4abf0ce85
722,680a2b4a1373f63dbc51014b,b5j6P,OvO8982,마시써여❤️🩷🩷🩷 담에 또 방문할게야ㅣㅕ,,2025-04-24 10:48:37,37792495,장인닭갈비 강남점,naver,c120eb07-fe13-4515-875e-02a4abf0ce85
723,680a163661cd1664215ce346,eti0s,음음555,강남역 올 때마다 오는 곳이에요! 너무 맛있어요,,2025-04-24 10:39:37,37792495,장인닭갈비 강남점,naver,c120eb07-fe13-4515-875e-02a4abf0ce85
724,680a2e41bbb349b2bad9f188,6E9fQ,fas****,장인 닭갈비 너무너무 맛있었어요!! 닭갈비 땡기는날엔 여기루 오세용~~ 양도 많고 특히 사리 메뉴가 따로 세트로 있는게 좋은 것 같습니당 다음에도 방문할게요👍👍,,2025-04-24 10:37:37,37792495,장인닭갈비 강남점,naver,c120eb07-fe13-4515-875e-02a4abf0ce85
725,680a08d2062b223ba84e9c37,1oQqw,aaa****,너무 짜지도 않고 음식이 금방 나와서 좋습니다. 퇴근 후에 맛있게 잘먹었습니다. 번창하세요.,,2025-04-24 08:46:52,37792495,장인닭갈비 강남점,naver,c120eb07-fe13-4515-875e-02a4abf0ce85
726,680a0aa10de92bbfddddf6f8,4zfAJ,박선아86,맛있고 양 많아요!!!,,2025-04-24 07:53:00,37792495,장인닭갈비 강남점,naver,c120eb07-fe13-4515-875e-02a4abf0ce85
727,680a1c645f715eb24e280eb5,5vlhq,문명주38,매장도 넓고 닭갈비가 맛있어요!!,,2025-04-24 07:52:50,37792495,장인닭갈비 강남점,naver,c120eb07-fe13-4515-875e-02a4abf0ce85
728,680a15f55227ac5c2e17a66f,5TEAm,엔젤흠냐링,존맛존막존막존맛좀말돈맛존맛🩵🩵🍀🍀🍀🩵🩵🩵🩵🩵,,2025-04-24 07:52:39,37792495,장인닭갈비 강남점,naver,c120eb07-fe13-4515-875e-02a4abf0ce85
729,680a2035e672d57b166d49b5,aLcjg,she****,"오랜만에 다시왔는대 역시ㅡ 장인!!
몇년째 다시오는 찐맛집",,2025-04-24 07:37:37,37792495,장인닭갈비 강남점,naver,c120eb07-fe13-4515-875e-02a4abf0ce85
730,680a19d2caaf3e0d9997dfe6,8rrGV,영이0423,"n회차 방문하는 곳인데 올 때 마다 맛있습니다,,
강남역 맛집임 !!! 우동사리는 선택 아닌 필수 =//=",,2025-04-24 07:37:37,37792495,장인닭갈비 강남점,naver,c120eb07-fe13-4515-875e-02a4abf0ce85
731,680a0ef4e625aaadfe92c17f,7bP4G,러브영영,가게 너무 깨끗하고 닭갈비 너무 맛나요~~자주 올게용 ^^,,2025-04-24 07:37:37,37792495,장인닭갈비 강남점,naver,c120eb07-fe13-4515-875e-02a4abf0ce85
732,680a059f4a2fe233145dc4c7,bFBPi,이가현365,가격에 비해서 양도 많고 맛있어용!!,,2025-04-24 07:37:37,37792495,장인닭갈비 강남점,naver,c120eb07-fe13-4515-875e-02a4abf0ce85
733,680a18484afe1cd56379bceb,2bJR1I,awo****,닭갈비는 장인닭갈비~ 강남역맛집👍🏻👍🏻,,2025-04-24 07:37:00,37792495,장인닭갈비 강남점,naver,c120eb07-fe13-4515-875e-02a4abf0ce85
734,6809bd4b70a6820b0b797ae4,2cJfLe,엘로이즈 스튜디오,일전에 엄마랑 왔는데 엄마가 또가고싶다하셔서 방문했어용 맛있게먹고갑니당>_<,,2025-04-24 04:24:21,37792495,장인닭갈비 강남점,naver,c120eb07-fe13-4515-875e-02a4abf0ce85
735,6809c3a85d5a740b48513b3c,2wTqq,Seung Hoon Lee,강남역 맛집~~^^,,2025-04-24 04:05:25,37792495,장인닭갈비 강남점,naver,c120eb07-fe13-4515-875e-02a4abf0ce85
736,680a01cd5d5a740b4885aea2,2LzHm,Dakelle,"치즈가 맛있어요
맵찔이인데 보통맛 시켜도 먹을만해요 참고하세요!!",,2025-04-24 02:48:41,37792495,장인닭갈비 강남점,naver,c120eb07-fe13-4515-875e-02a4abf0ce85
737,6809fc321de4fa6bd33bd122,2WgWH,salamony,양도 푸짐하고 맛있어요! 매장도 넓고 깨끗하니 좋네요,,2025-04-24 02:48:41,37792495,장인닭갈비 강남점,naver,c120eb07-fe13-4515-875e-02a4abf0ce85
738,6809f8cfc2cac50f20844178,7OP7i,hmh****,맛있게 먹었습니다~,,2025-04-24 02:48:41,37792495,장인닭갈비 강남점,naver,c120eb07-fe13-4515-875e-02a4abf0ce85
739,6809f8a3a6e80c618bd7a515,c24DP,jun****,너무 맛있어요~! 매운거 못먹는 사람한테는 순한맛이 적당한거 같아요!,,2025-04-24 02:48:41,37792495,장인닭갈비 강남점,naver,c120eb07-fe13-4515-875e-02a4abf0ce85
740,6809af18bedcc9e18b16145f,38ezs,lss27,"점심은 닭갈비!!
여기는 항상 사람이 많아요.  인기가 많은곳
라면사리 , 볶음밥, 닭갈비 최고",,2025-04-24 02:48:41,37792495,장인닭갈비 강남점,naver,c120eb07-fe13-4515-875e-02a4abf0ce85
741,6809aaf634faa0eb1f21d561,1vnC0,Js6900,너무맛있어서 금방다므ㅡㄱ었어요.세번째방문이네요,,2025-04-24 02:48:41,37792495,장인닭갈비 강남점,naver,c120eb07-fe13-4515-875e-02a4abf0ce85
742,680c9dd2ad37f3aeec01201c,2Kxvc,얼그레이94,중독적인 맛으로 먹고나면 항상 생각이 납니다. 강추드려요,,2025-04-24 02:48:18,37792495,장인닭갈비 강남점,naver,c120eb07-fe13-4515-875e-02a4abf0ce85
743,680a038f4969854edba1e2b5,cDgT7,butterfly effect98,항상 즐겨오는 닭갈비 집입니더.. 정말 너무너무 좋아하는 곳이고 .. 너무 맛있어서 와서 항상 밥까지 야무지게 먹고갑니다 😍,,2025-04-24 02:48:18,37792495,장인닭갈비 강남점,naver,c120eb07-fe13-4515-875e-02a4abf0ce85
744,6809f3872f8ef17045bb6757,7Zo8h,혜림0,양도 많고 맛있어요!! 직원분들도 엄청 친절하셔서 기분 좋게 식사했습니다!! 매장도 너무 청결하고 좋았습니다!!🥳🥳,,2025-04-24 02:48:18,37792495,장인닭갈비 강남점,naver,c120eb07-fe13-4515-875e-02a4abf0ce85
745,6809f2e2b4e895ba317145db,bbPdX,별둥11,양이 많고 맵기도 선택가능해서 맵찔이인 저도 너무 맛있게 잘먹었어요! 직원분들도 너무 친절하셔서 기분좋은 하루였습니다!!,,2025-04-24 02:48:18,37792495,장인닭갈비 강남점,naver,c120eb07-fe13-4515-875e-02a4abf0ce85
746,680b3f845f8646066b4201be,9kqZa,백재원9713,처음 방문했는데 너무 맛있었습니다! 또 올게요!,,2025-04-24 02:48:07,37792495,장인닭갈비 강남점,naver,c120eb07-fe13-4515-875e-02a4abf0ce85
747,680b3834f653333fa1b8cec1,azExD,Absolute76,"강남에서도 손꼽히는 닭갈비, 개꿀맛이 아닌 닭꿀맛!!",,2025-04-24 02:48:07,37792495,장인닭갈비 강남점,naver,c120eb07-fe13-4515-875e-02a4abf0ce85
748,6809b83518d760a944ecf0bb,d27Ob,kim****,,,2025-04-24 02:48:07,37792495,장인닭갈비 강남점,naver,c120eb07-fe13-4515-875e-02a4abf0ce85
749,680ca6f4cce4654412d1f5d7,7bmLa,감자공듀54,,,2025-04-24 02:48:00,37792495,장인닭갈비 강남점,naver,c120eb07-fe13-4515-875e-02a4abf0ce85
750,680a09e631fc6e01aee2d3e5,2KtBb,kmhgan44,맛있게 먹었어요~~~,,2025-04-24 02:47:03,37792495,장인닭갈비 강남점,naver,c120eb07-fe13-4515-875e-02a4abf0ce85
751,6809f5ecd3a722da6b89a823,3iHW4,소연5015,"믿먹 장인닭갈비 🩷🩷 
닭갈비는 여기서만 먹어염!!!!",,2025-04-24 02:47:03,37792495,장인닭갈비 강남점,naver,c120eb07-fe13-4515-875e-02a4abf0ce85
752,6809f274ae715dff8e312508,AONu,cnd****,맛나네요 ㅎㅎ,,2025-04-24 02:47:03,37792495,장인닭갈비 강남점,naver,c120eb07-fe13-4515-875e-02a4abf0ce85
753,6809f1d44eba4570382942a1,48d9p,che****,너무 맛있고 재료도 풍성하네요^^ 또 방문하겠습니다~~,,2025-04-24 02:47:03,37792495,장인닭갈비 강남점,naver,c120eb07-fe13-4515-875e-02a4abf0ce85
754,6809eb88f79dae5f599d0d0e,540RQ,은정5,맛은 물론이고 양도 진짜 많아서 부족함없이 먹고 나왔어요..! 맛도 잡고 양도 잡은 장인닭갈비 추천드립니다☺️,,2025-04-24 02:47:03,37792495,장인닭갈비 강남점,naver,c120eb07-fe13-4515-875e-02a4abf0ce85
755,6809d243da3a93a4660c703c,6Cncg,hxkollo,직원분 친절하시고 외국인 친구 데려오기 좋아요 ~~,,2025-04-24 02:47:03,37792495,장인닭갈비 강남점,naver,c120eb07-fe13-4515-875e-02a4abf0ce85
756,680a09c3609e80b5bed89c98,69LNs,seo****,오랜만에 닭갈비 먹으러 왔어요오오오 치즈추가는 필수!,,2025-04-24 02:46:00,37792495,장인닭갈비 강남점,naver,c120eb07-fe13-4515-875e-02a4abf0ce85
757,6809ab9dabc0483b2768c994,ddFUA,Jenny Kim34,,,2025-04-24 02:43:04,37792495,장인닭갈비 강남점,naver,c120eb07-fe13-4515-875e-02a4abf0ce85
758,6809aae4a442aa388e39610f,aulbF,sun****,친구들이랑 왔는데 진짜 맛있게 먹었어요.,,2025-04-24 02:43:04,37792495,장인닭갈비 강남점,naver,c120eb07-fe13-4515-875e-02a4abf0ce85
759,68099db9adae843e74619b41,1o0NL,러브네코,"강남올때마다 오는 집이에요~
맛도 좋고 반찬도 간단하지만 잘어울려서 좋아요~~^^",,2025-04-23 14:38:55,37792495,장인닭갈비 강남점,naver,c120eb07-fe13-4515-875e-02a4abf0ce85
760,6808c385cd010f402e4a3b1a,1UOTB,dlsdud6451,오랜만에 강남역 올 일 있어서 맛집 알아봤는데 닭갈비 평이 좋아서 방문하게 되었어요! 친절하시고 매장도 깨끗하고 엄청 맛있네요~!!🤭,,2025-04-23 10:30:50,37792495,장인닭갈비 강남점,naver,c120eb07-fe13-4515-875e-02a4abf0ce85
761,6808bc6bdaff2641d0c27ad9,3YOho,신사93,닭떡볶이 느낌인데 또 아닌것이 묘한 매력이 있는거같아요 달달구리하고 적당히 매워서 맛있어요 외국인분들도 많고 사람도 정말 많아요 👍,,2025-04-23 10:08:00,37792495,장인닭갈비 강남점,naver,c120eb07-fe13-4515-875e-02a4abf0ce85
762,6808bc74234afc85c5a847bc,53jaT,jae****,"평일 저녁시간 방문했는데 10분정도 기다리고 안내받았어요! 듣던대로 사람엄청 많아요 
셀프코너 샐러드 무쌈 쌈 있어서 좋아요! 치즈 못먹어서 빼서 비쥬얼이 아쉽지만 맛은 있어요~~~",,2025-04-23 10:06:55,37792495,장인닭갈비 강남점,naver,c120eb07-fe13-4515-875e-02a4abf0ce85
763,6808bc98e56c7a5e8d6d5eec,akHeu,emi****,너무 좋은 시간이였어요~~,,2025-04-23 09:50:33,37792495,장인닭갈비 강남점,naver,c120eb07-fe13-4515-875e-02a4abf0ce85
764,6808b384a132bc4e86fca673,3mPGb,아무개나리,맛있습니다!!,,2025-04-23 09:18:01,37792495,장인닭갈비 강남점,naver,c120eb07-fe13-4515-875e-02a4abf0ce85
765,6808b34ffc1940de12ffd3d7,6aaPI,082****,맛있네용!!🫶🫶 모듬 사리 추리 추가 없이 닭갈비 중간맛에 당면만 추가 했어용!!,,2025-04-23 09:15:05,37792495,장인닭갈비 강남점,naver,c120eb07-fe13-4515-875e-02a4abf0ce85
766,6808be035f74f4bf742f764e,6NS5p,박키키2,,,2025-04-23 08:58:04,37792495,장인닭갈비 강남점,naver,c120eb07-fe13-4515-875e-02a4abf0ce85
767,6808bf0d2bb5e8a97967c88c,2vIN2,buu****,오랜만에 먹는데 여전히 맛있고 양이 많아요!!,,2025-04-23 08:37:35,37792495,장인닭갈비 강남점,naver,c120eb07-fe13-4515-875e-02a4abf0ce85
768,6808b245d10693ad07fb3f01,2tcSN,ciik2,맛있러요!,,2025-04-23 08:27:00,37792495,장인닭갈비 강남점,naver,c120eb07-fe13-4515-875e-02a4abf0ce85
769,6808a62bf045384d1a9510a2,6xmuH,가수한이,"다른점 많이 가봤는데 장인 닭갈비는 강남점이 제일 맛있는거같아요 ~~
직원들도 너무 친절해서 놀랬습니다 ^^자주 올거같습니다 ㅎㅎㅎ👍",,2025-04-23 08:20:06,37792495,장인닭갈비 강남점,naver,c120eb07-fe13-4515-875e-02a4abf0ce85
770,6808a5a1f0e64a98319a1df5,7Fyrg,Hasdfgjkl,역시 장인 닭갈비 여러 곳 가봤지만 강남점이 제일 맛있고 직원들이 친절해요 음식도 빠르게 나오고 다 조리되서 냄새 배길 걱정도 없어요 라면사리 강추 !! 다음에 또 올게용,,2025-04-23 08:20:06,37792495,장인닭갈비 강남점,naver,c120eb07-fe13-4515-875e-02a4abf0ce85
771,6808a4711c51bca2c95b12e2,4Zhbm,자유로운 나,길다가 오랜만에 들렸는데 항상 맛있고 맛집이 회전율리 빠른거 같아서 좋았습니다 ㅎㅎ 다음에 또 방문할래요~~^^,,2025-04-23 08:20:06,37792495,장인닭갈비 강남점,naver,c120eb07-fe13-4515-875e-02a4abf0ce85
772,6808a965c76e936e2cfa7d95,25Xw0,고구마3264,양도 많고 맛있어요~,,2025-04-23 07:26:10,37792495,장인닭갈비 강남점,naver,c120eb07-fe13-4515-875e-02a4abf0ce85
773,6808e8255f7e76e37c04f889,2cT6Hd,lee****,,,2025-04-23 07:04:48,37792495,장인닭갈비 강남점,naver,c120eb07-fe13-4515-875e-02a4abf0ce85
774,6808a99ccd94a8d8b84225c1,3NXMg,90****,닭갈비는 역시 장인닭갈비죠 ㅎ 너무맛잇어요,,2025-04-23 07:04:48,37792495,장인닭갈비 강남점,naver,c120eb07-fe13-4515-875e-02a4abf0ce85
775,6808b2560bcfa822e15c4ca2,oIeQ,bae****,오랜만에 대학교 친구들만나서 강남왔는데 우연히 닭갈비를 맛있게 하는 곳을 찾았네요,,2025-04-23 06:27:50,37792495,장인닭갈비 강남점,naver,c120eb07-fe13-4515-875e-02a4abf0ce85
776,6808c1afa5d4f7578a7ea95e,3mmSm,슨히이,맛있어요!,,2025-04-23 03:59:26,37792495,장인닭갈비 강남점,naver,c120eb07-fe13-4515-875e-02a4abf0ce85
777,6808b72785fe793f6f71b699,3vW9o,le7436,너무 맛있어용,,2025-04-23 03:58:11,37792495,장인닭갈비 강남점,naver,c120eb07-fe13-4515-875e-02a4abf0ce85
778,6808a903cfd6917fad74805f,2bOIdF,raonmood,맛있습니다 친절하고 넓어요,,2025-04-23 03:58:11,37792495,장인닭갈비 강남점,naver,c120eb07-fe13-4515-875e-02a4abf0ce85
779,6808a7abbd145e5df6ab62eb,4ZtGf,고구마 감자 0000,직원분들이 너무 친절하게 안내해주시고 닭갈비 너무 푸짐하게 배부르게 잘 먹었어요!,,2025-04-23 03:58:11,37792495,장인닭갈비 강남점,naver,c120eb07-fe13-4515-875e-02a4abf0ce85
780,680877fb0c02b3b1137a0f96,3H4nC,summer04,맛있어요! 늘 강남오면 오는 맛집이에요!!!,,2025-04-23 03:58:11,37792495,장인닭갈비 강남점,naver,c120eb07-fe13-4515-875e-02a4abf0ce85
781,68086cf7f48d14ffac048f86,3SumP,ㅇ1684,강남역 닭갈비 맛집!! 점심런치세트 최고에요,,2025-04-23 03:58:11,37792495,장인닭갈비 강남점,naver,c120eb07-fe13-4515-875e-02a4abf0ce85
782,6808b7a6af161f613cfe4bda,2bF9Jj,jsk****,,,2025-04-23 03:57:54,37792495,장인닭갈비 강남점,naver,c120eb07-fe13-4515-875e-02a4abf0ce85
783,6808ab86f6bad0ba21954d07,8GtZ,윤푸푸닝,너무 맛있어요😭👍👍 직원들도 친절하고 매장도 너무 깨끗해용👍👍👍👍#강남역맛집 #장인닭갈비 #이제 닭갈비는 여기서만😍😍😍,,2025-04-23 03:57:54,37792495,장인닭갈비 강남점,naver,c120eb07-fe13-4515-875e-02a4abf0ce85
784,6808c144617f09caebe59c83,13lcC,랄라1779,닭갈비도 진짜 맛있었고 볶음밥도 시켜먹었는데 김치가 들어가서 진짜 자극적으로 맛있었어요!!!,,2025-04-23 03:53:47,37792495,장인닭갈비 강남점,naver,c120eb07-fe13-4515-875e-02a4abf0ce85
785,6808c1c4a5c0cb032e9083ce,1S0Sc,넹네넨,,,2025-04-23 03:52:32,37792495,장인닭갈비 강남점,naver,c120eb07-fe13-4515-875e-02a4abf0ce85
786,6808bc76a5c0cb032e8cecf1,abMMP,skdia27,너무 맛있어요!,,2025-04-23 03:50:51,37792495,장인닭갈비 강남점,naver,c120eb07-fe13-4515-875e-02a4abf0ce85
787,6808c639cca8857e925c004a,d1XAa,Yana Molchan,Very very good food! Favourite place for 5 years so far.,,2025-04-23 03:50:40,37792495,장인닭갈비 강남점,naver,c120eb07-fe13-4515-875e-02a4abf0ce85
788,680884295da419dd031cc64f,8i0PJ,이하리49,닭갈비 맛있어요 ㅎㅎ 신논현오면 매번 장인닭갈비로 와서 먹어요!!,,2025-04-23 03:44:00,37792495,장인닭갈비 강남점,naver,c120eb07-fe13-4515-875e-02a4abf0ce85
789,6808d485d6006358de33608c,2dyjL,cjf****,"손님들도 많고 직원들도 친절하세요~~
평일 저녁으로 맛있게먹었습니다!",,2025-04-23 03:40:04,37792495,장인닭갈비 강남점,naver,c120eb07-fe13-4515-875e-02a4abf0ce85
790,6808a99bdedf3e589ef8d054,3rKEJ,bjs1235,알바분들 정말 친절하시구 제가 먹어본 닭갈비 집 중에서 제일 맛있어요!!!,,2025-04-23 03:40:04,37792495,장인닭갈비 강남점,naver,c120eb07-fe13-4515-875e-02a4abf0ce85
791,6808a8e0c97334acd057b566,3ogAI,ghd****,지난번에 저녁시간때 웨이팅 엄청 있는거보고 꼭 먹고싶었는데 오늘은 웨이팅없이 바로 입장했어요. 음식도 금방 나오고 너무 맛있게 잘 먹었어요!! 볶음밥 무조건 꼭 드세요!!!👍👍,,2025-04-23 03:40:04,37792495,장인닭갈비 강남점,naver,c120eb07-fe13-4515-875e-02a4abf0ce85
792,68089167bd9f00818a8801d3,JDCt,카라멜푸딩,강남쪽 오면 가끔 오는데 맛있어요!!!!! 볶음밥도 맛있어요!,,2025-04-23 03:39:57,37792495,장인닭갈비 강남점,naver,c120eb07-fe13-4515-875e-02a4abf0ce85
793,6808663d426f890c00dd1039,1mHMG,b_b****,맛있어요 양이 조금만 더있으면 좋겠어요!,,2025-04-23 03:33:48,37792495,장인닭갈비 강남점,naver,c120eb07-fe13-4515-875e-02a4abf0ce85
794,6808663619de1bf7fdb2caf4,98583,천사지니752,맛있어요. 잘먹고 가요^^,,2025-04-23 03:33:48,37792495,장인닭갈비 강남점,naver,c120eb07-fe13-4515-875e-02a4abf0ce85
795,6808bab46e000aa520614ab4,boNFU,jyy****,강남 최고의 맛집 !!!,,2025-04-22 14:48:57,37792495,장인닭갈비 강남점,naver,c120eb07-fe13-4515-875e-02a4abf0ce85
796,6808b8b6a9366e496f5f9228,3wq9X,해삐해삐캣,맛있어욥 치즈가 꼬소해용,,2025-04-22 14:48:57,37792495,장인닭갈비 강남점,naver,c120eb07-fe13-4515-875e-02a4abf0ce85
797,6808aafcb826a6f41f5f315e,61VT9,토끼는멍멍멍,"너무 맛있어서 강남 올때마다 옵니다 
굿굿👍🏻",,2025-04-22 14:48:57,37792495,장인닭갈비 강남점,naver,c120eb07-fe13-4515-875e-02a4abf0ce85
798,68084b3fce2d8eb3fb6f7253,1rVZy,장긍정33,리뷰만큼 너무 맛있고 매장도 청결하고 대만족이에요^^,,2025-04-22 14:48:57,37792495,장인닭갈비 강남점,naver,c120eb07-fe13-4515-875e-02a4abf0ce85
799,680872633b24fa5c1cdfdec5,eQucd,ekd****,사장님이 맛있고 음식이 친절하네요,,2025-04-22 14:21:24,37792495,장인닭갈비 강남점,naver,c120eb07-fe13-4515-875e-02a4abf0ce85
800,68087262524932778b608978,eP1OM,하루8011,공부하고 배고파서 근처 닭갈비먹었는데 너무 맛있어서 학원올때마다 즐길거같네요 후식으로 볶음밥먹었는데 깻잎없어서 행복했어요 자주 오겠습니다!,,2025-04-22 14:16:22,37792495,장인닭갈비 강남점,naver,c120eb07-fe13-4515-875e-02a4abf0ce85
801,680764201544c4e44561f626,a1qMn,hongsiii,"치즈랑 같이 먹으니 너무 맛있어용!!
사리 추가하니 양도 많고 좋아요 ㅎㅎ",,2025-04-22 04:03:41,37792495,장인닭갈비 강남점,naver,c120eb07-fe13-4515-875e-02a4abf0ce85
802,68077a8d7401e1af2673e391,5tOlZ,지나일4,장인닭갈비는 진짜 언제나 맛있어요!,,2025-04-22 03:56:07,37792495,장인닭갈비 강남점,naver,c120eb07-fe13-4515-875e-02a4abf0ce85
803,680739d891ac7a3ced884c36,5XlCf,euijin hong,따뜻하고 맛있게 먹었습니다 가성비가 좋아요,,2025-04-22 03:33:49,37792495,장인닭갈비 강남점,naver,c120eb07-fe13-4515-875e-02a4abf0ce85
804,68077a6eacc337e1d7119bb7,2Qxxi,은기환,늘 맛있는 장인닭갈비~ 잘먹구가요~,,2025-04-22 03:29:32,37792495,장인닭갈비 강남점,naver,c120eb07-fe13-4515-875e-02a4abf0ce85
805,6807674778c0524e8d6cd024,5cczj,zZ51,맛나용 💛,,2025-04-22 03:14:44,37792495,장인닭갈비 강남점,naver,c120eb07-fe13-4515-875e-02a4abf0ce85
806,680766dcceced0aeeeeb3cac,2L4an,Lune jonghyun,매우 깔끔하고 양도 많고 맛있게먹었습니다,,2025-04-22 03:14:44,37792495,장인닭갈비 강남점,naver,c120eb07-fe13-4515-875e-02a4abf0ce85
807,68070d7fdcefbb391438bc40,4xZ4s,하연6044,와 양이 엄청 많아서 가성비 좋은거 같아요!! 단체모임으로 왕 추천입니다🔥,,2025-04-21 14:50:46,37792495,장인닭갈비 강남점,naver,c120eb07-fe13-4515-875e-02a4abf0ce85
808,68074bc3ebe42019a5e4f095,1hb8l,반구따,강남역에서 뭐 먹을지 고민될 때 실패 없이 오는곳! 맛있는 닭갈비 드시고 싶으면 추천해요~,,2025-04-21 14:00:48,37792495,장인닭갈비 강남점,naver,c120eb07-fe13-4515-875e-02a4abf0ce85
809,6807157081a0c4cf15dc31e5,1HZe0,Hyun8819,가격도 착하고 너무 맛있어요!!🫡,,2025-04-21 13:42:53,37792495,장인닭갈비 강남점,naver,c120eb07-fe13-4515-875e-02a4abf0ce85
810,68078c34b4c26cc02b50dc08,9HKR,knshine,"닭갈비는 여기 미만잡!!
볶음밥도 마시써용><♡",,2025-04-21 13:42:01,37792495,장인닭갈비 강남점,naver,c120eb07-fe13-4515-875e-02a4abf0ce85
811,680759d4788e48f569407f05,1iObc,창덕꿍으,처음 왔는데 너무 맛있어요 ㅠㅠ일단 직원분도 너무 착하시구용.. 그리고 매콤한거 좋아하시면 완전 추천함니댜..💞💞💞,,2025-04-21 13:40:52,37792495,장인닭갈비 강남점,naver,c120eb07-fe13-4515-875e-02a4abf0ce85
812,6807552e2df5d95191766e36,9oT2C,Aaa0342,맛있어서 또 왔어여,,2025-04-21 13:32:38,37792495,장인닭갈비 강남점,naver,c120eb07-fe13-4515-875e-02a4abf0ce85
813,68078257c97334acd0a38a98,2cZLsv,JPL873,이 집 닭갈비는 양념이 잘 배어 있고 매콤달콤한 맛이 일품입니다. 닭고기는 부드럽고 야채와 떡도 신선해 조화가 좋아요. 철판에 바로 볶아 따뜻하게 즐길 수 있어 더욱 맛있습니다. 직원들도 친절하고 분위기도 편안해 재방문 의사 있습니다.,,2025-04-21 13:01:58,37792495,장인닭갈비 강남점,naver,c120eb07-fe13-4515-875e-02a4abf0ce85
814,680766d89236748b79bf4104,6xM7M,qwwwwwww,맛있게 잘 먹었습니다~,,2025-04-21 12:50:35,37792495,장인닭갈비 강남점,naver,c120eb07-fe13-4515-875e-02a4abf0ce85
815,680786f5add7e731a1669bdf,3f0Z3,ssk06228,"오랜만에 왔는데 너무 맛있게 먹고 가요!!
대기는 없어서 괜찮았고 고기 양도 많구 냄새도 안나요 ㅎㅎ다음에 또 올게요😄😁",,2025-04-21 12:28:05,37792495,장인닭갈비 강남점,naver,c120eb07-fe13-4515-875e-02a4abf0ce85
816,680624d1f483cf8362f24ab9,3kw1J,보리체고,치즈도 진짜 양 많구 양념두 넘넘 마싯둠 ㅎㅎㅎ,,2025-04-21 10:28:11,37792495,장인닭갈비 강남점,naver,c120eb07-fe13-4515-875e-02a4abf0ce85
817,6814431c3ec3e6c022138467,2ybTj,빵대장재콩,강남역 근처에서 배부르게 점심먹고싶을때 딱좋은 장인닭갈비 강남점❣️ 점심에 가면 치즈사리 포함된 세트를 먹을 수 있어서 가성비가 좋은데 양이 진짜 많아요!! 치즈도 쫙쫙 늘어나고 마지막에 먹는 볶음밥이 진짜 닭갈비집중에서 ㄹㅇ 원탑인듯 대 존 맛...,,2025-04-21 10:27:54,37792495,장인닭갈비 강남점,naver,c120eb07-fe13-4515-875e-02a4abf0ce85
818,680c62735c97c51a96da357c,6ciQv,dep****,유명 맛집 답게 사람들도 많고 북적북적했어요 고기 부드럽고 맛있어요!! 샐러드 드레싱이 제가 좋아하는 흑임자 드레싱이어서 좋았네용 담에 또 올게요!!,,2025-04-21 10:27:48,37792495,장인닭갈비 강남점,naver,c120eb07-fe13-4515-875e-02a4abf0ce85
819,68062fd589b0cea8663afbf0,3qfoR,Duehwj,"유명하다고 해서 오늘 처음 왔는데 
왜 유명한지 알 것 같네요!!
너무 맛있습니다!!!",,2025-04-21 10:19:45,37792495,장인닭갈비 강남점,naver,c120eb07-fe13-4515-875e-02a4abf0ce85
820,68062f74b3501de4e36dd3c6,h3KB,고로롱빵빵,넘넘 유명해요! 저녁 아홉시 다 돼도 사람도 많고... 맛있어용🫶,,2025-04-21 10:19:45,37792495,장인닭갈비 강남점,naver,c120eb07-fe13-4515-875e-02a4abf0ce85
821,6806430d7f62e9ec7164ce3c,a9gp8,쏘76,닭갈비 먹고싶은데 늦은 시간까지 해서 자주 와용! 항상 올때마다 맛있게 먹고 갑니다❤️ 오늘도 맛있어용,,2025-04-21 10:17:41,37792495,장인닭갈비 강남점,naver,c120eb07-fe13-4515-875e-02a4abf0ce85
822,6806430e3d53f5f6b418582e,bA8Fg,lej****,넘 자주오고있어요~!~! 라면사리는 처음 먹어보는데 넘 맛있어요 다음에 또 올게요~~~!~!~!,,2025-04-21 10:17:41,37792495,장인닭갈비 강남점,naver,c120eb07-fe13-4515-875e-02a4abf0ce85
823,680620a4bf74dc550472eb3c,2bClsa,조영경943,"친구랑 급하게 강남 왔눈데
너무 깔끔하고 맛있게 .. 먹고 갑니당 !!",,2025-04-21 10:17:41,37792495,장인닭갈비 강남점,naver,c120eb07-fe13-4515-875e-02a4abf0ce85
824,68063816b6bcf04012f8cb69,9KkEa,gga****,너무 마싯어요 ❤️,,2025-04-21 10:15:30,37792495,장인닭갈비 강남점,naver,c120eb07-fe13-4515-875e-02a4abf0ce85
825,680c549838b5e7bad4f7517e,MAvg,woo****,첫 방문입니다. 손님이 많아 복잡해도 친절하게 대해주세요,,2025-04-21 10:06:23,37792495,장인닭갈비 강남점,naver,c120eb07-fe13-4515-875e-02a4abf0ce85
826,680b8c6e2404c00ea8003f94,Oujo,YK7112,님편이랑 닭갈비 먹고 싶어서 왔는데 너무 맛있어요 강추!! 직원분들도 너무 친절하구요!,,2025-04-21 10:02:50,37792495,장인닭갈비 강남점,naver,c120eb07-fe13-4515-875e-02a4abf0ce85
827,680c848dbb6c4e090a0526a2,7ALoy,네모의꿈56,,,2025-04-21 09:57:25,37792495,장인닭갈비 강남점,naver,c120eb07-fe13-4515-875e-02a4abf0ce85
828,680b79f944d4b57fda512ebc,1e8q6,lgol2,맛있어요!,,2025-04-21 09:50:20,37792495,장인닭갈비 강남점,naver,c120eb07-fe13-4515-875e-02a4abf0ce85
829,680b7955770d31cd61faf148,7uWwz,sam****,친구와 함께 여유 있개 먹기 좋아요,,2025-04-21 09:50:20,37792495,장인닭갈비 강남점,naver,c120eb07-fe13-4515-875e-02a4abf0ce85
830,68061f88f5a5510b07066b62,4Sz9j,CHAOS48,친절하시고 음식도 맛있어요~,,2025-04-21 09:48:36,37792495,장인닭갈비 강남점,naver,c120eb07-fe13-4515-875e-02a4abf0ce85
831,68063352e1bb57b36481c195,2WiQE,wkd****,"너무 맛있어요
가성비도 좋아요
강남역 맛집이에요",,2025-04-21 09:42:38,37792495,장인닭갈비 강남점,naver,c120eb07-fe13-4515-875e-02a4abf0ce85
832,6806100a4adf29a7b0e6c437,7wIhv,mjc****,강남 왔다가 닭갈비 생각나서 왔어요! 월욜 저녁에 오니까 웨이팅 없이 바로 들어왔어요. 사리추가했더니 둘이 먹기에 딱 배부른 양이었네요. 잘 먹고 갑니당,,2025-04-21 09:20:29,37792495,장인닭갈비 강남점,naver,c120eb07-fe13-4515-875e-02a4abf0ce85
833,680633211544c4e445ae200b,671oQ,flu****,너무 맛있어요!! 고기가 부드러워용! 빠른 서빙도 감사합니다:),,2025-04-21 09:17:19,37792495,장인닭갈비 강남점,naver,c120eb07-fe13-4515-875e-02a4abf0ce85
834,680a5df045f88eb419147ad2,3Clai,better  things,"n번째 방문중인 장인닭갈비!
강남역 1등이라고 생각합니다.

이유는?
위치도 너무 좋고 진짜 오랜기간 몇년째 다니고있어요.
치즈도 워낙 좋아해서 생각날때마다 먹는데
매번 새로운 일행들을 데려가도 모두가 맛있어해요!!
실패없는 곳이라 대만족입니다!!

오늘같이간 친구들은 처음가본대서 같이갔는데
역시나 너무 맛있다고 칭찬하더라구요!!
먹으면서 계속 맛있다를 연발 외쳤듐

더욱 오래오래 번창하시길>_< 바라는 마음으로
첫 후기 남겨봅니다 💙💙💙💙
양도 많고 소스도 맛있고 진짜 강추 드려요!
배부르고 시간이 없어서ㅠㅠㅠㅠ
사리랑 볶음밥 못먹은게 너무 아쉬워요..
다음에 여유있게 와서 추가해서 먹을게요! 흐흐",,2025-04-21 09:13:09,37792495,장인닭갈비 강남점,naver,c120eb07-fe13-4515-875e-02a4abf0ce85
835,680b7132e672d57b1651708c,5Hj8D,kkkakkka,맛맀어영!! 치즈 짱!!,,2025-04-21 09:11:42,37792495,장인닭갈비 강남점,naver,c120eb07-fe13-4515-875e-02a4abf0ce85
836,680b71082b3e3fd440ba1708,3Df18,ths****,여자친구랑 길 지나다가 마주친 닭갈비 집 두둥 양도 많고 직원분들이 너무 친절해요 ㅎㅎ 다들 강추 합니다,,2025-04-21 09:11:42,37792495,장인닭갈비 강남점,naver,c120eb07-fe13-4515-875e-02a4abf0ce85
837,680621207cb2a03f316fde5d,1lyws,와우12,넘 맛있어요,,2025-04-21 09:08:52,37792495,장인닭갈비 강남점,naver,c120eb07-fe13-4515-875e-02a4abf0ce85
838,6806205f323fd953b5b3d760,3kul2,정우9241,넘나 맛도리~!,,2025-04-21 09:08:52,37792495,장인닭갈비 강남점,naver,c120eb07-fe13-4515-875e-02a4abf0ce85
839,68061867eb564d65bba0d6f8,6hjWw,다먹어버릴거얏얏,"닭갈비가 너무 맛있어보여요 ! ! 🥵🤍 잘 먹겠습니다 !!
분위기도 좋고 짱짱 입니댜",,2025-04-21 09:07:04,37792495,장인닭갈비 강남점,naver,c120eb07-fe13-4515-875e-02a4abf0ce85
840,680619529417bf47160b7b9f,9Hmhk,kin****,주변 닭갈비 맛집을 찾다가 들어왔는데 너무 맛있게 먹었습니다!!!! 또 올 거예요~~,,2025-04-21 09:06:42,37792495,장인닭갈비 강남점,naver,c120eb07-fe13-4515-875e-02a4abf0ce85
841,68060fd3214e20bbf32cb2b9,4kkkD,ㅇ6668,강남역 닭갈비중에 제일 마시싸ㅓ여,,2025-04-21 08:50:55,37792495,장인닭갈비 강남점,naver,c120eb07-fe13-4515-875e-02a4abf0ce85
842,680616768c5b49702652b44e,30KfY,KUMUNG,강남 맛집하면 여기죠!!! 너무너무 맛있게 먹었습니다👍,,2025-04-21 08:39:55,37792495,장인닭갈비 강남점,naver,c120eb07-fe13-4515-875e-02a4abf0ce85
843,68061754589d8aeae0c4e37c,1gKkF,ywc****,,,2025-04-21 08:33:21,37792495,장인닭갈비 강남점,naver,c120eb07-fe13-4515-875e-02a4abf0ce85
844,68063becc2cfee15a665899c,3vEzx,mg****,지인이 마싯다고해서 왓는데 너무마싰어요~~~!,,2025-04-21 08:04:49,37792495,장인닭갈비 강남점,naver,c120eb07-fe13-4515-875e-02a4abf0ce85
845,6805fede5b3c2e65e2b76b3d,c7O8e,pjy****,,,2025-04-21 08:04:49,37792495,장인닭갈비 강남점,naver,c120eb07-fe13-4515-875e-02a4abf0ce85
846,68063bb9c7c08b40b8449bfe,6WM3A,jun****,너무맛있어요!,,2025-04-21 07:12:44,37792495,장인닭갈비 강남점,naver,c120eb07-fe13-4515-875e-02a4abf0ce85
847,6805eb8a858602300158f0d5,e53Qa,예나41,너무 친절하시고 맛있어요옹,,2025-04-21 06:32:33,37792495,장인닭갈비 강남점,naver,c120eb07-fe13-4515-875e-02a4abf0ce85
848,6805eb440e0b648714c20859,cHrgE,kuc****,맛있어요~~추천합니다,,2025-04-21 06:32:33,37792495,장인닭갈비 강남점,naver,c120eb07-fe13-4515-875e-02a4abf0ce85
849,6805ea1bc4bb43199133c480,63mD7,쭈니4642,"양 많고 맛있어요!
매운맛 시켰는데 매콤해서 추천합니당",,2025-04-21 06:32:33,37792495,장인닭갈비 강남점,naver,c120eb07-fe13-4515-875e-02a4abf0ce85
850,6805cff5de9e881698242692,6xftI,초초77,여기 너무 맛있어요! 추천추천! ^^,,2025-04-21 04:43:22,37792495,장인닭갈비 강남점,naver,c120eb07-fe13-4515-875e-02a4abf0ce85
851,6805c58176c1c8f9cb09ca49,5crQQ,정민선2,점심때가서 웨이팅안하고들어갔어요!! 양도진짜많고 맛있고 직원분들도 친절하셔서 좋아용 강남오면맴날와요,,2025-04-21 04:00:23,37792495,장인닭갈비 강남점,naver,c120eb07-fe13-4515-875e-02a4abf0ce85
852,6805c5789bb88b197fc5b8a1,3o8QI,제주탄산수92,맛있어요^^ 셀프바에 샐러드가 있어서 너무좋아용,,2025-04-21 04:00:23,37792495,장인닭갈비 강남점,naver,c120eb07-fe13-4515-875e-02a4abf0ce85
853,6805b90c29e3c8a90fb2adcd,Iovq,hon****,맛있어여,,2025-04-21 03:12:27,37792495,장인닭갈비 강남점,naver,c120eb07-fe13-4515-875e-02a4abf0ce85
854,6805b73141d8735992b28dc6,bHgYW,kim****,점심시간 맛집이에용,,2025-04-21 03:07:40,37792495,장인닭갈비 강남점,naver,c120eb07-fe13-4515-875e-02a4abf0ce85
855,6805b73534faa0eb1fb4f944,6xFxm,summer0701,"웨이팅 없이 바로 입장했어요:)
음식도 바로 나와서 빠르게 잘 먹고갑니다!",,2025-04-21 03:00:10,37792495,장인닭갈비 강남점,naver,c120eb07-fe13-4515-875e-02a4abf0ce85
856,6805d10c134937aa009bb648,dh9pj,셀러브레티,"유명한 곳이라고 해서 와봤어요 매장 직원 친절하고 응대 하시는 것도 너무 좋고 매장도 너무 청결 하네요.

야채랑 샐러드 마음대로먹을 수 있어서 눈치도 안보이고 너무 좋아요. 정돈도 잘 되어 있습니다",,2025-04-21 02:35:38,37792495,장인닭갈비 강남점,naver,c120eb07-fe13-4515-875e-02a4abf0ce85
857,6804f276ff0f86bf5344c951,28IAn,gdtp,저번에 이용하고 맛도 좋아 다시 왔어요,,2025-04-20 13:08:00,37792495,장인닭갈비 강남점,naver,c120eb07-fe13-4515-875e-02a4abf0ce85
858,6804f262777b65dfc4447fcb,6njyp,페넬91,더 많이 자주 왔는데 리뷰는 두번째네요 ㅜㅜ 진짜 맛있규 친구 가족끼리 오기 너무 좋아요!! 잡내없는거 너무너무 좋고 고기 부드러워요 사리도 많구 맵기도 다 정할 수 있는 닭갈비입니다..🥹❤️ 담에 재방문 또 할생각이어요!!! 번창하세요~!~!~!,,2025-04-20 13:06:00,37792495,장인닭갈비 강남점,naver,c120eb07-fe13-4515-875e-02a4abf0ce85
859,6804f17a55be79ac24460792,6dScs,르아씌,항상 강남에 닭갈비 먹으러 오면 이리로 옵니다 맵기 조절도 되고 친절하고 맛있어요!,,2025-04-20 13:04:58,37792495,장인닭갈비 강남점,naver,c120eb07-fe13-4515-875e-02a4abf0ce85
860,6804e91dc653e099769ef747,2bGEuw,jhj****,"서울올때마다맨날오는찐맛집
넘맛잇고가격도착해요~~",,2025-04-20 12:22:37,37792495,장인닭갈비 강남점,naver,c120eb07-fe13-4515-875e-02a4abf0ce85
861,6804e7fa74b31714e4829caf,Yc0R,sin****,,,2025-04-20 12:18:36,37792495,장인닭갈비 강남점,naver,c120eb07-fe13-4515-875e-02a4abf0ce85
862,6804e7d1c4540b5bc14d3648,95bQy,hcl****,오랜만에 왔는데 여전히 맛있어용,,2025-04-20 12:18:36,37792495,장인닭갈비 강남점,naver,c120eb07-fe13-4515-875e-02a4abf0ce85
863,6804e74822513b6e7895a546,3wRpr,JL141355,,,2025-04-20 12:18:36,37792495,장인닭갈비 강남점,naver,c120eb07-fe13-4515-875e-02a4abf0ce85
864,6804e848b11c86e3f881473f,l02v,젤리강냥,너무너무 맛있고 음식도 빨리 나와서 좋아요♡,,2025-04-20 12:15:17,37792495,장인닭갈비 강남점,naver,c120eb07-fe13-4515-875e-02a4abf0ce85
865,6804e83a637f8143cae0e655,5n1fP,냠냠ㅇ0ㅇ,"오랜만에 왔는데 한결같이 맛있어요☺️☺️
강남에서 닭갈비 먹을 때는 이곳이 제일 좋아요 :D",,2025-04-20 12:15:17,37792495,장인닭갈비 강남점,naver,c120eb07-fe13-4515-875e-02a4abf0ce85
866,6804ccbb3274408be6cd939d,5CwN0,윤동수40,맛있어요~~~,,2025-04-20 10:27:09,37792495,장인닭갈비 강남점,naver,c120eb07-fe13-4515-875e-02a4abf0ce85
867,6804cc7cc5edc7527b703c7b,5hbxm,서정529,가보고 싶었는데 드디어 왔네옹 ㅎㅎ 양 대박입니다 맛있게 먹고 가용!,,2025-04-20 10:17:44,37792495,장인닭갈비 강남점,naver,c120eb07-fe13-4515-875e-02a4abf0ce85
868,6804befc38bbf23dc01bba17,3rdM9,eqeq9673,순한 맛에 치즈추가 부드럽고 맛있어요!,,2025-04-20 09:22:49,37792495,장인닭갈비 강남점,naver,c120eb07-fe13-4515-875e-02a4abf0ce85
869,6804bece13ffde898f22204c,3XaPU,지현7015,맛있고 양도 많아요! 옵션도 많고 배부르게 먹을 수 있어 좋습니다~ 볶음밥 짱이에요!,,2025-04-20 09:19:17,37792495,장인닭갈비 강남점,naver,c120eb07-fe13-4515-875e-02a4abf0ce85
870,6804b6eeda8e4809155388eb,23l0o,프라임40,강남역 맛집 닭갈비 너무 맛있어요,,2025-04-20 08:40:29,37792495,장인닭갈비 강남점,naver,c120eb07-fe13-4515-875e-02a4abf0ce85
871,6804b4d3b394f6db2563990b,67UTA,본새34,맛있어용!,,2025-04-20 08:40:29,37792495,장인닭갈비 강남점,naver,c120eb07-fe13-4515-875e-02a4abf0ce85
872,6804b23f6e000aa52054ddbc,aw7HR,lee****,맛잇어요,,2025-04-20 08:28:11,37792495,장인닭갈비 강남점,naver,c120eb07-fe13-4515-875e-02a4abf0ce85
873,6804b1fb5c97c51a960c07c0,c1O6b,얌미먀,항상 오는곳입니다 양더 많도 너무 맛있어요 !!!!,,2025-04-20 08:28:11,37792495,장인닭갈비 강남점,naver,c120eb07-fe13-4515-875e-02a4abf0ce85
874,6804a9d02b4cf7e8c4e6e6d8,3ydhQ,세종대왕38,오늘도 너무 맛있게 잘 먹고 갑니다😁😁😁,,2025-04-20 07:47:25,37792495,장인닭갈비 강남점,naver,c120eb07-fe13-4515-875e-02a4abf0ce85
875,6804b17beab82272aa377ab7,3InJ8,ghjk7476,닭갈비 맛있어요🩷 추천해요👍,,2025-04-20 07:23:46,37792495,장인닭갈비 강남점,naver,c120eb07-fe13-4515-875e-02a4abf0ce85
876,6804a2ab15a88c8ddbc08150,5WWUs,hsu****,,,2025-04-20 07:11:33,37792495,장인닭갈비 강남점,naver,c120eb07-fe13-4515-875e-02a4abf0ce85
877,68049fd76e152fd1756b7330,2bvBg4,ann****,교포입니다. 귀국할 때 마다 꼭 먹고 가는 곳입니다. 가성비도 맛도 아주 아주 굿~~입니다. 😍😍😍,,2025-04-20 07:11:33,37792495,장인닭갈비 강남점,naver,c120eb07-fe13-4515-875e-02a4abf0ce85
878,6804a702d4c9ab9041f7ca00,3heEO,Babamba84,맛있어요!❤️,,2025-04-20 07:09:23,37792495,장인닭갈비 강남점,naver,c120eb07-fe13-4515-875e-02a4abf0ce85
879,6804bad3a602cd6f15306fa5,3z58p,13254644,외국인 친구랑 걸어가다 맛있어 보여서 들어왔어요! 음식도 빨리 나오고 맛 조절도 가능해서 좋았어요 😊,,2025-04-20 06:45:40,37792495,장인닭갈비 강남점,naver,c120eb07-fe13-4515-875e-02a4abf0ce85
880,68049a0aa1de42001e79df85,1WjvK,신민아32,,,2025-04-20 06:38:10,37792495,장인닭갈비 강남점,naver,c120eb07-fe13-4515-875e-02a4abf0ce85
881,6804962f912ed0212f853894,Mce3,뚜2뚜2,"주문하고 5분도 안기다려서 음식이 빠르게나와서 좋아요🎵 치즈 양도 많고, 맵찔이라 순한맛시켰는데 하나도 안매워서 너무 맛있어요~!",,2025-04-20 06:28:41,37792495,장인닭갈비 강남점,naver,c120eb07-fe13-4515-875e-02a4abf0ce85
882,6804c8073a3adb341a1ae2ef,10NA3,뚜북이,"너무 맛있어요.
강남역 닭갈비는 여기가 짱인듯",,2025-04-20 06:16:24,37792495,장인닭갈비 강남점,naver,c120eb07-fe13-4515-875e-02a4abf0ce85
883,6804e7683e1f3b998170132f,1k7RZ,i4****,"맛있어요
오랜만에 가족끼리 맛있게 먹어요
야채가 마음껏 먹을 수 있어서 넘좋아요",,2025-04-20 05:54:39,37792495,장인닭갈비 강남점,naver,c120eb07-fe13-4515-875e-02a4abf0ce85
884,68048dedf4d0977911e2cd27,3HduS,No Others,"중간맛도 매콤해요! 
주문하고 바로 음식이 나와서 금방 먹을 수 있어 좋아욘 
개꿀맛😁😁",,2025-04-20 05:49:06,37792495,장인닭갈비 강남점,naver,c120eb07-fe13-4515-875e-02a4abf0ce85
885,680481131fd6344ba5d4cc76,3quAn,해피1924,오랜만에 닭갈비를 먹었는데 너무 맛있었습니다. 장인닭갈비 역시 최고👍 치즈랑 닭갈비랑 볶음밥까지 완전히 잘 먹었어요. 추천합니다.,,2025-04-20 05:04:12,37792495,장인닭갈비 강남점,naver,c120eb07-fe13-4515-875e-02a4abf0ce85
886,6804811046169c46bb125435,2d7yvq,yoo****,,,2025-04-20 05:04:12,37792495,장인닭갈비 강남점,naver,c120eb07-fe13-4515-875e-02a4abf0ce85
887,68047eb5f055c3d96c9a437e,47cl5,뿌루룽74,두번째 방문이에용 치즈추가 필수!! 맛있어요,,2025-04-20 04:53:28,37792495,장인닭갈비 강남점,naver,c120eb07-fe13-4515-875e-02a4abf0ce85
888,68048030145dc300924d3075,cgITU,cnd****,맛있어요,,2025-04-20 04:47:50,37792495,장인닭갈비 강남점,naver,c120eb07-fe13-4515-875e-02a4abf0ce85
889,6804673c98d833cfb5d14a3c,1Z9cn,Dkdqjxj,"자주 오는 곳인데 올 때마다 너무 맛있어요.ᐟ
강남쪽 닭갈비는 여기가 최고인듯👍🏻",,2025-04-20 03:13:29,37792495,장인닭갈비 강남점,naver,c120eb07-fe13-4515-875e-02a4abf0ce85
890,680466a8c8bc863faf10a188,3rgZz,buleMOON,양이 푸짐하고 너무 맛있다 직원들이 친절하고 맵지않아서 같이온 친구와 함께 맛있게 먹었습니다.,,2025-04-20 02:58:18,37792495,장인닭갈비 강남점,naver,c120eb07-fe13-4515-875e-02a4abf0ce85
891,68049b3dbdb888fa2e8202b9,30Fwy,SeungJ,뼈없는 닭갈비에 모짜렐라 추가해서 먹었어요 넘 맛있고 양도 푸짐한거 같아요 👍👍,,2025-04-20 02:56:56,37792495,장인닭갈비 강남점,naver,c120eb07-fe13-4515-875e-02a4abf0ce85
892,68046b6e606797233f80c919,3iZwc,강재혁2022,"리뷰 써서 콜라를 무료로 준다길래 써주고 콜라를 마셨는데 영수증에 콜라가 그대로 남아있네요

매장이 바쁠때는 계산할때 영수증 받고 꼼꼼히 보세요~

--------
리뷰하면 콜라준다해서  리뷰 써서 콜라마셨는데
콜라 값 그대로 받아먹어놓곤 사장 저거 먼소리고",,2025-04-20 02:53:00,37792495,장인닭갈비 강남점,naver,c120eb07-fe13-4515-875e-02a4abf0ce85
893,680471bae79508ced0c6f539,cAPPB,기믄수6,인기많아서 방문했는데 왜 인기많은지 알겠네요! 완전 맛있었습니다!,,2025-04-20 02:49:57,37792495,장인닭갈비 강남점,naver,c120eb07-fe13-4515-875e-02a4abf0ce85
894,680469c78bcf6aa50b9c6645,1F2Qg,개척자7162,,,2025-04-20 02:49:57,37792495,장인닭갈비 강남점,naver,c120eb07-fe13-4515-875e-02a4abf0ce85
895,6803820315564315ee701f0b,5yQ6p,뺑이348,완전 맛있어요!! 강추!!,,2025-04-19 10:57:42,37792495,장인닭갈비 강남점,naver,c120eb07-fe13-4515-875e-02a4abf0ce85
896,680381290282fd19664a9ebe,5X5CC,mohanee,양도 많고 맛있어요!! :),,2025-04-19 10:49:10,37792495,장인닭갈비 강남점,naver,c120eb07-fe13-4515-875e-02a4abf0ce85
897,68048492e9f19206e2a3fd4b,5vHMH,정유진66,맛있었어요 닭갈비 최공 핑 최공,,2025-04-19 10:08:24,37792495,장인닭갈비 강남점,naver,c120eb07-fe13-4515-875e-02a4abf0ce85
898,68039affb80dca7df2b407bd,6nWp5,kim****,맛있습니다! 다음에도 올것같아요!,,2025-04-19 10:08:24,37792495,장인닭갈비 강남점,naver,c120eb07-fe13-4515-875e-02a4abf0ce85
899,680377fb494b7e3d5398e6c3,41zzB,으ㅅㅇ,맛있어요!,,2025-04-19 10:08:24,37792495,장인닭갈비 강남점,naver,c120eb07-fe13-4515-875e-02a4abf0ce85
900,68036ab8024183c6ef175f67,brdJ9,nyomnyomie,늘 맛있어요 (: 주말에 오니 사람 북적이네요! 강남 오면 종종 먹는 닭갈비 맛집입니다!,,2025-04-19 09:17:20,37792495,장인닭갈비 강남점,naver,c120eb07-fe13-4515-875e-02a4abf0ce85
901,680370378c46626c2a38884b,4cD1d,1o24,너무 맛있고 양도 많고 친절해요 🤍,,2025-04-19 09:06:13,37792495,장인닭갈비 강남점,naver,c120eb07-fe13-4515-875e-02a4abf0ce85
902,6803701fc7c08b40b8800aa0,38s4T,나야나9074,,,2025-04-19 09:06:13,37792495,장인닭갈비 강남점,naver,c120eb07-fe13-4515-875e-02a4abf0ce85
903,68037065ec7fc18cb7e559d9,8qsQo,이원석198,맛있어요~ 다음에도 올게요,,2025-04-19 09:00:00,37792495,장인닭갈비 강남점,naver,c120eb07-fe13-4515-875e-02a4abf0ce85
904,680366c445f88eb419811e18,1AL5t,cofla9805,맛있어용 ><,,2025-04-19 08:54:08,37792495,장인닭갈비 강남점,naver,c120eb07-fe13-4515-875e-02a4abf0ce85
905,68038fd9d812e1389c3d84f0,e0S0I,tig****,양이 너무 많고 고기도 정말 맛이있어요🔥,,2025-04-19 08:44:56,37792495,장인닭갈비 강남점,naver,c120eb07-fe13-4515-875e-02a4abf0ce85
906,6803625e646225805a5e2628,6weta,정회윤31,닭갈비 넘 맛있고 치즈도 진하고 맛있어요!!,,2025-04-19 08:26:27,37792495,장인닭갈비 강남점,naver,c120eb07-fe13-4515-875e-02a4abf0ce85
907,6803618c63f33bdba7e2562d,41wqq,임수빈6937,데이트로 왓는데 양도 많고 맛있어요!! 매장도 넓고 셀프바도 좋았습니당~,,2025-04-19 08:26:27,37792495,장인닭갈비 강남점,naver,c120eb07-fe13-4515-875e-02a4abf0ce85
908,680396ff6b73eacdf2bc1cd7,WHL6,김성현4582,장인닭갈비 처음먹어보는대 맛있어요,,2025-04-19 08:14:48,37792495,장인닭갈비 강남점,naver,c120eb07-fe13-4515-875e-02a4abf0ce85
909,68035e1fc8bc863faf9533d1,3bLtG,waddgshs,직원분들도 다 친절하시고 맛있게 잘 먹었습니다!!!,,2025-04-19 08:12:38,37792495,장인닭갈비 강남점,naver,c120eb07-fe13-4515-875e-02a4abf0ce85
910,680355da01a53cbf7c1d5afe,3TV9j,dia****,넘 맛있규 알차고 든든했오요  굿,,2025-04-19 07:40:01,37792495,장인닭갈비 강남점,naver,c120eb07-fe13-4515-875e-02a4abf0ce85
911,68034e05eab82272aa4a90f6,3xmLf,이성탄21,"맛있어요
11",,2025-04-19 06:59:09,37792495,장인닭갈비 강남점,naver,c120eb07-fe13-4515-875e-02a4abf0ce85
912,680345a164f66f5d908f771b,66nhY,유경오80,너무 맛있어요~~~ 대박 강추,,2025-04-19 06:28:18,37792495,장인닭갈비 강남점,naver,c120eb07-fe13-4515-875e-02a4abf0ce85
913,6803459546e72860e63316c1,3wOLP,후크선장14,완전따끈따끈!! 맛나구 외국인도 엄청많은 맛집인듯!!!,,2025-04-19 06:28:18,37792495,장인닭갈비 강남점,naver,c120eb07-fe13-4515-875e-02a4abf0ce85
914,680342f3fec7a34097b1db7a,65NPk,isk****,진짜 음식이 빨리 나와서 좋아요~~!,,2025-04-19 06:26:25,37792495,장인닭갈비 강남점,naver,c120eb07-fe13-4515-875e-02a4abf0ce85
915,680342c57edb48dcfccf8c41,tfIJ,뚜꾸리꺼,"항상 먹어도 맛있는 장인닭갈비
토요일 오후 3시에도 사람 엄청 많구요
정신없는 것만 상관 없으면
믿고 드세요",,2025-04-19 06:26:25,37792495,장인닭갈비 강남점,naver,c120eb07-fe13-4515-875e-02a4abf0ce85
916,68033de4e687d92e3ba3e37d,1hYHH,희망이5462,일본에서 유명한 치즈닭갈비. 일본친구 데려왔더니 진짜 맛있어요 연발합니다 ㅎ 양에 놀라고 치즈에 놀라고 맛에 놀랐어요^^,,2025-04-19 06:00:36,37792495,장인닭갈비 강남점,naver,c120eb07-fe13-4515-875e-02a4abf0ce85
917,68033dd4ef27fed048c7a14b,9yWvx,sub****,맛집이다고 찾아왔는데 맛집맞습니다. 사람고 많고 그냥 또 오고 싶네요!! 셀프바에서 상추 쌈장이랑 앞치마도 무료 제공이라 너무 편하고 좋았어요.,,2025-04-19 06:00:36,37792495,장인닭갈비 강남점,naver,c120eb07-fe13-4515-875e-02a4abf0ce85
918,68033d43f483cf83625c7a8a,VVo1,a연꽃b,너무 맛있어요! 비주얼 대박~👍🏻,,2025-04-19 05:53:01,37792495,장인닭갈비 강남점,naver,c120eb07-fe13-4515-875e-02a4abf0ce85
919,6803369455a0277f2a9b5216,9Op1y,kgh****,"돌아다니다가 들어왔는데 매장넓고 음식 빨리 나오고
맛있어요!!!
다음에 올게요이~!!!!",,2025-04-19 05:31:53,37792495,장인닭갈비 강남점,naver,c120eb07-fe13-4515-875e-02a4abf0ce85
920,6803364d84aaa02bc5f45918,6892C,돈들어  손내놔,"강남 정처없이 떠돌다 장인닭갈비집 들어간 거지둘….
1인당 3인분씩 뿌시는뎅 배불리 먹고 갑니당 ˶ᵔ∇ᵔ˶ 
양도 맛도 짱이에용 번창하세요!!!!!!!!!!!!!!!다음에 또 와야하니까!!!!!",,2025-04-19 05:31:23,37792495,장인닭갈비 강남점,naver,c120eb07-fe13-4515-875e-02a4abf0ce85
921,6803314e53902a855a0d3814,3ZDSe,하지16,,,2025-04-19 05:11:48,37792495,장인닭갈비 강남점,naver,c120eb07-fe13-4515-875e-02a4abf0ce85
922,68033144edc2f892824a81f1,70NBp,LUNO,완전맛있고 양도많고 음식도 바로나옵니다 5분도 안걸린듯?? 짱짱,,2025-04-19 05:11:48,37792495,장인닭갈비 강남점,naver,c120eb07-fe13-4515-875e-02a4abf0ce85
923,68032fe3f5439990822cd4af,1jjNL,소망아 반가워,,,2025-04-19 05:05:34,37792495,장인닭갈비 강남점,naver,c120eb07-fe13-4515-875e-02a4abf0ce85
924,68032b95672aa07216fa3525,2cgVoJ,jis****,,,2025-04-19 04:46:45,37792495,장인닭갈비 강남점,naver,c120eb07-fe13-4515-875e-02a4abf0ce85
925,68032c864a2fe23314ce573d,ejkF0,someone6758,,,2025-04-19 04:45:25,37792495,장인닭갈비 강남점,naver,c120eb07-fe13-4515-875e-02a4abf0ce85
926,680324b55f944129804bd8f4,3SkNJ,le****,이렇게 양 많은 닭갈비 첨 봤어요! 맛있습니다ㅎㅎ,,2025-04-19 04:16:46,37792495,장인닭갈비 강남점,naver,c120eb07-fe13-4515-875e-02a4abf0ce85
927,6803245318d760a9448fb1d3,8tNGc,rla****,맛있는게 먹었어영,,2025-04-19 04:05:04,37792495,장인닭갈비 강남점,naver,c120eb07-fe13-4515-875e-02a4abf0ce85
928,680323fd0b6e8d719a04a8d0,2ARCC,뾰로롱5721,치즈도 많고 맛있어서 친구와 약속장소로 잡기 좋아요,,2025-04-19 04:05:04,37792495,장인닭갈비 강남점,naver,c120eb07-fe13-4515-875e-02a4abf0ce85
929,680319b7bcb036e7cd67ffab,1bXqS,자다모,"장인닭갈비 너무 유명해서 강남역 간 김에 방문했는데요
맵기도 적당하고 맛있고 모짜렐라 치즈와 먹는 식감이 너무 좋았슴니다. 가격도 적당해서 자주 방문할 것 같아요",,2025-04-19 03:28:22,37792495,장인닭갈비 강남점,naver,c120eb07-fe13-4515-875e-02a4abf0ce85
930,6803158f359d7777483d7c20,1NWgM,너구12,직원분들 너무 친절하시고 닭갈비도 너무너무 맛있어용 ㅎㅎㅎ,,2025-04-19 03:04:46,37792495,장인닭갈비 강남점,naver,c120eb07-fe13-4515-875e-02a4abf0ce85
931,680315474bd2fd3b42571910,eSZIu,ujs****,음식이 맛있어요~,,2025-04-19 02:56:31,37792495,장인닭갈비 강남점,naver,c120eb07-fe13-4515-875e-02a4abf0ce85
932,680314b762e32c20f26e8502,5RD6f,홍승엽98,,,2025-04-19 02:56:31,37792495,장인닭갈비 강남점,naver,c120eb07-fe13-4515-875e-02a4abf0ce85
933,6803134633d690cbca339f66,5rJDg,새로운 삶을 위해서,딸이랑 데이트~^^,,2025-04-19 02:56:31,37792495,장인닭갈비 강남점,naver,c120eb07-fe13-4515-875e-02a4abf0ce85
934,6803130b2ccf889e7b625b2a,4ktD0,쇼 닝,맛있어용 닭갈비는 말해뭐해 ㅎㅋ ~~,,2025-04-19 02:56:31,37792495,장인닭갈비 강남점,naver,c120eb07-fe13-4515-875e-02a4abf0ce85
935,68032e3c3bbe673687780a3a,ZybV,예미공주,맛나요!,,2025-04-19 02:56:20,37792495,장인닭갈비 강남점,naver,c120eb07-fe13-4515-875e-02a4abf0ce85
936,68031bb20b6e8d719afd6622,2cGj11,dfn****,Came on a weekend and despite the waiting line we were seated within 5 minutes. The food comes out cooked which is great as you don't need to wait for it to be cooked. You can choose the spice level and I chose the middle one. Overall experience was good and food tasted pretty good. Would come back again when visiting gangnam again.,,2025-04-19 02:52:58,37792495,장인닭갈비 강남점,naver,c120eb07-fe13-4515-875e-02a4abf0ce85
937,680321ef86daa5c45a75ee82,2Bqdk,pi9****,,,2025-04-19 02:50:00,37792495,장인닭갈비 강남점,naver,c120eb07-fe13-4515-875e-02a4abf0ce85
938,68032267e1f0fe1945ce95ed,1FgtL,ste****,"토요일 1시에 왔는데 타이밍 좋게 대기 없이 바로 들어왔어요! 사람많은 이유가 있어용 ㅋㅋㅋ맛있습니다
중간맛 먹었는데 딱 좋아용!",,2025-04-19 02:36:49,37792495,장인닭갈비 강남점,naver,c120eb07-fe13-4515-875e-02a4abf0ce85
939,6803091f9ab977ae6442198f,4kDEp,올드카우,맛있구좋아요,,2025-04-19 02:15:06,37792495,장인닭갈비 강남점,naver,c120eb07-fe13-4515-875e-02a4abf0ce85
940,6802553a41e8df6d1ddc1710,byGEy,ㄸㄱ,맛있아용~~~~,,2025-04-18 13:25:44,37792495,장인닭갈비 강남점,naver,c120eb07-fe13-4515-875e-02a4abf0ce85
941,680254469fbfe488d640810a,3611c,wjdguswjdal,너무 맛있어요 👍🏻👍🏻 예약없이 바로 들어와서 먹었습니다,,2025-04-18 13:25:44,37792495,장인닭갈비 강남점,naver,c120eb07-fe13-4515-875e-02a4abf0ce85
942,68023a4cf0e64a98319cd076,8THwK,wis****,진짜 진짜 맛있어요~~,,2025-04-18 11:37:21,37792495,장인닭갈비 강남점,naver,c120eb07-fe13-4515-875e-02a4abf0ce85
943,68023a0dac90450cf02f0564,8u2UR,캔커피96,처음 와봤는데 닭갈비가 너무 맛있어요~~~,,2025-04-18 11:37:21,37792495,장인닭갈비 강남점,naver,c120eb07-fe13-4515-875e-02a4abf0ce85
944,680232cf1544c4e44522be0d,6KEPA,Alice6167,대기 많은데도 빠르고 회전율듀 좋아서 금방 음식 나왔어요! 맛있어요 최고에용🙂,,2025-04-18 11:06:11,37792495,장인닭갈비 강남점,naver,c120eb07-fe13-4515-875e-02a4abf0ce85
945,680223ed5da419dd032a4faf,3dPUL,뚜뚜O3O,"오랜만에 장인방문!! 맛있어요ㅠㅠ
다른데보다이근처 닭갈비는여기가짱인거같아요 먹고 볶음밥은 필수!!",,2025-04-18 09:58:18,37792495,장인닭갈비 강남점,naver,c120eb07-fe13-4515-875e-02a4abf0ce85
946,680222ba8ab44c1767095cd8,2Uemv,qaz3626,치즈닭갈비먹고싶어서 왔는데 음식도 빠르게 나오고 진짜 맛잇습니다 다음에 또올것같아요~,,2025-04-18 09:54:49,37792495,장인닭갈비 강남점,naver,c120eb07-fe13-4515-875e-02a4abf0ce85
947,680220d44172e81d0a4ebd1c,4drgz,집문서찢는법45,맛있게 잘 먹었습니다!!,,2025-04-18 09:50:19,37792495,장인닭갈비 강남점,naver,c120eb07-fe13-4515-875e-02a4abf0ce85
948,680219b4fd84a69360277d69,1q1Tn,리혀낭,"너무 맛있어요 ! 사람 많은 이유가 있습니다 🤩
#강남역맛집 내가 #또간집",,2025-04-18 09:11:27,37792495,장인닭갈비 강남점,naver,c120eb07-fe13-4515-875e-02a4abf0ce85
949,6802197696b4987b2003a46f,rTvb,고구마곰돌이,"맛있어요!!!!
강남역 오면 점심 세트로 먹기 딱~~~~
셀프바도 깨끗해서 굿굿 #강남역맛집 #닭갈비맛집",,2025-04-18 09:11:27,37792495,장인닭갈비 강남점,naver,c120eb07-fe13-4515-875e-02a4abf0ce85
950,680219732837b90b27dc98b7,IVbH,wngml1924,맛있게잘먹었어요,,2025-04-18 09:11:27,37792495,장인닭갈비 강남점,naver,c120eb07-fe13-4515-875e-02a4abf0ce85
951,680226f8646225805a8ec8b4,6x3Sb,wpwe,맛있어요~^^,,2025-04-18 08:48:32,37792495,장인닭갈비 강남점,naver,c120eb07-fe13-4515-875e-02a4abf0ce85
952,6801ffa86e2e9d06e76ebd25,en2e5,ssoo0oong,사장님이 맛있고 음식이 재밌어요 👍,,2025-04-18 07:26:04,37792495,장인닭갈비 강남점,naver,c120eb07-fe13-4515-875e-02a4abf0ce85
953,6802061bc5edc7527ba10de2,3LDHC,이지노88,와우 싹싹 다 먹엇어요! 다음에 또 올거에요 무조건 사진은 못찍엇는데 볶음밥도까지 클리어~~><,,2025-04-18 07:24:45,37792495,장인닭갈비 강남점,naver,c120eb07-fe13-4515-875e-02a4abf0ce85
954,680200c09d92b1ca6375d34c,4XEH0,spw****,와우 너무 마싯어용 ㅠㅠ 두번 째 방문 남친이랑 뎃투 기분 조케 하다감!,,2025-04-18 07:24:45,37792495,장인닭갈비 강남점,naver,c120eb07-fe13-4515-875e-02a4abf0ce85
955,6801f9f39e1cc2d96d2ad2b0,8UoI8,Octopu,닭갈비도 맛있고 볶음밥도 맛있어요,,2025-04-18 07:05:44,37792495,장인닭갈비 강남점,naver,c120eb07-fe13-4515-875e-02a4abf0ce85
956,6801f2abf96c168c211e2e3f,6hgTN,pp50,맛있어용 담에 또 올게요,,2025-04-18 06:20:10,37792495,장인닭갈비 강남점,naver,c120eb07-fe13-4515-875e-02a4abf0ce85
957,6801e6e3e222cd932e87399b,OJ3b,dun****,점심특선 맛있어요,,2025-04-18 05:33:04,37792495,장인닭갈비 강남점,naver,c120eb07-fe13-4515-875e-02a4abf0ce85
958,6801e6929ab977ae64af80c8,e8up,리뷰 중독,,,2025-04-18 05:33:04,37792495,장인닭갈비 강남점,naver,c120eb07-fe13-4515-875e-02a4abf0ce85
959,6801db30b8991318b67de216,6gh2U,Adam6656,맛있게 먹고 왔습느다,,2025-04-18 04:48:02,37792495,장인닭갈비 강남점,naver,c120eb07-fe13-4515-875e-02a4abf0ce85
960,6801da4e617f09caeb84cde8,7CSSJ,glorie,무랑 깻잎이랑 같이 싸먹으면 진짜 JMT ~~ mm good👍,,2025-04-18 04:48:02,37792495,장인닭갈비 강남점,naver,c120eb07-fe13-4515-875e-02a4abf0ce85
961,6801da98387dca5bf3245af3,67Zxn,Jeonjinwoo,맛있습니다.,,2025-04-18 04:43:32,37792495,장인닭갈비 강남점,naver,c120eb07-fe13-4515-875e-02a4abf0ce85
962,6801d2c589165640827e9d26,16IjK,본인숲,,,2025-04-18 04:15:29,37792495,장인닭갈비 강남점,naver,c120eb07-fe13-4515-875e-02a4abf0ce85
963,6801d2a8cf324d7b1d1dbd8e,2kVYH,보물창고45,맛있고 친전ㅅ ♡또 올께요,,2025-04-18 04:15:29,37792495,장인닭갈비 강남점,naver,c120eb07-fe13-4515-875e-02a4abf0ce85
964,6802240af96c168c21495c5a,6teO8,TTERUOOM,너무 맛있어요~ 모임하기 좋아요!,,2025-04-18 03:54:47,37792495,장인닭갈비 강남점,naver,c120eb07-fe13-4515-875e-02a4abf0ce85
965,6802109d2d9e1d46d05ab858,1cYSu,WONNY8,"닭갈비집에서 혼밥~ 
처음와봤는데 맛있다 평소에 먹던거랑 조금다른 맛인데 맛있게 맵다
다음에 또 방문예정~",,2025-04-18 03:50:35,37792495,장인닭갈비 강남점,naver,c120eb07-fe13-4515-875e-02a4abf0ce85
966,6801cc5b03929f25a9d50b37,1AOkx,T yun,맨날 지나가다 봣는데 너무 맛잇어옹,,2025-04-18 03:43:53,37792495,장인닭갈비 강남점,naver,c120eb07-fe13-4515-875e-02a4abf0ce85
967,6801cca0fec7a34097de669b,3f7QR,envshin,"점심맛집으로 괜히 소문난게 아니었어요!!
고소한 치즈와 너무 잘어울리는 맛!!
정말 강추입니다!!!",,2025-04-18 03:43:00,37792495,장인닭갈비 강남점,naver,c120eb07-fe13-4515-875e-02a4abf0ce85
968,6801c66f7b81df90eade60b1,dwgNd,rla****,음식도 맛있고 양도 2인으로 먹기 너무 좋습니다. 볶음밥까지 드세요!!!!,,2025-04-18 03:17:33,37792495,장인닭갈비 강남점,naver,c120eb07-fe13-4515-875e-02a4abf0ce85
969,6801bfb25ebf34d45f2bb763,1sZja,박교양,와 진짜 맛있어요 장인닭갈비가 맛있네요,,2025-04-18 02:55:22,37792495,장인닭갈비 강남점,naver,c120eb07-fe13-4515-875e-02a4abf0ce85
970,6801bc9b1f1e63360c6350ae,ad6Bf,han****,"항상오는 닭갈비 맛집!!!
올때마다 맛있고 닭갈비집인데 깔끔해소좋아요!!

치즈사리추가는 진짜 필수입니다~~~",,2025-04-18 02:37:54,37792495,장인닭갈비 강남점,naver,c120eb07-fe13-4515-875e-02a4abf0ce85
971,6800eb14459ae79a366091ff,32hoy,마카롱롱50,믿고 먹는 장인닭갈비😍빨간 양념에 우동사리 필수!! 볶음밥듀 필수!!!늦은 시간인데도 거의 만석일 정도로 인기 많아용,,2025-04-17 11:36:24,37792495,장인닭갈비 강남점,naver,c120eb07-fe13-4515-875e-02a4abf0ce85
972,6800d6eea5d4f7578a63799f,adqaN,리아4790,,,2025-04-17 10:19:24,37792495,장인닭갈비 강남점,naver,c120eb07-fe13-4515-875e-02a4abf0ce85
973,6800d629cb982b9164b469ad,2Tc0G,dkffkqb1001,너무 맛있어요 ㅠㅠ 여러번 방문하고있어요! 자주 올 거 같아요,,2025-04-17 10:17:23,37792495,장인닭갈비 강남점,naver,c120eb07-fe13-4515-875e-02a4abf0ce85
974,6800ce18ed0e50eeaf86a138,4j49C,의정부이호승,"두번째 방문인데 이번에도 너무 맛있게 먹었습니다.
양도 많고 맛도 최고입니다.
다음에도 또 올게요~",,2025-04-17 09:42:27,37792495,장인닭갈비 강남점,naver,c120eb07-fe13-4515-875e-02a4abf0ce85
975,6800cdf55227ac5c2e1ea40b,1MsBH,ksh1756,,,2025-04-17 09:42:27,37792495,장인닭갈비 강남점,naver,c120eb07-fe13-4515-875e-02a4abf0ce85
976,6800cde38ba3946268bbe92c,4U8U0,enjoiiy,,,2025-04-17 09:42:27,37792495,장인닭갈비 강남점,naver,c120eb07-fe13-4515-875e-02a4abf0ce85
977,6800ed897dbb265a08f16536,bW2OU,you****,맛있어요,,2025-04-17 09:12:56,37792495,장인닭갈비 강남점,naver,c120eb07-fe13-4515-875e-02a4abf0ce85
978,6800c769e9f19206e2b10d33,R3Uc,하튜브,"처음 방문한 곳인데 고기도 연하고 쭉쭉 늘어나는 치즈랑 같이 먹으니 너무 맛있네요
손님들도 엄청많아요
다음에 재방문의사있습니다
잘먹고갑니다",,2025-04-17 09:05:02,37792495,장인닭갈비 강남점,naver,c120eb07-fe13-4515-875e-02a4abf0ce85
979,6800c72002bc945047fc2efd,4Xfvk,kosung,치즈가 한가득에 가성비가 좋아요!! 맛있게잘먹엇습니다!,,2025-04-17 09:05:02,37792495,장인닭갈비 강남점,naver,c120eb07-fe13-4515-875e-02a4abf0ce85
980,6800c2a7f5e549083047394e,2oWq8,orrola37,,,2025-04-17 08:53:23,37792495,장인닭갈비 강남점,naver,c120eb07-fe13-4515-875e-02a4abf0ce85
981,6800cab75ab722f10dbf4bdf,8v8K4,Guest67,처음 와봤는데 양 엄청 많고 맛있어요! 친구가 맛집이라거 추천해줬는데 완전 인정👍🏻 뼈없는 닭갈비 중간맛 시켰는데 맵찔이인 저에게는 조금 맵지만 치즈랑 같이 먹으면 딱 좋아요~~,,2025-04-17 08:35:17,37792495,장인닭갈비 강남점,naver,c120eb07-fe13-4515-875e-02a4abf0ce85
982,6800b2e6b87d6886a0604314,2mRSX,jiw****,맛있어용~~!,,2025-04-17 07:32:01,37792495,장인닭갈비 강남점,naver,c120eb07-fe13-4515-875e-02a4abf0ce85
983,6800b26e06f7b2828ffbf0a0,bP9SD,sin****,굿굿 맛있어용,,2025-04-17 07:32:01,37792495,장인닭갈비 강남점,naver,c120eb07-fe13-4515-875e-02a4abf0ce85
984,6800ac6abfa85acac9c89679,33D7k,junmmo26,"닭갈비 먹고싶을때마다 자주 오는 곳이에요!!
맵찔이라 순한 맛으로 먹는데 넘 맛있어요
강남에서 닭갈비 먹고싶을때 여기로 오세요!!",,2025-04-17 07:10:59,37792495,장인닭갈비 강남점,naver,c120eb07-fe13-4515-875e-02a4abf0ce85
985,6800ac00bf213590622a6c98,ahrfS,qwe****,자주 오는 곳 맛있어요 잘 먹고 갑니다 ~~🌸,,2025-04-17 07:10:59,37792495,장인닭갈비 강남점,naver,c120eb07-fe13-4515-875e-02a4abf0ce85
986,680083af85046534d95bee4b,2h6q2,eye****,"점심 메뉴 시켰는데요 우와 넘넘 푸짐  
야채와 휴지등 은 셀프로 푸짐히 먹을 수 있어서  좋아요",,2025-04-17 04:21:51,37792495,장인닭갈비 강남점,naver,c120eb07-fe13-4515-875e-02a4abf0ce85
987,6800797831fc6e01aed7a956,cNWrc,red****,양도 많고 직원분들도 친절해요,,2025-04-17 03:43:55,37792495,장인닭갈비 강남점,naver,c120eb07-fe13-4515-875e-02a4abf0ce85
988,6800ed925977381c8fb67e28,4S5e3,jeon7512,엄청 맛있고 양도 많아요!!! 배부르게 잘 먹었어요 ㅎㅎㅎ,,2025-04-17 03:26:34,37792495,장인닭갈비 강남점,naver,c120eb07-fe13-4515-875e-02a4abf0ce85
989,6805debbbf21359062e56843,cC6s1,ghf****,,,2025-04-17 03:17:01,37792495,장인닭갈비 강남점,naver,c120eb07-fe13-4515-875e-02a4abf0ce85
990,6805e5d77dbb265a081f8a1d,eP9lB,yjs****,맛있어요~!😀,,2025-04-17 03:16:45,37792495,장인닭갈비 강남점,naver,c120eb07-fe13-4515-875e-02a4abf0ce85
991,67ffb99e804b4dc1d45ea552,3YUhm,다람쥐89,아주 맛나용,,2025-04-16 13:14:00,37792495,장인닭갈비 강남점,naver,c120eb07-fe13-4515-875e-02a4abf0ce85
992,67ffa0d570a6820b0b577950,7A3XB,녹차라떼8610,설명이 매우 친절하세요! 아무리 바빠도 바쁜티 하나 안내고 천천히 잘설명해주세요! 음식도 무엇보다 너무 맛있어요! 닭갈비가 짜기가 쉬운 음식인데 짜지 않아서 너무 좋았어요,,2025-04-16 12:09:11,37792495,장인닭갈비 강남점,naver,c120eb07-fe13-4515-875e-02a4abf0ce85
993,67ff9c02e1f0fe194591e3b1,3pLiz,guna3794,양 많고 맛있어요!!,,2025-04-16 11:55:43,37792495,장인닭갈비 강남점,naver,c120eb07-fe13-4515-875e-02a4abf0ce85
994,67ff9aa0e672d57b16a9e8b1,1vMEa,밀래밀래,오랜만에 와서 먹었는데 너무 맛있게 잘먹었어요!!!,,2025-04-16 11:42:34,37792495,장인닭갈비 강남점,naver,c120eb07-fe13-4515-875e-02a4abf0ce85
995,680064fe21d50325d4bbdd44,4vwqj,좋은밤2,친구랑 강남역 맛집이라고 해서 왔는데 맛있고 좋아요.. 치즈에 빠지네요,,2025-04-16 11:21:39,37792495,장인닭갈비 강남점,naver,c120eb07-fe13-4515-875e-02a4abf0ce85
996,6800803b215ae418d0c875ab,8FCR2,Pplz,"치즈랑 라면 사리는 꼭 추가해서 드세요🧀👍! 닭갈비랑 정말 잘 어울렸어요
매운 거 잘 못 먹어서 중간맛 주문했는데 적당히 맛있게 매워서 좋았습니다🌶️",,2025-04-16 10:12:33,37792495,장인닭갈비 강남점,naver,c120eb07-fe13-4515-875e-02a4abf0ce85
997,67ff830ad6cd142c776e7d9d,3xR3f,루룽00,완전 맛있어요,,2025-04-16 10:09:50,37792495,장인닭갈비 강남점,naver,c120eb07-fe13-4515-875e-02a4abf0ce85
998,67ff870f24439d30955c95ff,2bHFZc,adi****,"정말 맛있게 먹겠습니다
때깔만 보아도 방금 먹고왔던 밥이 
쏙 들어가는 비주얼",,2025-04-16 09:42:37,37792495,장인닭갈비 강남점,naver,c120eb07-fe13-4515-875e-02a4abf0ce85
999,67ff7e7e93c4c4f35a0da3a8,6g4b6,nmm****,"너무 맛있었어요 !!
다음에 뜌 먹으러 올게요~",,2025-04-16 09:40:49,37792495,장인닭갈비 강남점,naver,c120eb07-fe13-4515-875e-02a4abf0ce85
1000,67ff7e7e3a10875aa7568b7e,5gKsN,sf****,맛있습니다! 치즈추가 꼭 하세요!!! 자리가 엄청 넓긴한데 저녁시간엔 금방금방 찹니다!,,2025-04-16 09:40:49,37792495,장인닭갈비 강남점,naver,c120eb07-fe13-4515-875e-02a4abf0ce85
1001,67ff77ddad908d4b0febb7d8,3nJKj,맛있는 곳을 찾아서,너무 맛있어요!!!!,,2025-04-16 09:15:43,37792495,장인닭갈비 강남점,naver,c120eb07-fe13-4515-875e-02a4abf0ce85
1002,67ff77b933d690cbcaf70288,4nPNP,최유빈9136,"양 완전 많고 직원분들도 너무 친절하세요💕
강남에서 이정도 가성비 진짜 미침 ㅠㅠㅠ🤩❤️❤️🥹",,2025-04-16 09:12:31,37792495,장인닭갈비 강남점,naver,c120eb07-fe13-4515-875e-02a4abf0ce85
1003,67ff765a8bcf6aa50b13d5e1,3utBH,열심히하는놈,너무 맛있어요 다음에도 오고싶어요!!!,,2025-04-16 09:12:31,37792495,장인닭갈비 강남점,naver,c120eb07-fe13-4515-875e-02a4abf0ce85
1004,67ff7ada8b91bb80d3b18376,6fiYq,이지우951,너무 맛있어요 오늘이 4번째 방문입니당,,2025-04-16 09:12:10,37792495,장인닭갈비 강남점,naver,c120eb07-fe13-4515-875e-02a4abf0ce85
1005,67ff77da6df924da2f11bb65,6bcoo,suj****,역시 너무 맛있어요 !!!,,2025-04-16 09:10:48,37792495,장인닭갈비 강남점,naver,c120eb07-fe13-4515-875e-02a4abf0ce85
1006,67ff75a82580a24e476a6227,2ychI,단호한프로도,양도 많고 정말 맛있습니다,,2025-04-16 09:10:48,37792495,장인닭갈비 강남점,naver,c120eb07-fe13-4515-875e-02a4abf0ce85
1007,67ff7ac87e20536ea5083d95,8XUI0,Abcde123457,#강남역맛집,,2025-04-16 09:09:30,37792495,장인닭갈비 강남점,naver,c120eb07-fe13-4515-875e-02a4abf0ce85
1008,67ff73063c505ad0b401a234,2kqrX,펭귄허리,간만에 왔는데 맛있네요. 맵지리는 순한맛 시킵시다. ㅎㅎ,,2025-04-16 08:46:56,37792495,장인닭갈비 강남점,naver,c120eb07-fe13-4515-875e-02a4abf0ce85
1009,67ff6ffb3efd461deeb8ab10,5NCum,barbie brown,딱 원하던 맛과 토핑,,2025-04-16 08:46:56,37792495,장인닭갈비 강남점,naver,c120eb07-fe13-4515-875e-02a4abf0ce85
1010,67ff6ff08e186b1bcc66144f,4sunV,도비와 밤부,맛있어욜로로롤,,2025-04-16 08:46:56,37792495,장인닭갈비 강남점,naver,c120eb07-fe13-4515-875e-02a4abf0ce85
1011,680064b79009d7f74bc91288,CFR5,ybh****,친구와 방문했어요. 너무너무맛있어요! 재방문의사10000000입니다,,2025-04-16 08:44:48,37792495,장인닭갈비 강남점,naver,c120eb07-fe13-4515-875e-02a4abf0ce85
1012,67ff70324a85f846ff3c77a8,4WQwt,Anagallis k,너무 맛있어용 매장도 넓고 직원분들도 친절하십니다!!,,2025-04-16 08:44:48,37792495,장인닭갈비 강남점,naver,c120eb07-fe13-4515-875e-02a4abf0ce85
1013,67ff6eb083b953af817eb40e,3VEQE,피치98,귤 주스 최고에욤~~,,2025-04-16 08:44:48,37792495,장인닭갈비 강남점,naver,c120eb07-fe13-4515-875e-02a4abf0ce85
1014,67ff6c4b1001e5b5b3585cc3,4q7JH,냐옹냐옹5398,"N번째 방문,,, 닭갈비 존맛집 😻
장인닭갈비 최고오오오",,2025-04-16 08:26:02,37792495,장인닭갈비 강남점,naver,c120eb07-fe13-4515-875e-02a4abf0ce85
1015,67ff67036df924da2f0404b4,yKI2,지영7751,너무너무 맛있어요 안찾아보고 들어온건데 개맛도링,,2025-04-16 07:58:39,37792495,장인닭갈비 강남점,naver,c120eb07-fe13-4515-875e-02a4abf0ce85
1016,67ff66f369ba2c60d8257326,3c2CW,수빈684,"셀프바도 편리하고 직원도 친절합니다~
닭갈비도 맛있어요",,2025-04-16 07:58:39,37792495,장인닭갈비 강남점,naver,c120eb07-fe13-4515-875e-02a4abf0ce85
1017,67ff668ea08af71ac06cce65,bV0K5,김예원2797,고3인데 일탈 겸 밥 먹으러 판교에서 왔어요 빨리 독서실 가야해서 걱정했는데 10분 안에 나오고 양도 많아요 여자 4명이서 먹기에 충분하고 치즈랑 잘어울려요 양념이 존맛탱구리~! 담에 또 올게용,,2025-04-16 07:12:30,37792495,장인닭갈비 강남점,naver,c120eb07-fe13-4515-875e-02a4abf0ce85
1018,67ff4af6cfd0a905dee0ed7c,aFH9p,초이8972,"넘 맛잇어요
가격도 좋아요
재방문의사 백퍼요~~",,2025-04-16 06:06:06,37792495,장인닭갈비 강남점,naver,c120eb07-fe13-4515-875e-02a4abf0ce85
1019,67ff3e656f6d6af8ac2cafc9,6yQGx,뭐하지88,맛있어서 자주 와요!,,2025-04-16 05:11:09,37792495,장인닭갈비 강남점,naver,c120eb07-fe13-4515-875e-02a4abf0ce85
1020,67ff3e5c5910baf0093796b7,ePe6A,돌506,항상 자주 즐겨오던 곳입니다! 역시나 맛있네요ㅎㅎ 또 올게요!,,2025-04-16 05:11:00,37792495,장인닭갈비 강남점,naver,c120eb07-fe13-4515-875e-02a4abf0ce85
1021,67ff3ee05833f98e1f0e99ad,aliB6,wan****,맛있어서 재방문했어요~~,,2025-04-16 04:55:37,37792495,장인닭갈비 강남점,naver,c120eb07-fe13-4515-875e-02a4abf0ce85
1022,67ff3e2036062a715fc871a0,1agDO,퍼플맘33,치즈와 함께 먹으니 진짜 맛있어요~~,,2025-04-16 04:55:37,37792495,장인닭갈비 강남점,naver,c120eb07-fe13-4515-875e-02a4abf0ce85
1023,67ff3c7bc64d4646bdd5f9c4,2bY0kC,vec****,양이 푸짐하고 맛있오여>.<,,2025-04-16 04:55:37,37792495,장인닭갈비 강남점,naver,c120eb07-fe13-4515-875e-02a4abf0ce85
1024,67ff6ffa528b1f7665c9e71c,9nhIW,nhw****,닭갈비가 너무 맛있어요 직원분들이 친절하십니다,,2025-04-16 04:31:47,37792495,장인닭갈비 강남점,naver,c120eb07-fe13-4515-875e-02a4abf0ce85
1025,67ff2d5c03929f25a930a33e,7lCmc,도헤미,양도 많고 맛있어요!!!,,2025-04-16 03:49:53,37792495,장인닭갈비 강남점,naver,c120eb07-fe13-4515-875e-02a4abf0ce85
1026,67ff26d08e584be2a1549eb2,W6mC,Scarlet61,너무 맛있어요! 치즈가 예술입니당^^,,2025-04-16 03:32:54,37792495,장인닭갈비 강남점,naver,c120eb07-fe13-4515-875e-02a4abf0ce85
1027,67ff26641d5c327201cb3b40,kanu,Yamymi,,,2025-04-16 03:32:54,37792495,장인닭갈비 강남점,naver,c120eb07-fe13-4515-875e-02a4abf0ce85
1028,67ff238021d86ca6987af44e,7tYiU,soljikim,맛나요♡,,2025-04-16 03:24:27,37792495,장인닭갈비 강남점,naver,c120eb07-fe13-4515-875e-02a4abf0ce85
1029,67ff86381c51bca2c97dc652,7ORIn,성현7348,맛있어요!!,,2025-04-16 03:14:57,37792495,장인닭갈비 강남점,naver,c120eb07-fe13-4515-875e-02a4abf0ce85
1030,67ff716e5acd1a74305e2c65,d0JgF,loo****,,,2025-04-16 02:58:34,37792495,장인닭갈비 강남점,naver,c120eb07-fe13-4515-875e-02a4abf0ce85
1031,67fe5dd4770d31cd61c141d5,a48Ol,수민587,너무 맛있고 양도 많고 좋았어용!! 다음에 또 올게요!!,,2025-04-15 13:17:27,37792495,장인닭갈비 강남점,naver,c120eb07-fe13-4515-875e-02a4abf0ce85
1032,67fe5a6d121893c5fbad2364,dI2EV,히힛9314,사리도 다양해서 선택하는 맛이 있고 그날그날 먹고 싶은 사리로 먹을 수 있어서 조아요!! 음식도 거의 바로 나와서 배고플 때 먹기 죠습니당 그리고 갠적으로 치즈를 좋아하는데 치즈가 많아서 조아요 잘 먹구 갑니당,,2025-04-15 12:48:16,37792495,장인닭갈비 강남점,naver,c120eb07-fe13-4515-875e-02a4abf0ce85
1033,681092da1cae220f5b18cdce,aX4JO,조지초이,"저한테는 뭔가 되게 신기한 조합인데 되게 맛있게 먹었어요! 양도 많고, 맛도 있고, 술하고도 조합이 좋아요! 
강남가시면 들려볼만한 식당이에요!",,2025-04-15 12:14:31,37792495,장인닭갈비 강남점,naver,c120eb07-fe13-4515-875e-02a4abf0ce85
1034,67fe46dbeab82272aa0b9907,682XB,ali****,너무너무맛잇어요 맨날와영,,2025-04-15 11:30:39,37792495,장인닭갈비 강남점,naver,c120eb07-fe13-4515-875e-02a4abf0ce85
1035,67ff191d8f82dae49759bdf1,1ZCdX,부엉부엉7589,마싯서요!! 점심때 또올게요!!,,2025-04-15 11:22:38,37792495,장인닭갈비 강남점,naver,c120eb07-fe13-4515-875e-02a4abf0ce85
1036,67ff19206435a8bd27dd38f1,HdHj,comi37,맛있었습니다!!,,2025-04-15 11:22:15,37792495,장인닭갈비 강남점,naver,c120eb07-fe13-4515-875e-02a4abf0ce85
1037,67ff177551bc7547feea9ad6,1km3k,ls430se,강남에서 닭갈비는 장인닭갈비죠~,,2025-04-15 11:21:55,37792495,장인닭갈비 강남점,naver,c120eb07-fe13-4515-875e-02a4abf0ce85
1038,67fe39002580a24e479fb084,2IXpu,lovelyppoya,맛있다 역시는 역시 굿굿,,2025-04-15 10:40:01,37792495,장인닭갈비 강남점,naver,c120eb07-fe13-4515-875e-02a4abf0ce85
1039,67fe33615acd1a743092b327,3LIoS,젼1270,아... 맛있다..🧡,,2025-04-15 10:18:34,37792495,장인닭갈비 강남점,naver,c120eb07-fe13-4515-875e-02a4abf0ce85
1040,67fe33383bbe673687f1a5d8,3d2S2,sr805772,역시 닭갈비는 장안닭갈비! 맛있게 잘 먹었습니다!,,2025-04-15 10:18:34,37792495,장인닭갈비 강남점,naver,c120eb07-fe13-4515-875e-02a4abf0ce85
1041,67fe3337b742bf5abcce4c65,5ltxW,혜혜혜69,넘 맛있어요! 양도 많아요 ㅎㅎ,,2025-04-15 10:18:34,37792495,장인닭갈비 강남점,naver,c120eb07-fe13-4515-875e-02a4abf0ce85
1042,67fe1dc05f944129800c8649,4S5BI,유리발목49,"맛있고 다음에 또 올려고 합니다!
강남역 맛집 추천",,2025-04-15 08:41:45,37792495,장인닭갈비 강남점,naver,c120eb07-fe13-4515-875e-02a4abf0ce85
1043,67fe0f3f99da3324b435295b,aJBla,bye****,존맛탱이에유!,,2025-04-15 07:32:23,37792495,장인닭갈비 강남점,naver,c120eb07-fe13-4515-875e-02a4abf0ce85
1044,67fe15c09fe7ee72d57abaff,dcfKM,테무장률,"매장이 너무 크고 깔끔해서 들어가자마자 기분이 좋았어요! 직원분들도 너무 친절하세요! 닭갈비는 시킨지 5분도 안되서 나왔고 셀프바도 깔끔하니 좋네요!
다음에 또 방문 예정입니다!",,2025-04-15 06:41:55,37792495,장인닭갈비 강남점,naver,c120eb07-fe13-4515-875e-02a4abf0ce85
1045,67fe24c4b8d368827be1b9e0,56jmq,StellA87,"강남역 닭갈비 맛집이래서 갔는데 평일인데도 꽉찬 홀을 보고 더욱 기대했어요 야무지게 점심세트로 먹었는데,, 세상에 닭가슴살만 잔뜩이라 실망이였어요 저희 테이블 음식이 유난히 몰린건지 원래 그런건지는 모르겠지만 퍽퍽살이 90% 부드러운살 껍질살은 10% 라 보시면 될거같아요ㅜㅜ 양념맛으로 먹었습니다..",,2025-04-15 04:54:04,37792495,장인닭갈비 강남점,naver,c120eb07-fe13-4515-875e-02a4abf0ce85
1046,67fde805e64386849286b395,cA1xm,qaz****,맛있어요!! 점심때 와서 치즈도 받고 좋네요 !!,,2025-04-15 04:46:00,37792495,장인닭갈비 강남점,naver,c120eb07-fe13-4515-875e-02a4abf0ce85
1047,67ff190c362242269a34dbbb,1VgcA,hah****,회사근처라 점심시간에 종종 먹어요 맛있어요,,2025-04-15 03:20:05,37792495,장인닭갈비 강남점,naver,c120eb07-fe13-4515-875e-02a4abf0ce85
1048,67fdf1cc7257693829f75709,3o90b,레몬마들렌1,양도 많고 너무 맛있게 먹었어요~~!,,2025-04-15 03:18:04,37792495,장인닭갈비 강남점,naver,c120eb07-fe13-4515-875e-02a4abf0ce85
1049,67fddbce2ce2f91ceb15e364,cwpfw,lsj****,음식이 이쁘고 맛도 좋아요,,2025-04-15 03:17:49,37792495,장인닭갈비 강남점,naver,c120eb07-fe13-4515-875e-02a4abf0ce85
1050,67fdcde1ef1fd71eba3a7a2c,336vU,wlt****,"넘 맛있어요!!! 점심시간에 먹기 딱이에용 사람 많은디
음식도 빨리나오고 직원분들 너무 친절하십니다 ㅎㅎ",,2025-04-15 02:52:44,37792495,장인닭갈비 강남점,naver,c120eb07-fe13-4515-875e-02a4abf0ce85
1051,67fdc1628fe92eb267817dca,3abSY,cal****,"양도 많고 맛있어요❤️
최고최고💕🌸",,2025-04-14 14:09:44,37792495,장인닭갈비 강남점,naver,c120eb07-fe13-4515-875e-02a4abf0ce85
1052,67fdc1336b8b09244e876e25,jZTj,홍이6259,"닭갈비 엄청 푸짐하고
다 볶아져서 나와서 좋아요!
맛은 당근 맛있쥬~~~❣️",,2025-04-14 14:09:44,37792495,장인닭갈비 강남점,naver,c120eb07-fe13-4515-875e-02a4abf0ce85
1053,67fdc15786f15fa0c8a2f5a3,1lxkP,윤미소7,"다 구워 주시고 너무 맛있어요^^
친절하게 해주셔서 너무 좋아요^^",,2025-04-14 14:09:33,37792495,장인닭갈비 강남점,naver,c120eb07-fe13-4515-875e-02a4abf0ce85
1054,67fdc14624cfe407a82b5272,6rr4K,she****,정말 친절하시고 역시나 너무 맛있네요,,2025-04-14 14:09:33,37792495,장인닭갈비 강남점,naver,c120eb07-fe13-4515-875e-02a4abf0ce85
1055,67fdc1709e7898211f68b81a,abwMI,aee****,,,2025-04-14 13:38:46,37792495,장인닭갈비 강남점,naver,c120eb07-fe13-4515-875e-02a4abf0ce85
1056,67fd0c71d8ccb97fb714956f,4nsnF,손우용,너무너무 맛ㅇㅆ고 양 많아요,,2025-04-14 12:58:32,37792495,장인닭갈비 강남점,naver,c120eb07-fe13-4515-875e-02a4abf0ce85
1057,67fd0c183809c6071baf3763,6E3ZS,a001960,너무 맛있어요 또 먹겠습니다~,,2025-04-14 12:58:32,37792495,장인닭갈비 강남점,naver,c120eb07-fe13-4515-875e-02a4abf0ce85
1058,67fd0c66b7618ee58d4848a1,afqk3,llyi,,,2025-04-14 12:53:10,37792495,장인닭갈비 강남점,naver,c120eb07-fe13-4515-875e-02a4abf0ce85
1059,67fd0c550b08e605d3614173,45WjL,Yexin,"ㅓ역시 장인닭갈비!!!
너무너무맛있어요..
양도 많아서 좋아용",,2025-04-14 12:53:10,37792495,장인닭갈비 강남점,naver,c120eb07-fe13-4515-875e-02a4abf0ce85
1060,67fd0c509bbc574f72b4bb9a,d5XXr,찹싸뤼,장인닭갈비가 참 맛있어요!! 양도 많아요!!,,2025-04-14 12:53:10,37792495,장인닭갈비 강남점,naver,c120eb07-fe13-4515-875e-02a4abf0ce85
1061,67fd0c3040d064b22241cab2,43iHB,tkbc9503,맛있어요!,,2025-04-14 12:53:10,37792495,장인닭갈비 강남점,naver,c120eb07-fe13-4515-875e-02a4abf0ce85
1062,67fd00dbc4df6dd79e09df05,6hiPf,홍디1315,강남역 닭갈비는 장인닭갈비죠ㅎㅎㅎ,,2025-04-14 12:28:42,37792495,장인닭갈비 강남점,naver,c120eb07-fe13-4515-875e-02a4abf0ce85
1063,67ff681e1c86334e057be2f2,hmkP,아들만둘74,맛있어용,,2025-04-14 11:06:01,37792495,장인닭갈비 강남점,naver,c120eb07-fe13-4515-875e-02a4abf0ce85
1064,67fd196dcf56880f29890eb2,2bLvQF,이글이의 이곳저곳 도장깨기,"작년에 한번 먹고 맛있어서 닭갈비 당기길래 바로 찾아왔어요! 기본도 넘 맛있고 볶음밥 진짜 최고예요ㅠㅠ
앞으로 닭갈비 생각날 때 마다 또 방문할게요!",,2025-04-14 10:25:54,37792495,장인닭갈비 강남점,naver,c120eb07-fe13-4515-875e-02a4abf0ce85
1065,67fcdb62951bfe7f547eb28c,3YuxC,아이스크림099,"음식이 진짜 맛이써용!! 저녁 평일 기준 근데 사람이 조금 많아서 웨이팅 있을 수 있슴다
셀프바라서 맘것 가져올 수 있어서두 좋아요",,2025-04-14 09:51:08,37792495,장인닭갈비 강남점,naver,c120eb07-fe13-4515-875e-02a4abf0ce85
1066,67fdc7af0d47a2ae02a98fa9,1pycO,7호선,"음식이 너무 맛있어요!
매일 오고싶어요!
강남역맛집",,2025-04-14 09:22:20,37792495,장인닭갈비 강남점,naver,c120eb07-fe13-4515-875e-02a4abf0ce85
1067,67ff5bddd4bacbf4e66e02e9,bHzKm,혁혁혁50,너무 맛있어요,,2025-04-14 09:00:03,37792495,장인닭갈비 강남점,naver,c120eb07-fe13-4515-875e-02a4abf0ce85
1068,67fcc78509420a618e4de8a8,bfVJl,곰돌징,"여기 완전 닭갈비 양도 많고
모둠사리가 있어서 좋은 것 같아요!
강남역 맛집인 것 같습니당",,2025-04-14 07:37:28,37792495,장인닭갈비 강남점,naver,c120eb07-fe13-4515-875e-02a4abf0ce85
1069,67fdcad7648329633f9ff096,1jLyd,dlr****,"가성비가 좋아요
직장동료들과 점심ㄱㄱ",,2025-04-14 06:40:54,37792495,장인닭갈비 강남점,naver,c120eb07-fe13-4515-875e-02a4abf0ce85
1070,67fce8c8e01af5ec03824d2e,3w4GJ,HaGenie2,완전 맛있고 배부르게 잘 먹었어요!! 사람도 잘 빠져서 웨이팅해도 직원분들이 순식간애 치워주시고 친절하세요!,,2025-04-14 04:49:42,37792495,장인닭갈비 강남점,naver,c120eb07-fe13-4515-875e-02a4abf0ce85
1071,67fc9437dff660787962319b,cC2pg,min****,맛있어요👍,,2025-04-14 04:42:13,37792495,장인닭갈비 강남점,naver,c120eb07-fe13-4515-875e-02a4abf0ce85
1072,67fce0a2f5667548cb777c8c,4qV5W,jipark1994,"양 많고 치즈 많고 맛있어요!
하지만 제로콜라는 없어요",,2025-04-14 04:40:02,37792495,장인닭갈비 강남점,naver,c120eb07-fe13-4515-875e-02a4abf0ce85
1073,67fc9263f5667548cb358674,8Vk5a,eun****,"간만에 닭갈비 먹고 싶어서 방문했어오!
맛있게 잘먹었습니다~~",,2025-04-14 04:31:20,37792495,장인닭갈비 강남점,naver,c120eb07-fe13-4515-875e-02a4abf0ce85
1074,67fc9242de0a2374ce13d46e,7bLSa,모구밍밍,강남맛집 장인닭갈비 닭갈비집은 여기만 와요 최고에요,,2025-04-14 04:31:20,37792495,장인닭갈비 강남점,naver,c120eb07-fe13-4515-875e-02a4abf0ce85
1075,67fc8aaf5b3f971eca678295,yc8e,hah****,"직원분들이 친철하고 음식도 맛있었어요! 
재방문 의사 있어요~~bbb",,2025-04-14 03:41:51,37792495,장인닭갈비 강남점,naver,c120eb07-fe13-4515-875e-02a4abf0ce85
1076,67fc85be9df7f3d6688f92f1,bgBfU,iilililli,반찬 셀프바여서 넘 좋고 닭갈비 맛도 좋네용🥰,,2025-04-14 03:41:51,37792495,장인닭갈비 강남점,naver,c120eb07-fe13-4515-875e-02a4abf0ce85
1077,67fc90fd1ae6cd1934f6e422,H6fL,whi****,맛있어요🤗,,2025-04-14 03:39:31,37792495,장인닭갈비 강남점,naver,c120eb07-fe13-4515-875e-02a4abf0ce85
1078,67fc926e1967216218676c20,dFF0P,q32****,맛있어요 가셔도 저렴하구요><^^,,2025-04-14 03:09:00,37792495,장인닭갈비 강남점,naver,c120eb07-fe13-4515-875e-02a4abf0ce85
1079,67fca7619cf9aa92d7d5201b,2UVmX,음식맛집감별사,"중간맛에  우동사리 추가❤️
사리추가는 처음부터 해야되용!!!
우동사리 무조건 추천입니당
중간맛도  은근히  매워용!!!
볶음밥도필수🥰",,2025-04-14 03:00:21,37792495,장인닭갈비 강남점,naver,c120eb07-fe13-4515-875e-02a4abf0ce85
1080,67fcd289d2dc11a2cb44ae23,38FIU,경이9226,"강남 닭갈비 하면 장인 닭갈비죠 ㅎㅎ
진짜 한 5번은 온거같운데!! 여기가 강남에서 제일 맛있는거같아요",,2025-04-14 02:55:13,37792495,장인닭갈비 강남점,naver,c120eb07-fe13-4515-875e-02a4abf0ce85
1081,67fc8d00e91db18ba17607a9,2cY79G,김혜미268,맛잇어용,,2025-04-14 02:55:13,37792495,장인닭갈비 강남점,naver,c120eb07-fe13-4515-875e-02a4abf0ce85
1082,67fccced2e1b5c4f2afbb70a,6bpTd,nansw,양이 많도 맛도 좋아요 라면사리 추가해서 먹으니까 밥 한공기 뚝딱이에요,,2025-04-14 02:45:22,37792495,장인닭갈비 강남점,naver,c120eb07-fe13-4515-875e-02a4abf0ce85
1083,67fc773e4726d6e472a620be,3vZxY,윤1527,닭갈비 맛있어요. 맵지도 않고 치즈랑 같이 먹으면 맛있습니다ㅎㅎ,,2025-04-14 02:12:30,37792495,장인닭갈비 강남점,naver,c120eb07-fe13-4515-875e-02a4abf0ce85
1084,67fbbeaad48b6a6503661f72,cCrth,위너좋아,마싯어요,,2025-04-13 13:33:35,37792495,장인닭갈비 강남점,naver,c120eb07-fe13-4515-875e-02a4abf0ce85
1085,67fbbea534fe5214ee72cf59,2cHLdo,bot****,맛있어요!!!,,2025-04-13 13:33:35,37792495,장인닭갈비 강남점,naver,c120eb07-fe13-4515-875e-02a4abf0ce85
1086,67fbbcaf0a65c8f88792bc1f,1ctkK,tpffl41,비주얼보세용 너무 맛있어용!!! 라면사리도 꼬들꼬들 >_<,,2025-04-13 13:20:18,37792495,장인닭갈비 강남점,naver,c120eb07-fe13-4515-875e-02a4abf0ce85
1087,67fb97e9dedb7f49d4145fd0,30HgM,wls****,양도 많고 너무 맛있어요,,2025-04-13 10:48:15,37792495,장인닭갈비 강남점,naver,c120eb07-fe13-4515-875e-02a4abf0ce85
1088,67fb84150019c13265ff29f9,8t0za,hye****,고기가 부드럽고 맛있어여💖 우동사리 필수⭐️.⭐️,,2025-04-13 09:19:44,37792495,장인닭갈비 강남점,naver,c120eb07-fe13-4515-875e-02a4abf0ce85
1089,67fb82cdd7843fba250f167d,874St,psy****,강남 올 때마다 장인닭갈비 오는데 진짜 맛있어요!!👍👍,,2025-04-13 09:19:44,37792495,장인닭갈비 강남점,naver,c120eb07-fe13-4515-875e-02a4abf0ce85
1090,67fb7a795944a5f7deb6c3b1,5szJD,안재석2,치즈도 맛있고 라면사리가 정말 잘 어울려요,,2025-04-13 08:44:22,37792495,장인닭갈비 강남점,naver,c120eb07-fe13-4515-875e-02a4abf0ce85
1091,67fb6650bdd7eed12349249f,svaD,매직아이12,닭갈비가 맛나고 직원분들이 친절합니다 ㅎㅎ,,2025-04-13 07:15:53,37792495,장인닭갈비 강남점,naver,c120eb07-fe13-4515-875e-02a4abf0ce85
1092,67fb740c50c14834e9abfb56,byWWP,gra****,정말 양이 많고 맛있었어요ㅜㅜ 진짜 강남에 이런 가성비 넘치는 곳이 있나 싶네요! 진짜 개강추..,,2025-04-13 07:08:16,37792495,장인닭갈비 강남점,naver,c120eb07-fe13-4515-875e-02a4abf0ce85
1093,67fb581b917fbe6e61dbc996,8liD6,rea****,"사진을 진짜 못 찍지만 엄청 맛있게 먹고 갔네요!!!
양도 푸짐해서 좋아용😎",,2025-04-13 06:08:34,37792495,장인닭갈비 강남점,naver,c120eb07-fe13-4515-875e-02a4abf0ce85
1094,67fb46f671bd28ce1b2b1fb8,dHsl4,min****,닭갈비는 여가서먼 먹어요 닭도 부드러워서 강추합니다!!,,2025-04-13 04:58:23,37792495,장인닭갈비 강남점,naver,c120eb07-fe13-4515-875e-02a4abf0ce85
1095,67fb405dd10d2e9f2a73ad7a,18rNH,이유진97,너무 맛있어요!! 사리 추가하길 잘한 거 같아요! 강남역 바로 앞에 있어서 다음에 또 방문할게용!!,,2025-04-13 04:26:52,37792495,장인닭갈비 강남점,naver,c120eb07-fe13-4515-875e-02a4abf0ce85
1096,67fb3d62997f766fbc38669b,dP0PT,ont****,"치즈도 많고 맛있어요!
중간맛도 살짝 매콤해서 좋았어요~~",,2025-04-13 04:25:39,37792495,장인닭갈비 강남점,naver,c120eb07-fe13-4515-875e-02a4abf0ce85
1097,67fb3c755dccd0ce77e0e075,3yOdo,fin****,아이와 점심먹으러왔는데 맛있게 먹었어요~ 순한맛시켰더니 아이도 잘먹고 오랜만에 닭갈비 맛있게 먹었어요~ 특히 볶음밥 마무리 강추입니다^^,,2025-04-13 04:20:32,37792495,장인닭갈비 강남점,naver,c120eb07-fe13-4515-875e-02a4abf0ce85
1098,67fb3c088c7e35b5e1ad6518,42HeE,고심냥이,맛있어요~! 치즈추가 필수😇,,2025-04-13 04:20:32,37792495,장인닭갈비 강남점,naver,c120eb07-fe13-4515-875e-02a4abf0ce85
1099,67fb363b3417c82b65b1bcd0,3rIgY,강한수달,맛있게 잘먹었습니다~!,,2025-04-13 03:52:12,37792495,장인닭갈비 강남점,naver,c120eb07-fe13-4515-875e-02a4abf0ce85
1100,67fb7596c39d701411e0d060,a0niR,손예영80,너무 맛있어요😀,,2025-04-13 03:30:22,37792495,장인닭갈비 강남점,naver,c120eb07-fe13-4515-875e-02a4abf0ce85
1101,67fb32ad2b591985757afd8f,3SvDN,꾸루웅,항상 사람이많아서 방문했는데 양도많고 맛있어요💯,,2025-04-13 03:18:50,37792495,장인닭갈비 강남점,naver,c120eb07-fe13-4515-875e-02a4abf0ce85
1102,67fb4cab67a6d0fb9d305815,e24Im,kis****,,,2025-04-13 02:55:10,37792495,장인닭갈비 강남점,naver,c120eb07-fe13-4515-875e-02a4abf0ce85
1103,67fb4bedeb881b1f4f35cf8b,1WPaH,순디44,남편과 왔는데 다 조리가 되어 나와서 편해요. 주차도 공영주차장이 있어서 좋네요,,2025-04-13 02:55:10,37792495,장인닭갈비 강남점,naver,c120eb07-fe13-4515-875e-02a4abf0ce85
1104,67fb4b1cf2a107261e7c8726,4hFns,신독19,아들과 함께 왔어요..젊음도 느끼고 맛도 있네요,,2025-04-13 02:55:00,37792495,장인닭갈비 강남점,naver,c120eb07-fe13-4515-875e-02a4abf0ce85
1105,67fb3005bfac8d49c73122ac,bg2Mu,kim****,맛있어요,,2025-04-13 02:54:59,37792495,장인닭갈비 강남점,naver,c120eb07-fe13-4515-875e-02a4abf0ce85
1106,67fb30408cd529d9581556f8,34NvE,py****,잘먹었습니아~~~~,,2025-04-13 02:51:38,37792495,장인닭갈비 강남점,naver,c120eb07-fe13-4515-875e-02a4abf0ce85
1107,67fb34c357551429d90b099b,cpK6V,hje****,"늘 강남오면 믿고 오는 집인데 오랜만에 와도 여전히 맛있더라구요!
닭갈비 매운맛 2인에 치즈사리 추가했는데 장인 보끔밥까지 꼭 마무리해서 드세용!!",,2025-04-13 02:50:59,37792495,장인닭갈비 강남점,naver,c120eb07-fe13-4515-875e-02a4abf0ce85
1108,67fb1eda39fdd95d5a689ef9,8Yk87,ilp****,강남역 맛집! 닭갈비 토핑도 맛있어서 여러번 왔어용,,2025-04-13 02:08:21,37792495,장인닭갈비 강남점,naver,c120eb07-fe13-4515-875e-02a4abf0ce85
1109,67fb2742e24fdff41450d764,avmsS,냥7552,"오랜만에 왔는데 너무 맛있어요!!
다음에 친구,가족들이랑도 오고 싶어요:)",,2025-04-12 13:42:41,37792495,장인닭갈비 강남점,naver,c120eb07-fe13-4515-875e-02a4abf0ce85
1110,67fa634c9ef8d1d198d45be8,2cxc7x,dam****,very yummy^^!! 😋😋,,2025-04-12 12:39:35,37792495,장인닭갈비 강남점,naver,c120eb07-fe13-4515-875e-02a4abf0ce85
1111,67fa62d7252644885ea9afe2,bBJtG,Jonathan DeForrest,올때마다 매번 맛있어용,,2025-04-12 12:39:35,37792495,장인닭갈비 강남점,naver,c120eb07-fe13-4515-875e-02a4abf0ce85
1112,67fa54799ef8d1d198c8d1c9,40aFc,my serendipity,날씨가 추웠는데 뜨끈한 닭갈비 굿..,,2025-04-12 11:35:47,37792495,장인닭갈비 강남점,naver,c120eb07-fe13-4515-875e-02a4abf0ce85
1113,67fa50f7704a391dc0889210,2bwulf,tae****,맛있어요,,2025-04-12 11:35:00,37792495,장인닭갈비 강남점,naver,c120eb07-fe13-4515-875e-02a4abf0ce85
1114,67fa4ded56ebf849bc04e488,buXii,don****,고기도 부드럽고 양도 많아요,,2025-04-12 11:23:10,37792495,장인닭갈비 강남점,naver,c120eb07-fe13-4515-875e-02a4abf0ce85
1115,67fa4de4acb97089d1a6b89c,bpcdO,안뇽2580,볶음밥두 맛있어용 강남역 맛집ㅎㅎ❤️,,2025-04-12 11:23:10,37792495,장인닭갈비 강남점,naver,c120eb07-fe13-4515-875e-02a4abf0ce85
1116,67fa4c81157d17337d80b517,bYbry,Baek60,정말 맛있어요!!,,2025-04-12 11:09:22,37792495,장인닭갈비 강남점,naver,c120eb07-fe13-4515-875e-02a4abf0ce85
1117,67fa4c6b5f17867df0f5c9ad,5xgjK,N2eL,맛있어요!,,2025-04-12 11:09:22,37792495,장인닭갈비 강남점,naver,c120eb07-fe13-4515-875e-02a4abf0ce85
1118,67fa4c415b3f971eca1df30f,6Fdel,JIJI36,닭갈비 먹으러 항상 여기로 와요 맛있어요👍🏻,,2025-04-12 11:09:22,37792495,장인닭갈비 강남점,naver,c120eb07-fe13-4515-875e-02a4abf0ce85
1119,67fa4c12fc573a9b92c877d2,3gIET,허니2568,맛있어요,,2025-04-12 11:09:22,37792495,장인닭갈비 강남점,naver,c120eb07-fe13-4515-875e-02a4abf0ce85
1120,67fa4bc6b1d0f7519fc829e9,5W5nm,고희권,"양 많고 진짜 맛있습니다❤️
잘먹었습니다:)",,2025-04-12 11:09:22,37792495,장인닭갈비 강남점,naver,c120eb07-fe13-4515-875e-02a4abf0ce85
1121,67fa48cb528f4ab58b69eddd,2f629,쏘야74,맛집이라 그런지 사람이 정말 많앗어요 다행이 대기없이 바로이용햇네요! 닭갈비가 익혀져 나와서 바로 먹을수잇어서 좋앗어요 너무 맛잇게 잘먹엇습니다!!,,2025-04-12 10:57:21,37792495,장인닭갈비 강남점,naver,c120eb07-fe13-4515-875e-02a4abf0ce85
1122,67fa43b73d6692ec6838a52b,4MPii,정건희11,굿,,2025-04-12 10:38:11,37792495,장인닭갈비 강남점,naver,c120eb07-fe13-4515-875e-02a4abf0ce85
1123,67fa43885e848edd5e3b6b70,7qPVx,shj****,맛있어서 사진을 미리찍는걸 까먹었어요,,2025-04-12 10:38:11,37792495,장인닭갈비 강남점,naver,c120eb07-fe13-4515-875e-02a4abf0ce85
1124,67fa437c9cf9aa92d76a4ddf,5EgVH,rntmdgb,,,2025-04-12 10:38:11,37792495,장인닭갈비 강남점,naver,c120eb07-fe13-4515-875e-02a4abf0ce85
1125,67fa42f4d11cb57b4374db99,bwqWq,리로로10,장인 닭갈비 맛있네요! 외국인들도 많고 사람들도 엄청 많네요!,,2025-04-12 10:30:19,37792495,장인닭갈비 강남점,naver,c120eb07-fe13-4515-875e-02a4abf0ce85
1126,67fa41e27e51a379c13a05ae,2GIXM,하늘5682,강남오면 항상 장인닭갈비 와요 ㅠㅠ 치즈가 넘 맛있어요,,2025-04-12 10:30:19,37792495,장인닭갈비 강남점,naver,c120eb07-fe13-4515-875e-02a4abf0ce85
1127,67fa416c819b61f00db6f1c9,3tvtj,flowersong2,맛있어욤!!!!!,,2025-04-12 10:30:19,37792495,장인닭갈비 강남점,naver,c120eb07-fe13-4515-875e-02a4abf0ce85
1128,67fa416a6a1c7e371b11bb05,6UXel,yee****,친구들이랑 모임하기 좋아요! 맛있게 먹고 가요! 감사합니당😊,,2025-04-12 10:30:19,37792495,장인닭갈비 강남점,naver,c120eb07-fe13-4515-875e-02a4abf0ce85
1129,67fa4097e4d30d4d4d8f3c6f,5V3XO,True Love,,,2025-04-12 10:26:12,37792495,장인닭갈비 강남점,naver,c120eb07-fe13-4515-875e-02a4abf0ce85
1130,67fa4083de0a2374cea8a366,ehSi8,sun****,잘 먹고 갑니다!,,2025-04-12 10:26:12,37792495,장인닭갈비 강남점,naver,c120eb07-fe13-4515-875e-02a4abf0ce85
1131,67fa3a4c57551429d97c0eb5,IG9z,sa****,,,2025-04-12 09:57:15,37792495,장인닭갈비 강남점,naver,c120eb07-fe13-4515-875e-02a4abf0ce85
1132,67fa3a1cd287a1b7b5dab3d8,42b7f,lee****,치즈가 엄청 많고 양도 많네요 짱맛! 추천합니다,,2025-04-12 09:57:15,37792495,장인닭갈비 강남점,naver,c120eb07-fe13-4515-875e-02a4abf0ce85
1133,67fa38a6dfef9fb52d43e035,2SMhn,awdes2,너무 맛잇어요 다음에도 놀러올게용 추천입니다,,2025-04-12 09:51:12,37792495,장인닭갈비 강남점,naver,c120eb07-fe13-4515-875e-02a4abf0ce85
1134,67fa3833e2d4acabbf64533f,4rCMQ,ㅋㅋㅋㅋ8084,맛있어요,,2025-04-12 09:51:12,37792495,장인닭갈비 강남점,naver,c120eb07-fe13-4515-875e-02a4abf0ce85
1135,67fa361ef4bccf3362f39b14,13U41,행복맘96,장인닭갈비 너무 맛있어서 오늘은 가족들 데리고 같이 먹으러 왔어요. 아이도 먹기 좋게 순한맛.중간맛.매운맛이.있어사 취향대로 먹을 수 있어서 좋아요. 음식도 금방 나와서 빠르게 먹을 수 있었어요,,2025-04-12 09:41:12,37792495,장인닭갈비 강남점,naver,c120eb07-fe13-4515-875e-02a4abf0ce85
1136,67fa347c09327a0d8864e45f,4oBnm,everyday57,맛있게 먹었습니다!,,2025-04-12 09:35:48,37792495,장인닭갈비 강남점,naver,c120eb07-fe13-4515-875e-02a4abf0ce85
1137,67fa31f828ad4a9c525564e9,4ByVj,ssssssss4,맛있어요 매장도 깔끔하고 직원분들도 친절하시고 다음에 근처오면 또 들릴거같아요!,,2025-04-12 09:23:07,37792495,장인닭갈비 강남점,naver,c120eb07-fe13-4515-875e-02a4abf0ce85
1138,67fa31a96257db5937796bfa,CwaY,jdkiiskoksl,굿,,2025-04-12 09:21:12,37792495,장인닭갈비 강남점,naver,c120eb07-fe13-4515-875e-02a4abf0ce85
1139,67fa31e0cfc1999e8659239e,4ByWp,SangYoon 36,양도 많고 맛있어요 추천합니다,,2025-04-12 09:14:16,37792495,장인닭갈비 강남점,naver,c120eb07-fe13-4515-875e-02a4abf0ce85
1140,67fa33e3ee6780109a3c57b2,2m4of,디어제인55,,,2025-04-12 09:08:46,37792495,장인닭갈비 강남점,naver,c120eb07-fe13-4515-875e-02a4abf0ce85
1141,67fa31d903cbd1db9dffbdb2,5qcwg,수박맛곰탕,맛나요~,,2025-04-12 08:59:44,37792495,장인닭갈비 강남점,naver,c120eb07-fe13-4515-875e-02a4abf0ce85
1142,67fa31c2c75f0fb5ea4736c4,3nHas,김현수79,너무 맛있어요!! 토요일 6시쯤 방문하였고 저희 들어가자마자 웨이팅 생겼어요 고기랑 양은 넉넉하고 치즈도 정말 많이 주세요😊😊,,2025-04-12 08:59:44,37792495,장인닭갈비 강남점,naver,c120eb07-fe13-4515-875e-02a4abf0ce85
1143,67fa2f3352c1567f302db45a,59Nqp,changs13,"매번 정말 맛있게 먹고가요
오늘은 부모님 아이들 모시고왔어요
줄 조금만  서서 너무 좋아요 ㅋ
잘먹었습니다",,2025-04-12 08:59:44,37792495,장인닭갈비 강남점,naver,c120eb07-fe13-4515-875e-02a4abf0ce85
1144,67fa2dfed3aff4131add0856,10b1D,나녀니70,"진짜 자주 오는데
너무 맛있어요
웨이팅이 있어도 기다리는 맛",,2025-04-12 08:59:44,37792495,장인닭갈비 강남점,naver,c120eb07-fe13-4515-875e-02a4abf0ce85
1145,67fa2d831a561d94ceb7f351,M8Ur,해리포터82,,,2025-04-12 08:59:44,37792495,장인닭갈비 강남점,naver,c120eb07-fe13-4515-875e-02a4abf0ce85
1146,67fa3252683555158ecb0190,3nDW2,김현정54,"가족들과 함께 왔는뎅 넘넘 맛있어요 🥹☺️❤️‍🔥🫧
모짜렐라 치즈도 맛있고, 당면 사리 추천해용 🤤🤤🤤",,2025-04-12 08:58:54,37792495,장인닭갈비 강남점,naver,c120eb07-fe13-4515-875e-02a4abf0ce85
1147,67fa2e137b6f3c40252d208d,4kI0Y,갓동욱,"닭갈비 너무 맛있어요..!!!
다음에 또 오겠습니다..!!!",,2025-04-12 08:58:54,37792495,장인닭갈비 강남점,naver,c120eb07-fe13-4515-875e-02a4abf0ce85
1148,67fa32988cea2eab29fd32e2,140Cr,lollipop39,너무 맛있게 잘 먹었습니다~~~~,,2025-04-12 08:56:04,37792495,장인닭갈비 강남점,naver,c120eb07-fe13-4515-875e-02a4abf0ce85
1149,67fa20fe02a5a7226418b5e6,1PZPP,디슐랭,강남쪽 닭갈비는 늘 여기로 와요! 빨리나오고 맛있구 가성비도 좋아요😄,,2025-04-12 08:11:27,37792495,장인닭갈비 강남점,naver,c120eb07-fe13-4515-875e-02a4abf0ce85
1150,67fa20f3d3d85d91ff178530,5Kait,woo****,치즈사리는 꼭 추가해 주세요. 너무 맛있고 항상 강남 올때마다 들립니다!!,,2025-04-12 08:11:27,37792495,장인닭갈비 강남점,naver,c120eb07-fe13-4515-875e-02a4abf0ce85
1151,67fa15e64524e77af253e25f,48uaN,JH2780,양이 아주 많고 맛있어요!,,2025-04-12 07:15:33,37792495,장인닭갈비 강남점,naver,c120eb07-fe13-4515-875e-02a4abf0ce85
1152,67fa1569aa7b1ca6b34369fd,6hQ26,삥뽕bbingbbong,양이 엄청 많아요!! 4시 반인데도 사람이 꽤 많았어요,,2025-04-12 07:15:33,37792495,장인닭갈비 강남점,naver,c120eb07-fe13-4515-875e-02a4abf0ce85
1153,67fa15bc56ebf849bcd91ea8,13aW6,초코파이5145,닭갈비가 맛있어요!,,2025-04-12 07:11:33,37792495,장인닭갈비 강남점,naver,c120eb07-fe13-4515-875e-02a4abf0ce85
1154,67fa154e3edbaa0e0e3d39ba,90SfE,kngaa,양도 많고 엄청 맛있어요!,,2025-04-12 07:11:33,37792495,장인닭갈비 강남점,naver,c120eb07-fe13-4515-875e-02a4abf0ce85
1155,67fa14bef5667548cba5da14,bE6pF,you****,장인닭갈비 너무 좋아하는 곳이에요~~ 역시 맛있습니다! 굳❤️,,2025-04-12 07:11:33,37792495,장인닭갈비 강남점,naver,c120eb07-fe13-4515-875e-02a4abf0ce85
1156,67fa12bd310a7129bbfc6853,2l6PQ,뚱뚱이86,맛잇어요.....,,2025-04-12 07:05:20,37792495,장인닭갈비 강남점,naver,c120eb07-fe13-4515-875e-02a4abf0ce85
1157,67fa04691bbfa5ca91a11704,P3ST,juh2,맛있어요. 치즈 추가 필수~~!! 볶음밥도 맛있어요. 중간맛 하나도 안매워요. 매운맛+치즈 추천합니다.,,2025-04-12 06:07:20,37792495,장인닭갈비 강남점,naver,c120eb07-fe13-4515-875e-02a4abf0ce85
1158,67fa045fcb3f3e874a270db6,2c7SSr,zzz****,닭갈비 양도 많고 너무 맛있습니다>_< 치즈는 무조건 !!!추가해서 드세요ㅎㅎ 우동사리와도 조합 너무 좋습니다!,,2025-04-12 06:07:20,37792495,장인닭갈비 강남점,naver,c120eb07-fe13-4515-875e-02a4abf0ce85
1159,67fa045d587d75cac7d24930,9gsQI,청귤뀨,"우연히 오게 되었는데 배부르게 잘먹었습니다.
중간맛이었는데 생각보다 안매워서 다음엔 매운맛으로 먹으려구요!",,2025-04-12 06:07:20,37792495,장인닭갈비 강남점,naver,c120eb07-fe13-4515-875e-02a4abf0ce85
1160,67fa0445cfdd46ffc1ba5d62,d6PrP,NEW YS,친절한 서비스 맛있는 음식 추천해요!,,2025-04-12 06:07:20,37792495,장인닭갈비 강남점,naver,c120eb07-fe13-4515-875e-02a4abf0ce85
1161,67fa045e8a8978956c287587,3bEHe,쿄코몽랜드,맛있어서 계속 먹게되는 맛! 맛있게 매콤하고 간이 딱 맞아용,,2025-04-12 05:36:42,37792495,장인닭갈비 강남점,naver,c120eb07-fe13-4515-875e-02a4abf0ce85
1162,67f9fb106ad1a8edc0cc3493,coknA,혜인3231,맛있어용 ♥ 매번 옵니다,,2025-04-12 05:14:02,37792495,장인닭갈비 강남점,naver,c120eb07-fe13-4515-875e-02a4abf0ce85
1163,67f9fb089fa41cb6fb51805a,3sKlX,inijae,강남 올때마다 오는 닭갈비집이에여 맛있게 먹겠습니다,,2025-04-12 05:14:02,37792495,장인닭갈비 강남점,naver,c120eb07-fe13-4515-875e-02a4abf0ce85
1164,67f9f8a063e32f80c3bd03ae,44g3G,정유진98,"양 많고 맛있어요 
강남역맛집!",,2025-04-12 05:06:21,37792495,장인닭갈비 강남점,naver,c120eb07-fe13-4515-875e-02a4abf0ce85
1165,67f9f84e4b0e2cd532b33660,5WVJ4,wx현서조,사람 많은 데는 이유가 있어요 인생닭갈비를 강남에서 만나다니.. 진짜 맛있습니당,,2025-04-12 05:06:21,37792495,장인닭갈비 강남점,naver,c120eb07-fe13-4515-875e-02a4abf0ce85
1166,67f9f4a38ed5e0fdd9b91285,1kIBO,땡비32,음식이 맛있어요 또 오고싶네요~야채도 맘껏 먹을 수 있어 좋고요 그리고 친절해요~,,2025-04-12 04:59:47,37792495,장인닭갈비 강남점,naver,c120eb07-fe13-4515-875e-02a4abf0ce85
1167,67f9f3ad02c10af37b8efa64,o9Vi,에스테르84,"와 닭갈비 대박 너무 맛있당 최고에용ㅎ
무조건 추천 맛집!!",,2025-04-12 04:54:16,37792495,장인닭갈비 강남점,naver,c120eb07-fe13-4515-875e-02a4abf0ce85
1168,67f9f3f4fc327a7e7a1dc227,1sJ7E,이드거니,맛집이라 왔는데 너무 맛있고 양도 푸짐해요. 지인모임으로 강추합니다.,,2025-04-12 04:48:21,37792495,장인닭갈비 강남점,naver,c120eb07-fe13-4515-875e-02a4abf0ce85
1169,67fa1b49e6036be2c65b70e7,c0AZX,han****,너무 맛있어요!,,2025-04-12 04:24:17,37792495,장인닭갈비 강남점,naver,c120eb07-fe13-4515-875e-02a4abf0ce85
1170,67f9eb254acc8517ff6ad142,5ricb,kgm****,맛있어요!!,,2025-04-12 04:22:25,37792495,장인닭갈비 강남점,naver,c120eb07-fe13-4515-875e-02a4abf0ce85
1171,67f9e7abf6fbd3e3bdeae542,4UASY,유진65,너무 맛있게  잘 먹었습니다! 볶음밥도 꼭 시켜드시길!!!,,2025-04-12 04:06:43,37792495,장인닭갈비 강남점,naver,c120eb07-fe13-4515-875e-02a4abf0ce85
1172,67f9e3424cf09dd6c264e64c,3BG4l,moo****,양도 많고 상추랑 깻잎이 있어서 굉장히 좋아요 맛도 맛있습니당!!,,2025-04-12 03:45:23,37792495,장인닭갈비 강남점,naver,c120eb07-fe13-4515-875e-02a4abf0ce85
1173,67f9efb898553dc913d23cbe,1fStS,쩡이5975,"데이트 장소 강남역 맛집으오 최고에요~~^^
담백하고 쌈도 먹을수 있고 ㅋㅋ 
 데이트하러 일있어서 강남 오심 한번 들려보세욤~~!!",,2025-04-12 03:42:16,37792495,장인닭갈비 강남점,naver,c120eb07-fe13-4515-875e-02a4abf0ce85
1174,67f9e81a0ec525977c92e0d0,4cdGz,sorysory1004,손님 많은데 웨이팅 오래 안걸려서 좋아요! 음식이랑 야채도 신선해서 먹기 좋았어요~ 장인볶음밥은 꼭 드시길~,,2025-04-12 03:30:00,37792495,장인닭갈비 강남점,naver,c120eb07-fe13-4515-875e-02a4abf0ce85
1175,67f9db9e6f6cccdb739b30bc,7JET0,gae****,"셀프바에 샐러드, 무쌈, 상추, 쌈장 있어요! 중간 맛으로 먹었는데 적당히 매콤하고 맛있어요(∩❛ڡ❛∩)",,2025-04-12 03:15:00,37792495,장인닭갈비 강남점,naver,c120eb07-fe13-4515-875e-02a4abf0ce85
1176,67f9dc66820ae231b95ffc4a,4QVMu,sil****,음식이 맛있고 야채가 신선해요! 점심으로 딱이었어요😆,,2025-04-12 03:11:10,37792495,장인닭갈비 강남점,naver,c120eb07-fe13-4515-875e-02a4abf0ce85
1177,67f9dc17fcde86de3c02c521,5cfzt,jsw57,잘먹었어요!,,2025-04-12 03:11:10,37792495,장인닭갈비 강남점,naver,c120eb07-fe13-4515-875e-02a4abf0ce85
1178,67f9d8b94c0dff6ce44ec05e,3Z0zq,올드팝81,장인닭갈비 라면사리 추가해서 맛있게 먹었습니다. 셀프바에 상추랑 깻잎이 많아서 좋았습니다.,,2025-04-12 02:54:16,37792495,장인닭갈비 강남점,naver,c120eb07-fe13-4515-875e-02a4abf0ce85
1179,67f9d7fa33007985808ebec8,LxS6,김땡땡1420,장인닭갈비 완전 맛집이에요 12시 전에 오니까 웨이팅도 없고 빨리 나와서 좋았어요! 강추!,,2025-04-12 02:54:16,37792495,장인닭갈비 강남점,naver,c120eb07-fe13-4515-875e-02a4abf0ce85
1180,67f9ce9d7888c1a5677691e2,4utaY,승윤4571,,,2025-04-12 02:03:26,37792495,장인닭갈비 강남점,naver,c120eb07-fe13-4515-875e-02a4abf0ce85
1181,67f9ce944404d94875374e75,cxsSQ,현규57,정말 맛있어요!,,2025-04-12 02:03:26,37792495,장인닭갈비 강남점,naver,c120eb07-fe13-4515-875e-02a4abf0ce85
1182,67f9ce00eb881b1f4f31d505,48EcX,장동호84,닭갈비 맛있어요!!!,,2025-04-12 02:03:26,37792495,장인닭갈비 강남점,naver,c120eb07-fe13-4515-875e-02a4abf0ce85
1183,67f9cdfe3de11369e9a192fb,4OmQR,아자아쟈12,완전 맛있어요! 치즈랑 사리도 추가해서 먹는 거 추천드려요!!,,2025-04-12 02:03:26,37792495,장인닭갈비 강남점,naver,c120eb07-fe13-4515-875e-02a4abf0ce85
1184,67f9cde9e389ce5e1c0121e2,873VZ,이예진81,"맛있어요~
근데 닭갈비에 가슴살 섞어놨네요 🥹
닭가슴살비는 처음 먹어봤어요~ 신기해요~",,2025-04-12 02:03:26,37792495,장인닭갈비 강남점,naver,c120eb07-fe13-4515-875e-02a4abf0ce85
1185,67f90eea8afb0c7192f2912e,1G4G,찌니bb,"강남에서 유명하다는 장인닭갈비 ! 
드디어 와 봤어요ㅎㅎ
맛있게 잘 먹고 갑니다☺️",,2025-04-11 12:33:26,37792495,장인닭갈비 강남점,naver,c120eb07-fe13-4515-875e-02a4abf0ce85
1186,67f909011b0047a64f2fc8eb,19S7U,아델리나모쓰니코바91,"맛은 기본적으로 좋아서
재방문했고 순한맛 보통맛 매운맛의 3단계로 구분할수있어서 좋아요

치즈 토핑 보세요
맛나보이죠",,2025-04-11 12:17:10,37792495,장인닭갈비 강남점,naver,c120eb07-fe13-4515-875e-02a4abf0ce85
1187,67f909132e1b5c4f2a91ac85,3nWIi,iipdet,추천합니다!!! 처음오는데 맛있어요 ㅎㅎ,,2025-04-11 12:16:57,37792495,장인닭갈비 강남점,naver,c120eb07-fe13-4515-875e-02a4abf0ce85
1188,67f8fc57d84556347a319094,bAmYA,주9284,,,2025-04-11 11:22:46,37792495,장인닭갈비 강남점,naver,c120eb07-fe13-4515-875e-02a4abf0ce85
1189,67f8e901053ac19c9e855d2e,3rw2S,hhyyeep,강남 맛집 완전 추천입니당 존맛,,2025-04-11 09:54:09,37792495,장인닭갈비 강남점,naver,c120eb07-fe13-4515-875e-02a4abf0ce85
1190,67f8e7d6ebd91252baccc2d4,48qvB,예딩딩66,강남역 맛집 장인닭갈비 너무 맛있어요!,,2025-04-11 09:54:09,37792495,장인닭갈비 강남점,naver,c120eb07-fe13-4515-875e-02a4abf0ce85
1191,67f8e7c8df59db836449d9cc,33pIr,차붑,강남역맛집 ^-^,,2025-04-11 09:54:09,37792495,장인닭갈비 강남점,naver,c120eb07-fe13-4515-875e-02a4abf0ce85
1192,67f8e7b3d7a752981df580b1,34GBd,똥이60,"다른 닭갈비 집이랑 차원이 다른 장인닭갈비~
사리도 너무 알차고 메인인 닭갈비도 맛있어요😝
다른 곳 고민하지 말고 여기로 오세용
강남역맛집 이지만 회전율도 빨라용",,2025-04-11 09:54:09,37792495,장인닭갈비 강남점,naver,c120eb07-fe13-4515-875e-02a4abf0ce85
1193,67f8e79777eeb69de54ea1c5,3zlNU,요기죠기숑,"넘 맛있어서 주변 친구들 다 데리고 왔어요!!
추천합니댱~~",,2025-04-11 09:53:43,37792495,장인닭갈비 강남점,naver,c120eb07-fe13-4515-875e-02a4abf0ce85
1194,67f8e064bac5f03103c15ba1,bpV5l,뽀짝1782,완전 맛있음 양도 많고!!! 또 가야겠다,,2025-04-11 09:14:36,37792495,장인닭갈비 강남점,naver,c120eb07-fe13-4515-875e-02a4abf0ce85
1195,67f8e0dd53cb466a344e1e1a,9Qhg5,ins****,친구들과 오랜만에 나들이! 치즈닭갈비 넘 맛있고 좋아요 ㅎㅎ,,2025-04-11 08:54:32,37792495,장인닭갈비 강남점,naver,c120eb07-fe13-4515-875e-02a4abf0ce85
1196,67f9db151701707861586125,6c6um,o617,맛있어요 !,,2025-04-11 08:42:16,37792495,장인닭갈비 강남점,naver,c120eb07-fe13-4515-875e-02a4abf0ce85
1197,67f8cd036f6cccdb73f7b761,7VxTe,hillihilli,,,2025-04-11 07:56:08,37792495,장인닭갈비 강남점,naver,c120eb07-fe13-4515-875e-02a4abf0ce85
1198,67f8cca771a6d2178e8c14ef,5ADFm,Peleiadeo,,,2025-04-11 07:56:08,37792495,장인닭갈비 강남점,naver,c120eb07-fe13-4515-875e-02a4abf0ce85
1199,67f8c788a3c9eaa99b954381,dAQhb,upa****,So delicious ❤️,,2025-04-11 07:33:23,37792495,장인닭갈비 강남점,naver,c120eb07-fe13-4515-875e-02a4abf0ce85
1200,67f8c7a96d50bdb1ad23850b,bGn2R,Mongie97,장인닭갈비 유명하다구해서 왔습니다. 주문하자마자 거의 나왔구 식당듀 크구 좋아요,,2025-04-11 07:28:56,37792495,장인닭갈비 강남점,naver,c120eb07-fe13-4515-875e-02a4abf0ce85
1201,67f8c31f9b851f5512699bf5,46Y7K,ann****,강남에서 가끔씩 먹어용 맛있어요,,2025-04-11 07:06:25,37792495,장인닭갈비 강남점,naver,c120eb07-fe13-4515-875e-02a4abf0ce85
1202,67f8c02f91848c3609b83953,2ZNc5,윤맘470,"N번째 재방문입니다
실패가없어요",,2025-04-11 06:56:59,37792495,장인닭갈비 강남점,naver,c120eb07-fe13-4515-875e-02a4abf0ce85
1203,67f8c02a2b71aa8ee14704bc,49ssI,tst****,가성비 맛집입니다 추천합니다 좋은하루 되십시요,,2025-04-11 06:56:59,37792495,장인닭갈비 강남점,naver,c120eb07-fe13-4515-875e-02a4abf0ce85
1204,67f8bf5bb64bd5c53df832de,cHR3C,카멜레옹옹,강남 닭갈비 맛집. 양념이 깊게 배어 불향까지 살아있어 중독성 강함. 한식 좋아한다면 꼭 들러야 할 필수 코스!,,2025-04-11 06:52:30,37792495,장인닭갈비 강남점,naver,c120eb07-fe13-4515-875e-02a4abf0ce85
1205,67f8bd738f8ccfd39bc9fe9e,dAaH5,lsj****,닭갈비는 장인닭갈비 최고인 것 같아요!! 분위기도 깔끔하고 맛있게 먹고 가겠습니다!!,,2025-04-11 06:52:30,37792495,장인닭갈비 강남점,naver,c120eb07-fe13-4515-875e-02a4abf0ce85
1206,67f8bc3c5d94da6bec0fb48d,d2YL2,wjawja,,,2025-04-11 06:38:23,37792495,장인닭갈비 강남점,naver,c120eb07-fe13-4515-875e-02a4abf0ce85
1207,67f8b361b7953a21c2881ab8,6t3DC,her****,만삭 와이프가 먹고 싶다해서 같이와서 먹었어요,,2025-04-11 05:58:51,37792495,장인닭갈비 강남점,naver,c120eb07-fe13-4515-875e-02a4abf0ce85
1208,67f8a9f042505db484c24749,3K86n,찐5188,오랜만에 왔는데 역시나 맛은 변함이 없네요ㅎㅎ,,2025-04-11 05:20:18,37792495,장인닭갈비 강남점,naver,c120eb07-fe13-4515-875e-02a4abf0ce85
1209,67f8a99d5323174313cffa74,6dqLH,둥이둥둥2,점심시간에 자주 와서 먹는데 강남에서 닭갈비하면 여기 입니다😍,,2025-04-11 05:20:18,37792495,장인닭갈비 강남점,naver,c120eb07-fe13-4515-875e-02a4abf0ce85
1210,67f895d2762ab26479b899bf,80gze,송지혜21,"양 엄청 많고 고기도 크고 맛있어요
또 오고 싶어요",,2025-04-11 04:01:52,37792495,장인닭갈비 강남점,naver,c120eb07-fe13-4515-875e-02a4abf0ce85
1211,67f88ea440af6e0559a1f6a9,1hPOA,둥둥드럼,"직원분들 친절하시고, 웨이팅도 길지 않아서 좋았어요!
닭갈비도👍",,2025-04-11 03:28:48,37792495,장인닭갈비 강남점,naver,c120eb07-fe13-4515-875e-02a4abf0ce85
1212,67f88e29d632b4ad76e5fbd4,3ONuJ,육공이,"맛있어요!! 야채도 많이 먹을 수 있어 좋고, 직원들도 친절해요:)",,2025-04-11 03:28:48,37792495,장인닭갈비 강남점,naver,c120eb07-fe13-4515-875e-02a4abf0ce85
1213,67f88fdd8815f48e22c0427e,4S7S1,Dlawnstjd,음식이 맛있고 서비스가 좋아요~~,,2025-04-11 03:17:55,37792495,장인닭갈비 강남점,naver,c120eb07-fe13-4515-875e-02a4abf0ce85
1214,67f88fd6cfcd8a3c341bc266,3JHcD,jje****,진짜 존맛탱♥️,,2025-04-11 03:17:55,37792495,장인닭갈비 강남점,naver,c120eb07-fe13-4515-875e-02a4abf0ce85
1215,67f88afba75d73ed9f518461,6AUrd,mee****,"지나가다 우연히 발견한 맛집이에요
친절하고 음식 맛있고 자주 올것같아요",,2025-04-11 03:13:58,37792495,장인닭갈비 강남점,naver,c120eb07-fe13-4515-875e-02a4abf0ce85
1216,67f88a36489911b4703736b7,6AC8d,mee****,"우연히 들렀는데 직원들 완전 친절하시고
맛잇어서 담에 또 오고 싶어요",,2025-04-11 03:13:58,37792495,장인닭갈비 강남점,naver,c120eb07-fe13-4515-875e-02a4abf0ce85
1217,67f894bb5027ac133f93432e,4UIID,눈부신예리,"몇년째 애용하는 강남역 맛집이에요!!
너무 맛있게 잘 먹고갑니당🥰",,2025-04-11 03:00:04,37792495,장인닭갈비 강남점,naver,c120eb07-fe13-4515-875e-02a4abf0ce85
1218,67f7c879ed53d5712ef4bc88,9eS8L,Cheff,,,2025-04-10 13:25:06,37792495,장인닭갈비 강남점,naver,c120eb07-fe13-4515-875e-02a4abf0ce85
1219,67f7c793d287a1b7b55a3270,bJY0p,Seunggg,맛있어요,,2025-04-10 13:25:06,37792495,장인닭갈비 강남점,naver,c120eb07-fe13-4515-875e-02a4abf0ce85
1220,67f7c70c009d3e530758b0fd,9qUhC,jh1255,일주일에 한번씩은 꾸준히 오는 것 같아요 라면사리 필수에 볶음밥 콘추가도 너무 맛있어요,,2025-04-10 13:20:47,37792495,장인닭갈비 강남점,naver,c120eb07-fe13-4515-875e-02a4abf0ce85
1221,67f7bf43a16ba171b91cefdd,anxx9,kim****,너무맛있어요 다음에 또 방문할게요 ㅎㅎ,,2025-04-10 12:49:52,37792495,장인닭갈비 강남점,naver,c120eb07-fe13-4515-875e-02a4abf0ce85
1222,67f7bf28b2d3ab3eff576250,2bUNCh,sek****,너무맛있어요! 다음에 또방문할거에요ㅎ,,2025-04-10 12:49:52,37792495,장인닭갈비 강남점,naver,c120eb07-fe13-4515-875e-02a4abf0ce85
1223,67f7b1bd12fc7d74fae3cb30,6aW6Y,배가고파요우,맛있어용 냠냠냠,,2025-04-10 11:52:02,37792495,장인닭갈비 강남점,naver,c120eb07-fe13-4515-875e-02a4abf0ce85
1224,67f7b1a68efc713b07476894,4KDN7,carpediem6768,맛있어용 냠냠냠,,2025-04-10 11:52:02,37792495,장인닭갈비 강남점,naver,c120eb07-fe13-4515-875e-02a4abf0ce85
1225,67f7b04bd0e2f7a0ce8d1170,2GDp8,정정당당565,맛있어요,,2025-04-10 11:23:39,37792495,장인닭갈비 강남점,naver,c120eb07-fe13-4515-875e-02a4abf0ce85
1226,67f7af2d5d85e326e08f8dec,2VOt4,06179,맛있어요,,2025-04-10 11:22:58,37792495,장인닭갈비 강남점,naver,c120eb07-fe13-4515-875e-02a4abf0ce85
1227,67f7a9bedc4a4a87d438c796,e6XtF,먹쉬,"조리가 다 되어 나와서 먹기 너무 편했어요☺️
양도 푸짐해서 가성비가 넘 좋아요!! 야들야들한 닭다리살과 치즈까지 같이 먹으니 넘넘 맛있습니다.. 치즈사리 추가 꼭 하세욧!!🐷👍🏻",,2025-04-10 10:53:17,37792495,장인닭갈비 강남점,naver,c120eb07-fe13-4515-875e-02a4abf0ce85
1228,67f7a762917fbe6e619bdb01,KHKT,콩심51,"친구가 추천해줘서 왔는데 너무 맛있어요! 직원분이 더 싼 세트를 추천도 해주시고 너무 친절하세요! 
다음에 강남오면 또 올거에요! 제친구는 점심때도 자주 온다고 하네요! 저녁이라 대기가 좀 있었는데 금방금방 빠지고 금방 앉아서 먹었어요",,2025-04-10 10:53:17,37792495,장인닭갈비 강남점,naver,c120eb07-fe13-4515-875e-02a4abf0ce85
1229,67f7a4ebb8eabbbc56df4d63,2gsty,William16,,,2025-04-10 10:53:17,37792495,장인닭갈비 강남점,naver,c120eb07-fe13-4515-875e-02a4abf0ce85
1230,67f7a4b4a8d2234fd12378ca,37uJL,silver42,,,2025-04-10 10:53:17,37792495,장인닭갈비 강남점,naver,c120eb07-fe13-4515-875e-02a4abf0ce85
1231,67f7a42e8d0403fb4d2fb215,B5Un,ㅎㅈ1182,너무 맛있어요ㅠㅠㅠㅠㅠㅠㅠ 또올게요😁,,2025-04-10 10:53:17,37792495,장인닭갈비 강남점,naver,c120eb07-fe13-4515-875e-02a4abf0ce85
1232,67f7a42ccf56880f2929028a,6sGz4,이채운79,오랜만에 가족들이랑 맛점 중입니다!,,2025-04-10 10:53:17,37792495,장인닭갈비 강남점,naver,c120eb07-fe13-4515-875e-02a4abf0ce85
1233,67f79dadcbf9df9a096956d8,4peFk,hon****,매장직원분들 친절하고 2인 시켰는데 양도 많아요. 강남역에서 가까워서 접근성도 매우 좋아요~ 보통맛 시켰는데 맛나요 맛나~!!!,,2025-04-10 10:22:06,37792495,장인닭갈비 강남점,naver,c120eb07-fe13-4515-875e-02a4abf0ce85
1234,67f79d95dd2480b56fb5fa18,LUen,kimskiki,,,2025-04-10 10:22:06,37792495,장인닭갈비 강남점,naver,c120eb07-fe13-4515-875e-02a4abf0ce85
1235,67f79c572c50720dafb9e924,3JuLk,두뚜두뚜,"맛있어서 재방문 했어요
고기도 부드럽고 맛있어요!",,2025-04-10 10:22:06,37792495,장인닭갈비 강남점,naver,c120eb07-fe13-4515-875e-02a4abf0ce85
1236,67f7989e5d94da6bec641a97,eiDvK,marcdoco,"장안 닭갈비 처음 와봤는데 맛있네요! 웨이팅은 좀 있어요
맛있게 잘 먹고 갑니다~! 재방문의사 100%",,2025-04-10 09:56:54,37792495,장인닭갈비 강남점,naver,c120eb07-fe13-4515-875e-02a4abf0ce85
1237,67f78ef49e0470e3af9536df,cMFAA,dab****,"맛있다고 허길래 와봤는데 진짜 맛나용 
또 올게용👍👍",,2025-04-10 09:17:40,37792495,장인닭갈비 강남점,naver,c120eb07-fe13-4515-875e-02a4abf0ce85
1238,67f78be94cf09dd6c2e9e3ae,1enrH,한결888,좋아요,,2025-04-10 09:09:32,37792495,장인닭갈비 강남점,naver,c120eb07-fe13-4515-875e-02a4abf0ce85
1239,67f7a0896732ffe86fe52710,6Pfx6,199****,여자친구랑 같이 왔는데 역시 닭갈비는 장인 닭갈비!!!!,,2025-04-10 09:06:12,37792495,장인닭갈비 강남점,naver,c120eb07-fe13-4515-875e-02a4abf0ce85
1240,67f7a056f2a107261e408ca9,cqyKn,qwe****,"여기만 와요ㅜ항상
개맛있어요…",,2025-04-10 08:49:09,37792495,장인닭갈비 강남점,naver,c120eb07-fe13-4515-875e-02a4abf0ce85
1241,67f769fc41122edf6a8d8db4,9f04y,람머스21,,,2025-04-10 06:34:13,37792495,장인닭갈비 강남점,naver,c120eb07-fe13-4515-875e-02a4abf0ce85
1242,67f769e29b7b301ef22714d8,44spO,태웅86,"음식 맛, 분위기, 서비스 모두 만족스러웠습니다.
가격 대비 퀄리티가 좋아 다음에도 방문할 생각입니다.
좋은 시간 보내고 갑니다. 감사합니다.",,2025-04-10 06:34:13,37792495,장인닭갈비 강남점,naver,c120eb07-fe13-4515-875e-02a4abf0ce85
1243,67f75dac5fafab6774aa59ba,c23x7,구애애액,맛잇어요,,2025-04-10 05:50:10,37792495,장인닭갈비 강남점,naver,c120eb07-fe13-4515-875e-02a4abf0ce85
1244,67f756b3f5fed68caf85997b,c7jFZ,생갈치1호의행방불명37,"강남오면 꼭 들르는 최애 닭갈비 집!
우동사리 꼭 추가해서 드세요（｡•̀_ ູ॒•́ ｡)💗🔥",,2025-04-10 05:09:30,37792495,장인닭갈비 강남점,naver,c120eb07-fe13-4515-875e-02a4abf0ce85
1245,67f753748f6feb8b6097c471,pZDf,너구링55,"강남에서 일할때 한주에 한번 오다시피한 장인 닭갈비
오래간만에 왔어도 여전해서 좋았어요
가성비 최고!!",,2025-04-10 05:02:56,37792495,장인닭갈비 강남점,naver,c120eb07-fe13-4515-875e-02a4abf0ce85
1246,67f74cd462a57a5a447df024,2c7To6,비니445,맛있어요!,,2025-04-10 04:44:26,37792495,장인닭갈비 강남점,naver,c120eb07-fe13-4515-875e-02a4abf0ce85
1247,67f7456dba5558cc591f972a,cqsF3,doo****,닭살도 실하니 맛있어요~~ 점심 메뉴로 세트가 있어서 가성비도 좋아요!😄,,2025-04-10 04:00:44,37792495,장인닭갈비 강남점,naver,c120eb07-fe13-4515-875e-02a4abf0ce85
1248,67f746ee4c0db90557474efe,aLtCw,jen****,맛있고 양이 많아요,,2025-04-10 03:53:22,37792495,장인닭갈비 강남점,naver,c120eb07-fe13-4515-875e-02a4abf0ce85
1249,67f73a79819b61f00dbd643a,ncYE,성현주90,강남오면 항상오는곳이에요!,,2025-04-10 03:23:52,37792495,장인닭갈비 강남점,naver,c120eb07-fe13-4515-875e-02a4abf0ce85
1250,67f72e022b2a5cbf2303375d,c8EZo,재은8586,"닭갈비 너무 맛있어요 매장도 넓고 깔끔해서 좋았구요
친구들이 강남역맛집 알려달라고 하면 여기 추천할거 같아요 !",,2025-04-09 14:45:08,37792495,장인닭갈비 강남점,naver,c120eb07-fe13-4515-875e-02a4abf0ce85
1251,67f72b5ae9f5b5b2a6ba1d63,2ddtc,kdk****,맛있어요!! 나눠먹기 좋게 셋팅해줘 좋아요,,2025-04-09 14:45:08,37792495,장인닭갈비 강남점,naver,c120eb07-fe13-4515-875e-02a4abf0ce85
1252,67f66f88ef354df771c57416,eHaKq,나방쓰,,,2025-04-09 12:54:06,37792495,장인닭갈비 강남점,naver,c120eb07-fe13-4515-875e-02a4abf0ce85
1253,67f66abf4c0db90557d752ec,4Q1Iz,wpsl580,"항상 올 때마다 너무 맛있게 잘 먹고 있습니다! 친구들, 연인, 지인, 가족 상관없이 다 오기 좋아요☺️ 직원분들도 친절하고 항상 잘 이용하고 있습니다🥰👍 강남 왔을 때 부담없이 오기 좋아용👏😊",,2025-04-09 12:35:16,37792495,장인닭갈비 강남점,naver,c120eb07-fe13-4515-875e-02a4abf0ce85
1254,67f668f7f3b7bdb10e74e14d,2bEE0n,조민범626,"닭갈비가 매우 맛있고 치즈와의 조화는 환상입니다
양은 매우 많아 볶음밥을 먹고 싶었는데 못먹고 나가는게 아쉽네요 ㅠㅠ
분위기도 되게 좋고 줄도 없습니다!",,2025-04-09 12:25:24,37792495,장인닭갈비 강남점,naver,c120eb07-fe13-4515-875e-02a4abf0ce85
1255,67f66440d4c0523f551b1c5f,22RFQ,김천재74,"장인닭갈비 너무 맛있어요!
9시가 넘었는데도 손님 가득한 찐 강남역맛집!!!",,2025-04-09 12:11:00,37792495,장인닭갈비 강남점,naver,c120eb07-fe13-4515-875e-02a4abf0ce85
1256,67f66457537d90a7b1e7431a,1kR64,파파블,"언제나 맛있어요!!!!
변함없이 그자리에 오래오래 있어주세요오~~~:)",,2025-04-09 12:09:23,37792495,장인닭갈비 강남점,naver,c120eb07-fe13-4515-875e-02a4abf0ce85
1257,67f661f99828e02d77065733,9a6Uv,Wheel,너무 맛있어요!!,,2025-04-09 11:57:01,37792495,장인닭갈비 강남점,naver,c120eb07-fe13-4515-875e-02a4abf0ce85
1258,67f65e0f189f4b15c158c34a,8tWXx,유3159,,,2025-04-09 11:36:20,37792495,장인닭갈비 강남점,naver,c120eb07-fe13-4515-875e-02a4abf0ce85
1259,67f65d5ff31cda174beedb0a,dyUb4,hon****,맛있어요,,2025-04-09 11:36:20,37792495,장인닭갈비 강남점,naver,c120eb07-fe13-4515-875e-02a4abf0ce85
1260,67f663324b361991246d2e06,3q93G,모노폴리16,,,2025-04-09 11:34:25,37792495,장인닭갈비 강남점,naver,c120eb07-fe13-4515-875e-02a4abf0ce85
1261,67f6432a54255a5dc8a27a3e,3pl2Z,엣헴쥴쓰다,"강남역에서 젤 가는 맛집 인정입니다
사람 많은 이유가 있어요!!",,2025-04-09 09:39:55,37792495,장인닭갈비 강남점,naver,c120eb07-fe13-4515-875e-02a4abf0ce85
1262,67f642f401fc3c6798e5d460,27Idm,리을33,맛있어요! 셀프반찬이 좋아요~~,,2025-04-09 09:39:55,37792495,장인닭갈비 강남점,naver,c120eb07-fe13-4515-875e-02a4abf0ce85
1263,67f63d21c9fd979dfb4c5ebc,9jJOO,채영7386,친절하시고 6시쯤 가니까 바로 들어갔네용 중간맛이면 딱 적당한 거 같아요 저는 ㅎㅎ 맛있게 잘 먹었습니다,,2025-04-09 09:15:07,37792495,장인닭갈비 강남점,naver,c120eb07-fe13-4515-875e-02a4abf0ce85
1264,67f638b1e1fa61f58cb12cd1,akyAU,hye****,,,2025-04-09 08:56:53,37792495,장인닭갈비 강남점,naver,c120eb07-fe13-4515-875e-02a4abf0ce85
1265,67f61d8c28937b073f415dea,4SuF2,Joshua403,부모님과 방문 깔끔하고 맛있습니다,,2025-04-09 07:07:23,37792495,장인닭갈비 강남점,naver,c120eb07-fe13-4515-875e-02a4abf0ce85
1266,67f616691f1de4d1fff42c89,6uEE6,aud****,셀프바로 상추도 샐러드도 좋고 고기맛도 좋아요,,2025-04-09 06:21:36,37792495,장인닭갈비 강남점,naver,c120eb07-fe13-4515-875e-02a4abf0ce85
1267,67f64c279c3b273ac5778888,2Vof5,jully9812,"완전 맛있어요 구워서 주셔서 편해요 잘먹겠습니다
웨이팅이 있지만 순환이 빨라서 괜찮아요",,2025-04-09 05:37:09,37792495,장인닭갈비 강남점,naver,c120eb07-fe13-4515-875e-02a4abf0ce85
1268,67f604f57fe492667269dc0d,3f8L2,잘먹고갑니다1,"강남 오면 꼭 들리는 맛집! 오늘도 잘먹고갑니다~

#강남 맛집 !",,2025-04-09 05:17:06,37792495,장인닭갈비 강남점,naver,c120eb07-fe13-4515-875e-02a4abf0ce85
1269,67f74d2fa64ab335c32d7dcf,8Bxg1,Babypink80,너무 맛있어용 양도 많습니다,,2025-04-09 04:15:48,37792495,장인닭갈비 강남점,naver,c120eb07-fe13-4515-875e-02a4abf0ce85
1270,67f630fd569a31874e8a05f8,3mvtA,뜨남동28,너무 친절하시고 음식이 진짜 빨리 나왔습니다. 닭갈비도 너무 맛있어요:),,2025-04-09 03:22:34,37792495,장인닭갈비 강남점,naver,c120eb07-fe13-4515-875e-02a4abf0ce85
1271,67f5e85f6894e2a37f89dfe7,3Xfn3,00006585,강남역 맛집 추천입니다!!,,2025-04-09 03:16:35,37792495,장인닭갈비 강남점,naver,c120eb07-fe13-4515-875e-02a4abf0ce85
1272,67f63649280a77b6fbc9a13d,5IXOr,minkang,닭갈비가 맛있어요 ~ 반찬도 너무 다양하고 매장도 깨끗하게 관리하시네요~,,2025-04-09 02:54:31,37792495,장인닭갈비 강남점,naver,c120eb07-fe13-4515-875e-02a4abf0ce85
1273,67f5e0b8a6fa91712bf7485b,6Q2Ko,Soo9484,맛있어요🐽,,2025-04-09 02:40:40,37792495,장인닭갈비 강남점,naver,c120eb07-fe13-4515-875e-02a4abf0ce85
1274,67f5db90f398a2acab1d82d9,IXoH,sol****,맛있고 음식 금방 나와서 좋아요!!,,2025-04-08 14:38:28,37792495,장인닭갈비 강남점,naver,c120eb07-fe13-4515-875e-02a4abf0ce85
1275,67f526c7ab8e53c2b5c4f2b5,1X4B8,굿4265,"미친 닭갈비 
천상에 맛이에요 ♡♡♡♡♡♡
백만번 천만번올껍니다",,2025-04-08 13:26:41,37792495,장인닭갈비 강남점,naver,c120eb07-fe13-4515-875e-02a4abf0ce85
1276,67f524bfb134fb28001ad5d3,hKKK,lsangi42,"정신없이 먹느라 사진도 중간에 찍었네요
당면에 간도 잘베고 자극적이지 않게 맛있어요~치즈도 양이 많아서 끝까지 함께 먹을 수 있습니다",,2025-04-08 13:25:45,37792495,장인닭갈비 강남점,naver,c120eb07-fe13-4515-875e-02a4abf0ce85
1277,67f524b16aa40b581bc74399,cKcsX,mon****,닭갈비에 모금사리 추가해서 먹었어요! 가성비 좋은 것 같아요 주차는 안되네요ㅠ,,2025-04-08 13:25:45,37792495,장인닭갈비 강남점,naver,c120eb07-fe13-4515-875e-02a4abf0ce85
1278,67f508d093c87f11396276da,4O2AR,Yeon872,"엄청난 치즈길 보이시나요 !
닭갈비도 맛있고 매장도 넓고 친절하셔서 완전 좋았어요 :-)
잘먹었습니다.",,2025-04-08 11:22:54,37792495,장인닭갈비 강남점,naver,c120eb07-fe13-4515-875e-02a4abf0ce85
1279,67f5028fb6a40f1ce252a547,1kFeo,sehyunle231,음식이 너무 맛있고 양도 많어요!,,2025-04-08 10:55:14,37792495,장인닭갈비 강남점,naver,c120eb07-fe13-4515-875e-02a4abf0ce85
1280,67f503428400143d17f23b11,2mA4s,kyj****,강남역 닭갈비 맛집  손님도 많고 닭갈비가 아주 맛있는 곳입니다  무엇보다 메인요리 뿐만 아니라 셀프 바 재료들도 모두 신선해서 더욱 맘에 듭니다,,2025-04-08 10:49:49,37792495,장인닭갈비 강남점,naver,c120eb07-fe13-4515-875e-02a4abf0ce85
1281,67f4fdafc9d5d9cf83066c0a,34Wtm,김매실75,너무 맛있게 잘먹었어요 ㅎㅎ 치즈추가 완전 추천합니당!!,,2025-04-08 10:38:42,37792495,장인닭갈비 강남점,naver,c120eb07-fe13-4515-875e-02a4abf0ce85
1282,67f4f8ea2a8c815b4a4222e2,3ApAz,종욱32,강남역맛집  닭갈비짱맛있어요!!!,,2025-04-08 10:19:46,37792495,장인닭갈비 강남점,naver,c120eb07-fe13-4515-875e-02a4abf0ce85
1283,67f5e9ba0d9ffe1bec49c02f,dlkCw,don****,,,2025-04-08 09:27:00,37792495,장인닭갈비 강남점,naver,c120eb07-fe13-4515-875e-02a4abf0ce85
1284,67f5e48d5452762baf149ce2,1xYze,ekrcm30215,맛있어요~!,,2025-04-08 10:08:35,37792495,장인닭갈비 강남점,naver,c120eb07-fe13-4515-875e-02a4abf0ce85
1285,67f4f72e249ee5c268a730fa,57s5M,복숭아필통,맛있어유 닭갈비 좋아해서 왔는데 담에 또올게요,,2025-04-08 10:08:35,37792495,장인닭갈비 강남점,naver,c120eb07-fe13-4515-875e-02a4abf0ce85
1286,67f4f29b9cf9aa92d7177c16,3vuUQ,역삼니,"직원분들도 친절하시고 회전율도 좋아서 기다림 없이 바로 먹을 수 있어서 좋았어요-!
맨날 유가네만 먹다가 와봤는데 오길 잘한듯",,2025-04-08 09:52:48,37792495,장인닭갈비 강남점,naver,c120eb07-fe13-4515-875e-02a4abf0ce85
1287,67f4dd6a33093bd2707def53,3EHLf,dlg****,"너무 맛있어요  ◡̈ 담에 친구들이랑 방문 할것 같아여
여러 맛을 느낄수 있어서 맛나게 먹었습니다  ◡̈",,2025-04-08 08:23:57,37792495,장인닭갈비 강남점,naver,c120eb07-fe13-4515-875e-02a4abf0ce85
1288,67f4db1d346a65714ad3866d,eti0s,음음555,강남역 올 때마다 오는 음식점인데 너무 맛있어요!,,2025-04-08 07:59:32,37792495,장인닭갈비 강남점,naver,c120eb07-fe13-4515-875e-02a4abf0ce85
1289,67f4d9db4f87adad8e2f81c8,ciNMl,Jkim35,"정신이 혼미해지네요,.. 너무 재방문인데 오늘도 맛있게 먹구깁니다 👏🏻👏🏻👏🏻",,2025-04-08 07:59:32,37792495,장인닭갈비 강남점,naver,c120eb07-fe13-4515-875e-02a4abf0ce85
1290,67f4eb8d33e882eed6bc601b,87fhb,하늘바라기97,강남역 맛집!!❤️,,2025-04-08 05:56:02,37792495,장인닭갈비 강남점,naver,c120eb07-fe13-4515-875e-02a4abf0ce85
1291,67f4d2738f6feb8b601aa677,cq7rF,930****,양도 많고 맛있어요😊 강추~!,,2025-04-08 05:52:15,37792495,장인닭갈비 강남점,naver,c120eb07-fe13-4515-875e-02a4abf0ce85
1292,67f4ba657790ee7f381cb99f,3C48W,coflcofl,,,2025-04-08 05:52:15,37792495,장인닭갈비 강남점,naver,c120eb07-fe13-4515-875e-02a4abf0ce85
1293,67f4aa51ec54007ebf7cd598,5ISON,장민지55,믿고 먹는 장인 닭갈비!! 다른 지점에서만 먹어보다가 강남점 처음 와봤는데 깨도 솔솔 뿌려주네용ㅋㅋ 역시 맛있어요!!!,,2025-04-08 04:35:30,37792495,장인닭갈비 강남점,naver,c120eb07-fe13-4515-875e-02a4abf0ce85
1294,67f4a9bef6765919c3bb70f8,bCRGM,hhh****,"맛있습니다!!
다음에 또 올 것 같아요😌",,2025-04-08 04:35:30,37792495,장인닭갈비 강남점,naver,c120eb07-fe13-4515-875e-02a4abf0ce85
1295,67f4a6ef9c3be58955ee72cf,dcreY,ㅋㅋㅃ,넘 마싯어용 ㅠㅜㅠㅠㅠㅠ 직원분들도 엄청 친절하시구 맛있구 다해여 .. 🩷,,2025-04-08 04:12:57,37792495,장인닭갈비 강남점,naver,c120eb07-fe13-4515-875e-02a4abf0ce85
1296,67f4a1d3df59db836480f0f6,4NrI7,마이규미씨,"강남역 맛집으로 유명한 닭갈비집 !
점심세트 개꿀",,2025-04-08 04:03:37,37792495,장인닭갈비 강남점,naver,c120eb07-fe13-4515-875e-02a4abf0ce85
1297,67f49dced8fe00b40c92dfae,bliM6,터지지않아,양이진짜많고 너무맛잇어용 !!!!!!!!,,2025-04-08 03:44:47,37792495,장인닭갈비 강남점,naver,c120eb07-fe13-4515-875e-02a4abf0ce85
1298,67f4913c53cb466a34a12059,TLNH,김서윤48,"장인 닭갈비 점심 메뉴 가성비 좋고 셀프바 이용해서 푸짐하게 이용가능해서 좋아요~
양념맛이 제가 좋아하는 스타일이라서 너무 맛있어요~",,2025-04-08 02:46:17,37792495,장인닭갈비 강남점,naver,c120eb07-fe13-4515-875e-02a4abf0ce85
1299,67f491389d9d0092463556ec,2p2CW,애플킴,"음 몇번째인지 모를만큼 종종 왔네 ㅎㅎ
봄맞아 다시 방문. 앞으로도 쭈욱 와야지
강남역 닭갈비집 추천!!!",,2025-04-08 02:46:17,37792495,장인닭갈비 강남점,naver,c120eb07-fe13-4515-875e-02a4abf0ce85
1300,67f3e19941c48af09a549ac8,dWeWJ,CUTTI,너무 맛있게 먹엇습니다! 치즈 예술!! 직원 분들도 너무 친절하세요!,,2025-04-07 14:17:25,37792495,장인닭갈비 강남점,naver,c120eb07-fe13-4515-875e-02a4abf0ce85
1301,67f3e1722b2a5cbf2309b987,5j5jy,하루굿,치즈가 너무 맛있고 양도 많아요 존맛!!,,2025-04-07 14:17:25,37792495,장인닭갈비 강남점,naver,c120eb07-fe13-4515-875e-02a4abf0ce85
1302,67f3c2fa04a1c0a59e44cc46,2XPEH,jun****,양도 많고 맛있어요. 오래된 맛집인데 가장 무난하게 먹을 수 있는 닭갈비 맛집이에요.,,2025-04-07 12:12:30,37792495,장인닭갈비 강남점,naver,c120eb07-fe13-4515-875e-02a4abf0ce85
1303,67f3b2d54cf09dd6c27d956c,av8aL,jiy****,치즈 진짜 많아요!,,2025-04-07 11:04:41,37792495,장인닭갈비 강남점,naver,c120eb07-fe13-4515-875e-02a4abf0ce85
1304,67f3affda2fb7541bf54ce25,2bQLWc,yur****,양이 많고 맛있고 장소도 가기 쉽고 좋았어요.메뉴가 하나라서 외국인도 쉽게 이용할 수 있을 거같아요!,,2025-04-07 10:49:09,37792495,장인닭갈비 강남점,naver,c120eb07-fe13-4515-875e-02a4abf0ce85
1305,67f3affa180567875105b5fc,2bPVLM,mhm****,"전에 다른 지점에서 먹어봤는데 치즈가 맛있어서 이번에 친구랑 같이 방문했어요!

역시 맛있네용",,2025-04-07 10:49:09,37792495,장인닭갈비 강남점,naver,c120eb07-fe13-4515-875e-02a4abf0ce85
1306,67f3a918e01af5ec03c5466f,agpqI,alp****,맛있어요! 강남역 맛집!,,2025-04-07 10:27:00,37792495,장인닭갈비 강남점,naver,c120eb07-fe13-4515-875e-02a4abf0ce85
1307,67f3a61d0d86042461ff58fd,2Xt8u,BENNOHOLIK,"장인 닭갈비 강남점 다녀왔어요. 불향은 기대했던 것보단 약했지만, 고기는 부드럽고 양도 넉넉해서 배부르게 먹었습니다. 치즈는 기본으로 나와서 따로 추가 안 해도 되는 점이 좋았어요. 매콤하니 술안주로도 딱! 가볍게 한 끼 하기 좋은 곳 같아요.",,2025-04-07 10:11:17,37792495,장인닭갈비 강남점,naver,c120eb07-fe13-4515-875e-02a4abf0ce85
1308,67f3a614baa82b8332c04cce,7Gja7,하영1890,보통맛으로 드세요!! 적당히 살짝 맵고 너무 맛있어요~~ 평일 저녁엔 웨이팅 살짝있지맘 회전율이 빠르고 친절하셔서 불편함없이 맛있는 식사였습니다,,2025-04-07 10:11:17,37792495,장인닭갈비 강남점,naver,c120eb07-fe13-4515-875e-02a4abf0ce85
1309,67f3a5d69828e02d774619ae,2HRrO,Patrick3518,오랜만에 닭갈비 먹는데 중간맛 시켰는데도 매콤하고 너무 맛있어요 😁😁😁,,2025-04-07 10:11:17,37792495,장인닭갈비 강남점,naver,c120eb07-fe13-4515-875e-02a4abf0ce85
1310,67f3ae67baa82b8332c68012,8qRLl,nnn054,맛있어요🙌🏻,,2025-04-07 09:54:05,37792495,장인닭갈비 강남점,naver,c120eb07-fe13-4515-875e-02a4abf0ce85
1311,67f3a5f3658bacb72b742601,2W52n,skj****,너무너무 분위기도 좋고 맛있어요,,2025-04-07 09:54:05,37792495,장인닭갈비 강남점,naver,c120eb07-fe13-4515-875e-02a4abf0ce85
1312,67f3a5c0568de54303b2a11e,1d8k0,피곤한69,"음식이 정말 맛있네요.
추천합니다.",,2025-04-07 09:54:05,37792495,장인닭갈비 강남점,naver,c120eb07-fe13-4515-875e-02a4abf0ce85
1313,67f3a572edade912d7ed8784,3sLu9,애프터눈티85,회사분들이랑 맛있게 잘 먹었습니다.,,2025-04-07 09:54:05,37792495,장인닭갈비 강남점,naver,c120eb07-fe13-4515-875e-02a4abf0ce85
1314,67f3a4f079276d316356b667,2cPqAY,jiw****,맛있어여 담에 또 올게여!!!,,2025-04-07 09:54:05,37792495,장인닭갈비 강남점,naver,c120eb07-fe13-4515-875e-02a4abf0ce85
1315,67f39d01313f88b368b25459,ar7mr,Herry95,진짜 맛있어요!,,2025-04-07 09:26:25,37792495,장인닭갈비 강남점,naver,c120eb07-fe13-4515-875e-02a4abf0ce85
1316,67f397ec8afb0c71929a2cd3,6wztB,cgh****,맛있게 잘 먹었습니다.,,2025-04-07 09:04:08,37792495,장인닭갈비 강남점,naver,c120eb07-fe13-4515-875e-02a4abf0ce85
1317,67f395adf8b63089bed30fd2,2Jdoz,헬로키티411,유명한 집이라 먹으러 왔어요🙂,,2025-04-07 09:01:15,37792495,장인닭갈비 강남점,naver,c120eb07-fe13-4515-875e-02a4abf0ce85
1318,67f395338648abfe925e025c,1DUVG,셔링54,자주와영 맛잇습니낭,,2025-04-07 09:01:15,37792495,장인닭갈비 강남점,naver,c120eb07-fe13-4515-875e-02a4abf0ce85
1319,67f38c139c8dbd5a2790d2a6,4XVeS,자이게클릭이야,"고기가 부드럽고 중간맛도 꽤 매콤한편
전체적으로 soso..",,2025-04-07 07:42:08,37792495,장인닭갈비 강남점,naver,c120eb07-fe13-4515-875e-02a4abf0ce85
1320,67f37caab6c6d9849ca04f6e,25bEP,Geogorgeous,"개지림 히히 다이어트 중인데 닭갈비는 괜찮겠지 하면서
슥 들어왔어요,, 🐶
강남에서도 가성비 좋은곳!!🥄🥢",,2025-04-07 06:59:40,37792495,장인닭갈비 강남점,naver,c120eb07-fe13-4515-875e-02a4abf0ce85
1321,67f34c3ae8b8f8fa5167d5b7,cIryH,daw****,"강남 오면 여기 항상 옵니다 넘나 맛나용!!
직원도 친절합니다",,2025-04-07 03:47:48,37792495,장인닭갈비 강남점,naver,c120eb07-fe13-4515-875e-02a4abf0ce85
1322,67f344e96951cb95df0163b5,2i5np,dlw****,"첫 방문 했는데 역시나 너무 맛있네요!!!
다음에도 또 올게요👍🏻",,2025-04-07 03:12:27,37792495,장인닭갈비 강남점,naver,c120eb07-fe13-4515-875e-02a4abf0ce85
1323,67f33f947a22d59626fe6f56,2rhTR,lov****,너무 맛있어요! 카레먹으러 가려다 동료들이랑 만장일치로 닭갈비로 변경! :),,2025-04-07 02:54:07,37792495,장인닭갈비 강남점,naver,c120eb07-fe13-4515-875e-02a4abf0ce85
1324,67f33d446b2a0de8e5d78ece,hrK3,김혜영9963,샐러드도 맛있고 다 조리되어 나와서 바로 먹을 수 있어 좋아요 :),,2025-04-07 02:06:59,37792495,장인닭갈비 강남점,naver,c120eb07-fe13-4515-875e-02a4abf0ce85
1325,67f33d4285e06071abe0837e,1luyr,프리지아40,양도 많고 고기도 부드럽고 맛있어요,,2025-04-07 02:06:59,37792495,장인닭갈비 강남점,naver,c120eb07-fe13-4515-875e-02a4abf0ce85
1326,67f3a8fa4e5d2442a5bbf7fa,2OtYE,몬구쨩,친구들 올 때마다 항상 데리고 와요!!! 역시 강남역맛집!!!!!,,2025-04-06 14:34:46,37792495,장인닭갈비 강남점,naver,c120eb07-fe13-4515-875e-02a4abf0ce85
1327,67f3b94dccbfb2071b6fba7e,cS59n,김민진6431,담에 또 올게요!! 맛있어요!!!,,2025-04-06 14:18:12,37792495,장인닭갈비 강남점,naver,c120eb07-fe13-4515-875e-02a4abf0ce85
1328,67f3b93dec54007ebff8d26d,eDwbj,did****,너무 맛있고 알바생분들 너무 친절하세요! 냠냠띠예~🥵,,2025-04-06 14:18:12,37792495,장인닭갈비 강남점,naver,c120eb07-fe13-4515-875e-02a4abf0ce85
1329,67f27c047e7fd9060656b161,djr7q,nani7,강남 최고 맛집!!♡,,2025-04-06 12:54:04,37792495,장인닭갈비 강남점,naver,c120eb07-fe13-4515-875e-02a4abf0ce85
1330,67f27a245d89865845aa03cf,cnUZm,shi****,깔끔해서 자주 방문하는 체인점!,,2025-04-06 12:51:03,37792495,장인닭갈비 강남점,naver,c120eb07-fe13-4515-875e-02a4abf0ce85
1331,67f279580bc7a8599d6d7d71,4ZoWY,pin****,믿고먹는 장인닭갈비👍,,2025-04-06 12:51:03,37792495,장인닭갈비 강남점,naver,c120eb07-fe13-4515-875e-02a4abf0ce85
1332,67f274dbb6c6d9849c0e71e9,2cfNrx,ms7****,강남오면 항상 와요 ㅋㅋㅋㅋ 강남맛집,,2025-04-06 12:28:19,37792495,장인닭갈비 강남점,naver,c120eb07-fe13-4515-875e-02a4abf0ce85
1333,67f274ab0736d175515b7eef,eDYfF,heo****,맛있어용ㅠ여기만와요,,2025-04-06 12:28:19,37792495,장인닭갈비 강남점,naver,c120eb07-fe13-4515-875e-02a4abf0ce85
1334,67f26fc392ee2e4aecc033c9,39FKQ,정인서23,음식이 금방나오고 양도 많고 맛있습니다 !,,2025-04-06 11:58:35,37792495,장인닭갈비 강남점,naver,c120eb07-fe13-4515-875e-02a4abf0ce85
1335,67f26fc0ba4aefbd2cbc52f7,3rpyK,MNDCAT,오랜만에 먹으러 왔는데 친절하시고 맛있어요!,,2025-04-06 11:58:35,37792495,장인닭갈비 강남점,naver,c120eb07-fe13-4515-875e-02a4abf0ce85
1336,67f26ad29b958fd1d82290c8,3JrTb,andrew1255,비쥬얼 좋고 맛있어요 주말에 늦게까지 영업해서 좋아요,,2025-04-06 11:44:46,37792495,장인닭갈비 강남점,naver,c120eb07-fe13-4515-875e-02a4abf0ce85
1337,67f25f51f45802ac017fa7a9,3ba73,OU61,친구 따라 왔는데 제가 좋아하는 닭갈비 스타일이었어요 맛있어요!!,,2025-04-06 10:48:34,37792495,장인닭갈비 강남점,naver,c120eb07-fe13-4515-875e-02a4abf0ce85
1338,67f25ed909f83037157b3ae8,6QSWV,Pina,닭갈비 먹을때마다 여기옴,,2025-04-06 10:48:34,37792495,장인닭갈비 강남점,naver,c120eb07-fe13-4515-875e-02a4abf0ce85
1339,67f2594a51ff18e207f24f11,5otyS,재훈5,"처음 와봤는데, 너무 좋아요!! 가성비도 좋고, 기다린 보람 있습니다.",,2025-04-06 10:34:16,37792495,장인닭갈비 강남점,naver,c120eb07-fe13-4515-875e-02a4abf0ce85
1340,67f2583488fb06c89de432e4,9jeEm,귀여운와플68,너무 맛있어요. 먹다보니 사진찍는걸 잊고 뒤늦기 사진을 남겨요. 특히 볶음밥이 최고의 음식이에요! 이 음식 나이들도 먹을수 있어요!,,2025-04-06 10:26:51,37792495,장인닭갈비 강남점,naver,c120eb07-fe13-4515-875e-02a4abf0ce85
1341,67f256d02e1b5c4f2a4d0690,3rCGU,fly****,맛있어요 또올게용,,2025-04-06 10:22:24,37792495,장인닭갈비 강남점,naver,c120eb07-fe13-4515-875e-02a4abf0ce85
1342,67f258a8de5e0b6b88ecbb63,eqr93,cha****,맛잇어용,,2025-04-06 10:16:21,37792495,장인닭갈비 강남점,naver,c120eb07-fe13-4515-875e-02a4abf0ce85
1343,67f255bfa5eb7d19f5f3976d,2ausD,해피민민스43,맛있고 양도많고 또 올것같아요,,2025-04-06 10:16:21,37792495,장인닭갈비 강남점,naver,c120eb07-fe13-4515-875e-02a4abf0ce85
1344,67f247b2ce8b8a20265d4613,2d6Uon,ori****,너무맛있어용 츄천합니당,,2025-04-06 09:20:02,37792495,장인닭갈비 강남점,naver,c120eb07-fe13-4515-875e-02a4abf0ce85
1345,67f244441daa868f42c54737,5LOxw,2577,사람이 많은 이유를 알 것 같아요 맛있어요!,,2025-04-06 08:58:14,37792495,장인닭갈비 강남점,naver,c120eb07-fe13-4515-875e-02a4abf0ce85
1346,67f23c01b029da37b3d3778a,zR3G,민구2,닭갈비 먹고싶으면 오는곳 맛있어요,,2025-04-06 08:24:40,37792495,장인닭갈비 강남점,naver,c120eb07-fe13-4515-875e-02a4abf0ce85
1347,67f23944e497bb7d3c98bd5f,KvJg,먹빵왕,넘 맛있게 잘 먹었어요!😋😋 거의 4번째...? 오는 거 같은데 항상 맛있네용ㅎㅎㅎㅎ🫶,,2025-04-06 08:16:43,37792495,장인닭갈비 강남점,naver,c120eb07-fe13-4515-875e-02a4abf0ce85
1348,67f23d4852c1567f30140f80,cMKSs,mochanyoung,맛있었어요!!,,2025-04-06 08:01:25,37792495,장인닭갈비 강남점,naver,c120eb07-fe13-4515-875e-02a4abf0ce85
1349,67f23b0879276d316372779b,1Vnx7,yumkongju90,"맛있게 잘먹었습니다 
재방문 의사 있습니다.",,2025-04-06 08:01:25,37792495,장인닭갈비 강남점,naver,c120eb07-fe13-4515-875e-02a4abf0ce85
1350,67f233c46461b32baa42bfda,2Ft34,블루버드짱,양도 많고 맛있어요! 직원분도 너무 친절하세요,,2025-04-06 07:50:54,37792495,장인닭갈비 강남점,naver,c120eb07-fe13-4515-875e-02a4abf0ce85
1351,67f23378c21276f7a3212ed5,hAFI,sb****,,,2025-04-06 07:44:32,37792495,장인닭갈비 강남점,naver,c120eb07-fe13-4515-875e-02a4abf0ce85
1352,67f233466443ea7b1bfdf3cb,44W1R,HK432,맛있어요 치즈 최고 우동사리 최고,,2025-04-06 07:44:32,37792495,장인닭갈비 강남점,naver,c120eb07-fe13-4515-875e-02a4abf0ce85
1353,67f23316ab8e53c2b5f043c3,dmfbm,yeg****,친절하시고 맛있어요,,2025-04-06 07:44:32,37792495,장인닭갈비 강남점,naver,c120eb07-fe13-4515-875e-02a4abf0ce85
1354,67f2299401558414b9ae403b,5OHe7,이지읒,간만에닭갈비먹고싳어서왔는데 맛있고 양도 많아요‘,,2025-04-06 07:11:21,37792495,장인닭갈비 강남점,naver,c120eb07-fe13-4515-875e-02a4abf0ce85
1355,67f21f9f65baa5cafbd37803,36Ghf,시인37,치즈 닭갈비 엄청 맛있네요. 샐러드바가 샐프라 원하는 만큼 담아 먹을 수 있어서 좋아요.,,2025-04-06 06:19:53,37792495,장인닭갈비 강남점,naver,c120eb07-fe13-4515-875e-02a4abf0ce85
1356,67f2332f490dbb0700982263,2kqoa,달심이91,맛있어요,,2025-04-06 05:38:39,37792495,장인닭갈비 강남점,naver,c120eb07-fe13-4515-875e-02a4abf0ce85
1357,67f212ea0bf9cbd80a2a540d,b5HNO,07j****,음식이 맛있어요!,,2025-04-06 05:27:51,37792495,장인닭갈비 강남점,naver,c120eb07-fe13-4515-875e-02a4abf0ce85
1358,67f20d53012a06ca8b0ebfca,9xMTY,yur****,강남역 맛집으로 맛있어요,,2025-04-06 05:02:04,37792495,장인닭갈비 강남점,naver,c120eb07-fe13-4515-875e-02a4abf0ce85
1359,67f20d3e335617ece4a6be6d,bQ2Dk,김택수1145,강남역 맛집~~👍👍,,2025-04-06 05:02:04,37792495,장인닭갈비 강남점,naver,c120eb07-fe13-4515-875e-02a4abf0ce85
1360,67f20844da3489f17b41d340,68aLB,wnflwp,한국 놀러온 남자친구랑 처음 갔는데 너무 만족스러워 했어요!! 사람이 많은 이유가 있네요😭 다음에도 또 올 것 같아요,,2025-04-06 04:49:52,37792495,장인닭갈비 강남점,naver,c120eb07-fe13-4515-875e-02a4abf0ce85
1361,67f20938aaaecbbab02670f5,6pPaL,이도현5144,처음 왔는데 음식도 맛있고 분위기도 좋아요,,2025-04-06 04:46:12,37792495,장인닭갈비 강남점,naver,c120eb07-fe13-4515-875e-02a4abf0ce85
1362,67f2090279276d31634ae575,bPjFL,안녕안녕,처음 와봤는데 맛있어요!! 닭갈비 좋아하시는 분들 추천합니다!,,2025-04-06 04:46:12,37792495,장인닭갈비 강남점,naver,c120eb07-fe13-4515-875e-02a4abf0ce85
1363,67f20736a584ad6e28728892,cEDOX,neverbendyourhead53,벌써 3번이나 먹은 맛집이에요!! 맛잇습니다!,,2025-04-06 04:42:10,37792495,장인닭갈비 강남점,naver,c120eb07-fe13-4515-875e-02a4abf0ce85
1364,67f20695d29e5d626cae31ab,6UY8Q,김민지6072,닭갈비 맛있다고해서 방문했어요 손님 많은데 바로입장했고 음식도 맛있습니다,,2025-04-06 04:40:40,37792495,장인닭갈비 강남점,naver,c120eb07-fe13-4515-875e-02a4abf0ce85
1365,67f2061fb89e2fccd979832d,Xfdx,5db****,양도 많고 맛있습니다~ 가볍게 먹고가기 너무 좋네요 치즈사리 필수입니다!!😆 빨리나와서 굿,,2025-04-06 04:34:40,37792495,장인닭갈비 강남점,naver,c120eb07-fe13-4515-875e-02a4abf0ce85
1366,67f20607fc32d410bb14867b,6bzaZ,nah****,"오랜만에 강남에서 닭갈비 먹었는데 여전히 꿀맛이네요👍
한국인의 디저트 볶음밥까지 클리어!
치즈 사리 꼭 추가해서 드세요👏😋😋👏",,2025-04-06 04:34:40,37792495,장인닭갈비 강남점,naver,c120eb07-fe13-4515-875e-02a4abf0ce85
1367,67f2027f9ae047d186a29c7f,WInA,hohojini79,맛있어요. 양도 많고 좋아요.,,2025-04-06 04:21:12,37792495,장인닭갈비 강남점,naver,c120eb07-fe13-4515-875e-02a4abf0ce85
1368,67f1f3ca86bb97c3cf260c38,dcZBa,gar****,,,2025-04-06 02:54:29,37792495,장인닭갈비 강남점,naver,c120eb07-fe13-4515-875e-02a4abf0ce85
1369,67f3b93eb058a1a00d2b071a,32tSu,poo****,완전 냠냠띠,,2025-04-06 02:10:03,37792495,장인닭갈비 강남점,naver,c120eb07-fe13-4515-875e-02a4abf0ce85
1370,67f1ed01f0f5882d088dfcf6,2w1xN,호랑이9173,진짜 푸짐합니다. 치즈와 융합이 매우 잘되어 맛있네요!  중간맛으로 시켰는데 초등 딸들도 잘 먹네요. 또 방문하겠습니다.,,2025-04-05 14:32:09,37792495,장인닭갈비 강남점,naver,c120eb07-fe13-4515-875e-02a4abf0ce85
1371,67f1156c3135198d1907eba2,29udf,sin****,오랜만에 닭갈비 맛있네요 !!!,,2025-04-05 11:26:32,37792495,장인닭갈비 강남점,naver,c120eb07-fe13-4515-875e-02a4abf0ce85
1372,67f110b0678ee7901bac7533,ba5ZT,신간지12,웨이팅 조금있었지만 기다린 보람이있네요! 맛나게 잘먹었습니당〰️😂,,2025-04-05 11:09:03,37792495,장인닭갈비 강남점,naver,c120eb07-fe13-4515-875e-02a4abf0ce85
1373,67f1108c7da7fb658e4d6c15,k2Su,으니이이이이,맛있어요! 웨이팅 한 보람 있습니당,,2025-04-05 11:09:03,37792495,장인닭갈비 강남점,naver,c120eb07-fe13-4515-875e-02a4abf0ce85
1374,67f10b2cbb49d50fcf75eb19,3dMhe,dda****,강남역맛집~~~,,2025-04-05 10:44:48,37792495,장인닭갈비 강남점,naver,c120eb07-fe13-4515-875e-02a4abf0ce85
1375,67f1028a6ca39b9aa6f9d80a,42Fjj,유준선2543,,,2025-04-05 10:11:57,37792495,장인닭갈비 강남점,naver,c120eb07-fe13-4515-875e-02a4abf0ce85
1376,67f102cdcfcd8a3c347ad299,2avMN,박정인8918,,,2025-04-05 10:10:00,37792495,장인닭갈비 강남점,naver,c120eb07-fe13-4515-875e-02a4abf0ce85
1377,67f0f80818c07ffb0383e7ce,R4sV,오호791,맛있어요 사람이 많아요,,2025-04-05 09:25:25,37792495,장인닭갈비 강남점,naver,c120eb07-fe13-4515-875e-02a4abf0ce85
1378,67f0f7d4e26a2a0bc9dd1f5f,6J5lg,금포도,맛있게 잘먹고갑니다 양도많고 맛있어요,,2025-04-05 09:25:25,37792495,장인닭갈비 강남점,naver,c120eb07-fe13-4515-875e-02a4abf0ce85
1379,67f0f4ac2db1ad6459e39f01,aD6vu,jiy****,넘 맛이써용,,2025-04-05 09:12:13,37792495,장인닭갈비 강남점,naver,c120eb07-fe13-4515-875e-02a4abf0ce85
1380,67f0f47c39fdd95d5a3f98d6,52RIJ,Bree73,,,2025-04-05 09:12:13,37792495,장인닭갈비 강남점,naver,c120eb07-fe13-4515-875e-02a4abf0ce85
1381,67f0f07e0272f057f0027988,2AxAH,러브리베11,맛있어요~~^^,,2025-04-05 08:32:00,37792495,장인닭갈비 강남점,naver,c120eb07-fe13-4515-875e-02a4abf0ce85
1382,67f0e819ffb9569bef04e0ed,5E9xA,10000se,기다리면서 주문 할 수 있어서 좋았고 메뉴도 금방나와서 편했습니다!,,2025-04-05 08:17:05,37792495,장인닭갈비 강남점,naver,c120eb07-fe13-4515-875e-02a4abf0ce85
1383,67f0e7c37113a63cdf03165b,eQBBH,cat****,"되게 넓어서 예약 없이도 빠르게 들어갔구, 양도 많고 맛있었어요! 자주 오려고요 ㅎㅎ💕💕",,2025-04-05 08:17:05,37792495,장인닭갈비 강남점,naver,c120eb07-fe13-4515-875e-02a4abf0ce85
1384,67f0e771b4496369113291fa,3GMAk,se_****,"강남역 근처에서 맛집을 찾다가, 오래전에 맛있게 먹었던 기억이 있어서 다시 왔는데 여전히 맛있어요! 여자친구도 만족스러워했습니다 ㅎㅎ",,2025-04-05 08:14:46,37792495,장인닭갈비 강남점,naver,c120eb07-fe13-4515-875e-02a4abf0ce85
1385,67f0eb8b093aca1a08b68053,3Ff4O,bluesj1991,무난하게 먹을만 한거 같아요~ 재방문의사 있습니다,,2025-04-05 08:10:33,37792495,장인닭갈비 강남점,naver,c120eb07-fe13-4515-875e-02a4abf0ce85
1386,67f0e7523edbaa0e0e9f073d,1capf,아버지사랑합니다,음식이 맛나요,,2025-04-05 08:09:45,37792495,장인닭갈비 강남점,naver,c120eb07-fe13-4515-875e-02a4abf0ce85
1387,67f0e20922c3595e9cc54a32,dpFrX,룰루리랴라랴랼,닭갈비 넘 맛있어요 재방문의사 있습니다!!,,2025-04-05 07:50:20,37792495,장인닭갈비 강남점,naver,c120eb07-fe13-4515-875e-02a4abf0ce85
1388,67f0e221f0dc8619dfdfe643,3WZq7,유딩pick,"양도많고 적당한 매콤함 
사람많은데에 이유가 있는법",,2025-04-05 07:43:58,37792495,장인닭갈비 강남점,naver,c120eb07-fe13-4515-875e-02a4abf0ce85
1389,67f0e03a54255a5dc8540300,3h5mu,ghkdrkdms4u,"너무맛있는 닭갈비맛집이에용!!!!! 
치즈 추가 무조건!!! 라면사리도 필수~~
너무너무 맛있어용",,2025-04-05 07:36:56,37792495,장인닭갈비 강남점,naver,c120eb07-fe13-4515-875e-02a4abf0ce85
1390,67f0df722e5d0d86ff7f1bbb,3CIqm,ldj2421,장인 닭갈비 처음 와봤는데요 아주 사람도 많고 맛있었습니다! 강남에서 닭갈비 먹고 싶을때 오시면 좋을거 같아요~,,2025-04-05 07:36:56,37792495,장인닭갈비 강남점,naver,c120eb07-fe13-4515-875e-02a4abf0ce85
1391,67f0d9f12e5d0d86ff7a5127,c4u24,nny****,가성비 좋고 맛있습니다!!,,2025-04-05 07:15:32,37792495,장인닭갈비 강남점,naver,c120eb07-fe13-4515-875e-02a4abf0ce85
1392,67f0d9d972dc8b0e1a509d38,bLKyG,Miao63,친구랑 같이 와서 치즈 있고 닭갈비 맛있어용~~,,2025-04-05 07:15:32,37792495,장인닭갈비 강남점,naver,c120eb07-fe13-4515-875e-02a4abf0ce85
1393,67f0e045d11cb57b4392a718,3zbTK,방구다,맛있어요,,2025-04-05 07:01:00,37792495,장인닭갈비 강남점,naver,c120eb07-fe13-4515-875e-02a4abf0ce85
1394,67f0f30196840b051003b053,3ujUb,으으58,"정말 맛있네요!!!

웨이팅이 긴 이유가 있었네요 ㅎㅎ",,2025-04-05 06:49:21,37792495,장인닭갈비 강남점,naver,c120eb07-fe13-4515-875e-02a4abf0ce85
1395,67f0d1c11c6797770117449a,9xI7Y,라일49,"강남역맛집!!!
ㄹㅇ 맛있고 양 많아요. 친구들이랑 자주 옴.",,2025-04-05 05:29:13,37792495,장인닭갈비 강남점,naver,c120eb07-fe13-4515-875e-02a4abf0ce85
1396,67f0d1ba23aff9734098af14,ep4zm,라라290354,"항상 친구들끼리 와서 밥먹는데 맛있어요!!
강남역맛집!!",,2025-04-05 05:29:13,37792495,장인닭갈비 강남점,naver,c120eb07-fe13-4515-875e-02a4abf0ce85
1397,67f0c2f6e58c99197ed9a305,9ewow,kHansong,강남에 유명한 닭갈비 집이라고 해서 왔는데 내부도 넓고 양도 많아용~,,2025-04-05 05:29:13,37792495,장인닭갈비 강남점,naver,c120eb07-fe13-4515-875e-02a4abf0ce85
1398,67f0c11b5d452c940076fbda,4lJfM,테이크댓,외국인친구랑 왔어요 너무 맛있당 친절하규,,2025-04-05 05:04:14,37792495,장인닭갈비 강남점,naver,c120eb07-fe13-4515-875e-02a4abf0ce85
1399,67f0b82410d93d3a7718abbe,65m3m,12349105,"비가 오는 날에도 만석일만큼 맛집이에요👍
치즈는 필수! 쌈채소랑 샐러드도 셀프바에서 가져다 먹을 수 있어서 좋아요~",,2025-04-05 04:52:27,37792495,장인닭갈비 강남점,naver,c120eb07-fe13-4515-875e-02a4abf0ce85
1400,67f0b856b8069e6566aeebd9,5EKKh,TOKO53,"닭갈비 너무 맛나요!!😋
상추랑 깻잎도 싱싱하구 같이 먹으면 쫀맛탱!🥰
무쌈이랑 샐러드도 있고 너무 좋네요 ㅎㅎ
셀프바여서 편하게 가져다 먹기도 편해요🥰 짱맛!",,2025-04-05 04:48:26,37792495,장인닭갈비 강남점,naver,c120eb07-fe13-4515-875e-02a4abf0ce85
1401,67f0b7888f0688e0048ecd33,4srYW,SUUUM,맛있어요~!!,,2025-04-05 04:48:26,37792495,장인닭갈비 강남점,naver,c120eb07-fe13-4515-875e-02a4abf0ce85
1402,67f0b71013f21eca2b6182db,7FRVT,lollimemy,냄새부터 너무 좋아요! 매장이 낣어서 웨이팅 금방 끝나고 음식 퀄리티랑 양도 푸짐해서 좋아여!! 잘 먹겠습니당,,2025-04-05 04:48:26,37792495,장인닭갈비 강남점,naver,c120eb07-fe13-4515-875e-02a4abf0ce85
1403,67f0b6fb8012faf5b2207a85,vxIS,소소6063,웨이팅이 있었지만 별로 안 기다리고 들어갔어요 닭갈비도 맛있고 직원들도 친절해요~,,2025-04-05 04:48:26,37792495,장인닭갈비 강남점,naver,c120eb07-fe13-4515-875e-02a4abf0ce85
1404,67f0b89a095c47bce0443eca,4r4Cr,야옹박사,"친구들이랑 밥먹으러 왓어요
치즈가 엄청 많네요 다음에는 우동사리 먹어보고 싶어요
고기도 많고 쌈도 무한리필 형태라서 좋았어요",,2025-04-05 04:48:04,37792495,장인닭갈비 강남점,naver,c120eb07-fe13-4515-875e-02a4abf0ce85
1405,67f0b816b85fc0250d0d4819,3otpG,행복한 트위티,"친구가 추천해서 왔어요
사리추가 따로 안한건데 치즈가 엄청 많네요!!
매울까봐 순한맛햇는데도 맛잇어요! 중간맛해도 좋앗을듯? 순하게 맛잇어요 떡도 많고 고기도 실해요!",,2025-04-05 04:48:04,37792495,장인닭갈비 강남점,naver,c120eb07-fe13-4515-875e-02a4abf0ce85
1406,67f0b09accb0cd1acd44ca96,7SnmJ,작은눈59,비오는날인데도 사람 많아서 놀랐고 맛있어요! 양은 조금 아쉽습니다ㅎㅎ,,2025-04-05 04:22:04,37792495,장인닭갈비 강남점,naver,c120eb07-fe13-4515-875e-02a4abf0ce85
1407,67f0aa1393078fe6feb5410d,coeLb,홀리스마일,굿굿,,2025-04-05 03:51:04,37792495,장인닭갈비 강남점,naver,c120eb07-fe13-4515-875e-02a4abf0ce85
1408,67f0a95ac9d5d9cf832eaab0,2BD6r,김다영90,주말이라 웨이팅이 조금 있긴 했지만 음식이 빨리.나오고 직원분들이 친절하셨어요!!! 맛도 있고 가격대비 양도 많습미다!!!,,2025-04-05 03:51:04,37792495,장인닭갈비 강남점,naver,c120eb07-fe13-4515-875e-02a4abf0ce85
1409,67f09ea595682d4cd622dabc,2gt5j,소일36,,,2025-04-05 03:04:37,37792495,장인닭갈비 강남점,naver,c120eb07-fe13-4515-875e-02a4abf0ce85
1410,67f09e1c6d15ec37393869ca,1whn2,유하5246,"비오는날 먹고 싶어서 왔어요!
중간맛이 신라면보다 살짝 매워서 딱입니다~
잘먹었습니다",,2025-04-05 02:44:14,37792495,장인닭갈비 강남점,naver,c120eb07-fe13-4515-875e-02a4abf0ce85
1411,67f09ddb49bc56bea5ae219b,b8AuU,hyehye8533,가성비 맛집!! 2월에 오고 또 옵니다ㅎㅎ,,2025-04-05 02:44:14,37792495,장인닭갈비 강남점,naver,c120eb07-fe13-4515-875e-02a4abf0ce85
1412,67f093db3ada7d3319304d81,5lB6J,미미80,"주말에 남자친구랑 데이트 왔어요💕
평일은 할인도 해주시나봐요
닭갈비 오랜만인데 너무 맛있어요!‘ㅜ
중간맛 시키면 후회 안할거예요
존맛❤️❤️",,2025-04-04 14:39:03,37792495,장인닭갈비 강남점,naver,c120eb07-fe13-4515-875e-02a4abf0ce85
1413,67efe4290ec525977c7ed7d2,ehm6u,mon****,"음식이 맛있고, 사장님이 친절하시며, 양이 많아요!",,2025-04-04 13:51:00,37792495,장인닭갈비 강남점,naver,c120eb07-fe13-4515-875e-02a4abf0ce85
1414,67efe41851b6e8a12d0bedd5,cP5at,tae****,"음식퀄이 좋아요
진짜 맛있어용",,2025-04-04 13:41:58,37792495,장인닭갈비 강남점,naver,c120eb07-fe13-4515-875e-02a4abf0ce85
1415,67efe2b09d4579f5103bc0eb,3cbyh,뚜비두밥31,음식 양이 푸짐하고 직원분들이 모두 친절하세요!👍🏻👍🏻,,2025-04-04 13:39:42,37792495,장인닭갈비 강남점,naver,c120eb07-fe13-4515-875e-02a4abf0ce85
1416,67efcabe3e18a03905d5c804,daGz7,sen****,강남 올때마다 먹는 최애 강남역 맛집!! 라면사리 넣어도 맛있고 당면 넣어도 맛있고 엄청 맛있어여 ♡♡,,2025-04-04 11:56:56,37792495,장인닭갈비 강남점,naver,c120eb07-fe13-4515-875e-02a4abf0ce85
1417,67efc95de26a2a0bc91f8379,622wG,2manza,강남역 맛집이라고 해서 왔는데 너무 맛있었어요 😚 회전율도 빨라서 금방 들어가고 음식도 금방 나와서 바로 먹을 수 있었어요 !  맛있는 한끼 잘 먹었습니다 !!,,2025-04-04 11:54:39,37792495,장인닭갈비 강남점,naver,c120eb07-fe13-4515-875e-02a4abf0ce85
1418,67efca469ae047d1863ac8d4,eeh44,see****,"오랜만에 강남에 왔는데
너무너무너무 맛있는 맛집을 발견했어요 ㅠㅠㅠㅠ
앞으로도 자주 이용할게요🥹",,2025-04-04 11:30:57,37792495,장인닭갈비 강남점,naver,c120eb07-fe13-4515-875e-02a4abf0ce85
1419,67efc9c40d9ffe1bec6b365b,FCP6,웅냐웅냥냥,"우연히 강남쪽 볼일이 있어서 방문했는데
제 인생 맛집이 된것 같아요,,,,🥹
앞으로 강남오면 자주 올것 같습니다 ㅎㅎ
잘 먹고 갑니다 !",,2025-04-04 11:30:57,37792495,장인닭갈비 강남점,naver,c120eb07-fe13-4515-875e-02a4abf0ce85
1420,67efc2876ad1a8edc040b4d5,4MbXX,kkn****,양도 많고 맛있게 먹었어요! 닭갈비 좋아하시는 분들 강추입니다.,,2025-04-04 11:21:42,37792495,장인닭갈비 강남점,naver,c120eb07-fe13-4515-875e-02a4abf0ce85
1421,67efc27cc39b97a28b0118c0,6dvxe,iinyu27,"양이 엄청 많아요😳
실패 없는 맛 ㅎㅎ",,2025-04-04 11:21:42,37792495,장인닭갈비 강남점,naver,c120eb07-fe13-4515-875e-02a4abf0ce85
1422,67efb766d092a8ff4f022bda,d2sci,아임영밍,음식이 맛있어요!,,2025-04-04 10:31:29,37792495,장인닭갈비 강남점,naver,c120eb07-fe13-4515-875e-02a4abf0ce85
1423,67efaa7c4b7ef9823403b145,4Dvwu,김연주807,"너무 맛있어요 ㅠㅠ!!
토핑추가도 꼭 하세요",,2025-04-04 09:40:09,37792495,장인닭갈비 강남점,naver,c120eb07-fe13-4515-875e-02a4abf0ce85
1424,67efa9f9d031967a5ac722e3,3SwsT,kkkkim2000,너무맛있어요 즁간맛은 신라면보다 매운느낌!!맛있게매우ㅏ요,,2025-04-04 09:40:09,37792495,장인닭갈비 강남점,naver,c120eb07-fe13-4515-875e-02a4abf0ce85
1425,67efa71d15a46c6ac5c99087,5TEAm,엔젤흠냐링,미쳤나용????????? 너무 마싯다 이거야 !!!! 🫶🏻🩵🩵🩵🩵,,2025-04-04 09:07:24,37792495,장인닭갈비 강남점,naver,c120eb07-fe13-4515-875e-02a4abf0ce85
1426,67efa6f32c8853a1f352e17f,7J7sh,리뷰남기ㄱ1,"웨이팅은 있지만 회전율이 빨라서 많이 기다리지않고 먹었어요 중간맛은 신라면보다 조금 더 매워요 직원분들도 모두 친절하세요
닭갈비에 잡내도 없고 너무너무 맛있어요😆😆👍😆👍👍",,2025-04-04 09:07:24,37792495,장인닭갈비 강남점,naver,c120eb07-fe13-4515-875e-02a4abf0ce85
1427,67ef9e903ba88fcb721116eb,2cQsXo,서현803,음식 빨리 나와서 맛있게 먹을 수 있었어요!,,2025-04-04 08:50:15,37792495,장인닭갈비 강남점,naver,c120eb07-fe13-4515-875e-02a4abf0ce85
1428,67ef9e7ed55515b7837b8811,5IE7N,ibo****,맛있고 너무 친절하세요 ㅠㅠ,,2025-04-04 08:38:43,37792495,장인닭갈비 강남점,naver,c120eb07-fe13-4515-875e-02a4abf0ce85
1429,67ef9879ca1be17c18fedbef,UNjg,야로미97,"5번째 방문해요!!!
맛있어요",,2025-04-04 08:26:11,37792495,장인닭갈비 강남점,naver,c120eb07-fe13-4515-875e-02a4abf0ce85
1430,67ef745fdbe3889e0e8eee6a,7LgvQ,juh****,"강남역 맛집 장인닭갈비 드디어 왔어요.
중간맛으로 주문했는데 너무 앙도 많고 넘 맛있네요.
강남 올때 마다 먹어야 겠어요.
고물가시대에 넘좋네요.",,2025-04-04 05:45:39,37792495,장인닭갈비 강남점,naver,c120eb07-fe13-4515-875e-02a4abf0ce85
1431,67ef74250e862ab185cc8c5e,1yY7G,IYOUOUR,양이 정말 푸짐해요. 자주 이용할게요!,,2025-04-04 05:45:39,37792495,장인닭갈비 강남점,naver,c120eb07-fe13-4515-875e-02a4abf0ce85
1432,67ef5cd2770a4c5566e7d7c0,cInX9,noz****,"우와 이럴수가...
진짜 이렇게 맛있을 수가 있나요?
양도 그렇고 맛도 그렇고 강남이에서 최고인 닭갈비집 발견
너무 맛있어용^^
반찬도 넘 많고 편하게 이용 가능해용
강남중심에 있어서 회사 동료랑 같이 와봤는데 자주 이용할 것 같아용 최고, 강추예영",,2025-04-04 04:07:04,37792495,장인닭갈비 강남점,naver,c120eb07-fe13-4515-875e-02a4abf0ce85
1433,67ef5914908c41ef08512090,46ho8,나5559,점심에 방문했어요!! 맛있게 먹을게요!!~~~😻😻😻,,2025-04-04 03:16:49,37792495,장인닭갈비 강남점,naver,c120eb07-fe13-4515-875e-02a4abf0ce85
1434,67ef4dda553484cf0e39ab2b,2c76y,근뚱이35,너무맛잇고 대기 빨리빠지고 메뉴도 금방나와요 점심시간에 오면 세트있어서 가성비굳!!,,2025-04-04 03:05:05,37792495,장인닭갈비 강남점,naver,c120eb07-fe13-4515-875e-02a4abf0ce85
1435,67ef4b19916e746ff2a1612f,2W7rF,ㄷㅇ35,맛있게 먹었습니다!,,2025-04-04 02:38:58,37792495,장인닭갈비 강남점,naver,c120eb07-fe13-4515-875e-02a4abf0ce85
1436,67f0947f104d1c114ab14544,3S9rH,혜미148,닭갈비가 주문하면 다 볶아서 나오고 빨리나와요. 모듬사리 추가 있어서 그거 이용했고 맛도 좋아요~,,2025-04-03 14:27:55,37792495,장인닭갈비 강남점,naver,c120eb07-fe13-4515-875e-02a4abf0ce85
1437,67ee8b28237a97c8fcda0803,efJKu,synrina,"好吃，特别好吃
너무 맛있어서 저장함",,2025-04-03 12:55:51,37792495,장인닭갈비 강남점,naver,c120eb07-fe13-4515-875e-02a4abf0ce85
1438,67ee8ad5fcde86de3cefa1fb,44LA8,임형진53,너무 맛있어요!! 다음에 또 올 생각 100만퍼센트,,2025-04-03 12:55:51,37792495,장인닭갈비 강남점,naver,c120eb07-fe13-4515-875e-02a4abf0ce85
1439,67ee8e227e074c04ff9028fd,6qHoi,썽바오,"너무 맛있어서 눈물이 나올 것 같았어요… 
감동의 눈물. 그정도의 가치.",,2025-04-03 12:37:45,37792495,장인닭갈비 강남점,naver,c120eb07-fe13-4515-875e-02a4abf0ce85
1440,67ee8229664ab15b3825e288,2E4Bg,16189192,걷다가 사람 많아서 들어왔는데 맛집이네,,2025-04-03 12:37:45,37792495,장인닭갈비 강남점,naver,c120eb07-fe13-4515-875e-02a4abf0ce85
1441,67ee5a2975ee160eed9f0b3a,gA0j,허저남편,"아내랑 간만에 나왔는데 너무 흐뭇합니다.
다음에도 또 오고 싶습니다.",,2025-04-03 09:46:40,37792495,장인닭갈비 강남점,naver,c120eb07-fe13-4515-875e-02a4abf0ce85
1442,67ee59cef2a107261eadcdca,2SCOe,이린60,사람들이 많길래 들어와봤어요!,,2025-04-03 09:46:40,37792495,장인닭갈비 강남점,naver,c120eb07-fe13-4515-875e-02a4abf0ce85
1443,67ee59e0dcc21a4712e003e4,4oV0V,언오피셜걸,너무너무 맛있어용 저희의 또간집입니당~,,2025-04-03 09:44:02,37792495,장인닭갈비 강남점,naver,c120eb07-fe13-4515-875e-02a4abf0ce85
1444,67ee55285bacd07751ba3d95,dnOpo,ssu****,5시30분짬 왔더니 대기 없이 바로 입장했습니다! 6시 넘으면 대기 생기더라구요ㅠㅠㅠㅠ 그정도로 맛있어요!!! 닭갈비 먹고 꼭 볶음밥 치즈추가해서 드세용,,2025-04-03 09:26:42,37792495,장인닭갈비 강남점,naver,c120eb07-fe13-4515-875e-02a4abf0ce85
1445,67ee54f6e7301884e913c4c2,7WJ7S,딩딩3926,"너무 맛있어요!
6시 전에 오니까 웨이팅 없이 바로 들어가서 먹었습니다~",,2025-04-03 09:26:42,37792495,장인닭갈비 강남점,naver,c120eb07-fe13-4515-875e-02a4abf0ce85
1446,67ee5f90189f4b15c1898eea,8sqkb,Jeachae,닭갈비가 맛있고 직원분들이 친절하셨습니다!!💗,,2025-04-03 09:12:56,37792495,장인닭갈비 강남점,naver,c120eb07-fe13-4515-875e-02a4abf0ce85
1447,67ee532ca75d73ed9ff2a037,3Gbmi,eddiecha2,맛있어요~!!!,,2025-04-03 09:08:42,37792495,장인닭갈비 강남점,naver,c120eb07-fe13-4515-875e-02a4abf0ce85
1448,67f48b2ad8fe00b40c853116,4arA4,ssu1113,"런치세트 가성비 좋고 맛있어요!
샐러드도 흑임자 드레싱이라 좋아요ㅎㅎ",,2025-04-03 08:51:54,37792495,장인닭갈비 강남점,naver,c120eb07-fe13-4515-875e-02a4abf0ce85
1449,67f4a9452a38eb578c5c5f0a,67Zxn,Jeonjinwoo,맛있어요👍,,2025-04-03 08:50:26,37792495,장인닭갈비 강남점,naver,c120eb07-fe13-4515-875e-02a4abf0ce85
1450,67ee493098bafc81f9036e11,5nDzQ,스타플래티나94,마시서용,,2025-04-03 08:28:08,37792495,장인닭갈비 강남점,naver,c120eb07-fe13-4515-875e-02a4abf0ce85
1451,67ee4522b473e2bf29b1b93d,bhFts,haj****,,,2025-04-03 08:13:36,37792495,장인닭갈비 강남점,naver,c120eb07-fe13-4515-875e-02a4abf0ce85
1452,67f48ea13417c82b65867b49,51ubb,토로거,매장도 넓고 음식도 빨리 나왔는데 맛도 있어서 맛있게 먹었어요~ 강남 닭갈비는 장인 닭갈비 추천입니다!!,,2025-04-03 07:35:51,37792495,장인닭갈비 강남점,naver,c120eb07-fe13-4515-875e-02a4abf0ce85
1453,67ee379685b693819156d865,7lnak,mas****,맛있어요 잘먹었습니다~!!,,2025-04-03 06:40:13,37792495,장인닭갈비 강남점,naver,c120eb07-fe13-4515-875e-02a4abf0ce85
1454,67f48c57c1d5047125e2a559,wBOs,hah****,"장인닭갈비 처음왔는데 넘 맛있네요
중간맛인데 맛있게 매콤하고 치즈도들어있어 더 맛나요",,2025-04-03 05:16:42,37792495,장인닭갈비 강남점,naver,c120eb07-fe13-4515-875e-02a4abf0ce85
1455,67f491d096f3b20db64edcc4,2oyxt,데이몬ㅋ,아내와 맛집이라와서 맛있게 먹고갑니다,,2025-04-03 04:38:00,37792495,장인닭갈비 강남점,naver,c120eb07-fe13-4515-875e-02a4abf0ce85
1456,67ee194319bd46caba0fdb5a,6kO5n,민지2015,맛있어요!,,2025-04-03 04:36:23,37792495,장인닭갈비 강남점,naver,c120eb07-fe13-4515-875e-02a4abf0ce85
1457,67ee10665148e81ee3434d09,6QIGb,ekd****,음식도 빨리 나오고 너무 맛잇어요~~🥰,,2025-04-03 04:26:13,37792495,장인닭갈비 강남점,naver,c120eb07-fe13-4515-875e-02a4abf0ce85
1458,67efb711cc411ef017be489d,EchC,epllove,너뮤 맛있어서  또 왔어요~~~역시나 입니다!!,,2025-04-03 03:34:19,37792495,장인닭갈비 강남점,naver,c120eb07-fe13-4515-875e-02a4abf0ce85
1459,67efb69530b96bde8f5be562,3r57O,rla****,아쥬아쥬 맛나고조아요 굿이에요,,2025-04-03 03:34:19,37792495,장인닭갈비 강남점,naver,c120eb07-fe13-4515-875e-02a4abf0ce85
1460,67efc1c88c7e35b5e1a9fd62,5hhfc,햄이3568,맛있어요!!,,2025-04-03 03:34:09,37792495,장인닭갈비 강남점,naver,c120eb07-fe13-4515-875e-02a4abf0ce85
1461,67f0abdc47cac61bbd8f9bd0,5X5cq,Yesorno339,닭갈비가 다 조리되어서 나오니까 편해요 ㅎㅎ 항상 맛있어서 강남 오면 자주 옵니다,,2025-04-03 03:33:37,37792495,장인닭갈비 강남점,naver,c120eb07-fe13-4515-875e-02a4abf0ce85
1462,67f0d312a90ee246afb588dd,35C2M,Happyendingisminevv,양도많규 맛있어요!!!!강추,,2025-04-03 03:33:28,37792495,장인닭갈비 강남점,naver,c120eb07-fe13-4515-875e-02a4abf0ce85
1463,67efd38069c3e12b15418bbe,2bvasR,qpa****,,,2025-04-03 03:27:01,37792495,장인닭갈비 강남점,naver,c120eb07-fe13-4515-875e-02a4abf0ce85
1464,67f0f204865f50d77359e06c,1V56i,전리라37,"강남 올 때마다 먹는 맛집이에용 
닭갈비집 중에 닥1등❤️❤️ 다들 꼭 한 번씩 먹어보세요🤤",,2025-04-03 03:26:56,37792495,장인닭갈비 강남점,naver,c120eb07-fe13-4515-875e-02a4abf0ce85
1465,67ee01ba07b7e0c8b79cd958,4HAkW,탕사몬레,맛있어요 ㅎㅎ 맛집 인증이예요 안기다리고 바로 들어왔어요 ! 추천합니다 !,,2025-04-03 03:21:38,37792495,장인닭갈비 강남점,naver,c120eb07-fe13-4515-875e-02a4abf0ce85
1466,67ee00e483e9eb0b3e529cd0,5M5Rt,hoy****,맛있게 잘먹었습니다 !,,2025-04-03 03:09:03,37792495,장인닭갈비 강남점,naver,c120eb07-fe13-4515-875e-02a4abf0ce85
1467,67f4a938f863c83c7087048b,6gh2U,Adam6656,맛있게 먹구 왔습니다 ^^,,2025-04-03 03:08:00,37792495,장인닭갈비 강남점,naver,c120eb07-fe13-4515-875e-02a4abf0ce85
1468,67edf6e3e5a6e44649acde7a,5JeMF,yuk****,맛있어요 또 올게요,,2025-04-02 14:24:55,37792495,장인닭갈비 강남점,naver,c120eb07-fe13-4515-875e-02a4abf0ce85
1469,67edf40b096b812f645869af,16Jrb,샤인온,"양도 많고 맛있어요
또 방문하고 싶습니다",,2025-04-02 14:24:55,37792495,장인닭갈비 강남점,naver,c120eb07-fe13-4515-875e-02a4abf0ce85
1470,67ed34259b4c98c7131840f7,cO6MB,시루뚠이,#강남역 맛집,,2025-04-02 12:43:02,37792495,장인닭갈비 강남점,naver,c120eb07-fe13-4515-875e-02a4abf0ce85
1471,67ed2b475f44ccc7d51658dd,1MCUJ,라이나오,여러번 왔어요! 맛있게 잘 먹었습니다! 볶음밥까지 꼭 드세요! 맛있어요 ㅎㅎ,,2025-04-02 12:15:55,37792495,장인닭갈비 강남점,naver,c120eb07-fe13-4515-875e-02a4abf0ce85
1472,67ed2c89d7fb9e45fafaad98,32aNm,동그래기,강남역 맛집!!! 맛나고 깔끔해요!!! 늦게까지 영업해서 퇴근하고 오기도 좋네요:),,2025-04-02 11:46:03,37792495,장인닭갈비 강남점,naver,c120eb07-fe13-4515-875e-02a4abf0ce85
1473,67ed11928cc1da1a26ef3c25,2uAUx,주야미9,"항상 사람이 많아서 궁금했는데 평일 저녁에도 웨이팅이 있어서 놀랐어요!
20분 정도 기다리다가 입장했는데 외국인도 많더라구요
모듬사리 라면 포함된걸로 주문했는데 딱이에요🙂",,2025-04-02 10:19:03,37792495,장인닭갈비 강남점,naver,c120eb07-fe13-4515-875e-02a4abf0ce85
1474,67ed0c5a2d979012ae107e7b,3pZeA,iamw0o,맛잇어요!!!!ㅎㅎ,,2025-04-02 10:05:19,37792495,장인닭갈비 강남점,naver,c120eb07-fe13-4515-875e-02a4abf0ce85
1475,67ed09ef7c51216b806fe5b8,Qtmr,bb0s,저녁시간에 방문했어요. 웨이팅이 있었지만 기다리면서 미리 메뉴 주문하고 착석할 즈음이면 주방서 조리완성되서 나와서 기다리는 시간대비 빨리 식사 가능한점이 무엇보다 장점이네요,,2025-04-02 09:49:11,37792495,장인닭갈비 강남점,naver,c120eb07-fe13-4515-875e-02a4abf0ce85
1476,67ed064fba5558cc59bcb8bb,43uc3,수박2149,개맛도리 ㅠㅠㅠ 츄 베 릅,,2025-04-02 09:29:39,37792495,장인닭갈비 강남점,naver,c120eb07-fe13-4515-875e-02a4abf0ce85
1477,67ed05ae50363714545df36f,1EzJS,찡찡2456,강남 최고 존엄 닭갈비 맛집👍,,2025-04-02 09:22:04,37792495,장인닭갈비 강남점,naver,c120eb07-fe13-4515-875e-02a4abf0ce85
1478,67ed17b605ef4fe4e08e2463,e4PUw,jye****,"운좋게 대기 없이 들어와서 맛있게 잘 먹고 갑니당 강남에서 닭갈비 드시고 싶으면 장인 닭갈비에서 드세요 !!
#강남역 맛집",,2025-04-02 09:20:56,37792495,장인닭갈비 강남점,naver,c120eb07-fe13-4515-875e-02a4abf0ce85
1479,67ecfec5d3faf78efb83513b,1Mj2P,또치44,"너무 맛있고 친절하세요
반찬도 깨끗하고 다시 방문하고 싶습니다.",,2025-04-02 08:59:45,37792495,장인닭갈비 강남점,naver,c120eb07-fe13-4515-875e-02a4abf0ce85
1480,67ed0907a75d73ed9f20bf8e,2Zfz7,skyin해블리,"우와 너무 맛있어요 ㅠㅠ강남맛집 인정 
닭갈비에 치즈에 우동사리까지 추가하면 
든든하게 너무 잘먹을 수 있어여 >_< 
ㅎㅎ 외국인들에게도 맛집인지 
늘 만석이지만 늘 오는곳",,2025-04-02 08:50:42,37792495,장인닭갈비 강남점,naver,c120eb07-fe13-4515-875e-02a4abf0ce85
1481,67ecf1c739b317109408ae83,85KhG,프로필41,"닭갈비 매장 자리도 많고,
쌈무도 있어요.
닭갈비 양념이 잘베있어서 맛있어요
강남역맛집",,2025-04-02 08:07:15,37792495,장인닭갈비 강남점,naver,c120eb07-fe13-4515-875e-02a4abf0ce85
1482,67ecc94f313240ef3ab0dd13,4gInj,박병일26,맛있어요,,2025-04-02 05:16:07,37792495,장인닭갈비 강남점,naver,c120eb07-fe13-4515-875e-02a4abf0ce85
1483,67ef2df0f49fa6ad5db5d82e,49NR5,여섯천사,"치즈가 포함된 점심세트가 있어서 좋아요
주방에서 다 조리되어 나와서 좋네요👍",,2025-04-02 04:57:16,37792495,장인닭갈비 강남점,naver,c120eb07-fe13-4515-875e-02a4abf0ce85
1484,67ecdfcba5eb7d19f5908207,6Brlw,byu****,"리뷰보고 찾아왔는데 역시 맛있네요👍
간이 딱 좋은거같아요
다음에 또 오겠습니당",,2025-04-02 04:53:29,37792495,장인닭갈비 강남점,naver,c120eb07-fe13-4515-875e-02a4abf0ce85
1485,67ecc5e96bce008ffcc887fc,aaV9W,dory222222,맛있어요!,,2025-04-02 04:15:24,37792495,장인닭갈비 강남점,naver,c120eb07-fe13-4515-875e-02a4abf0ce85
1486,67ecbc57f89bb6fdd9cc1ca8,dR1Jt,you****,맛있고 가성비가 좋아욥!,,2025-04-02 03:18:13,37792495,장인닭갈비 강남점,naver,c120eb07-fe13-4515-875e-02a4abf0ce85
1487,67ecc759395d238302968b8d,4jGqg,PSA88,맛있어요 최고최고👍,,2025-04-02 03:16:42,37792495,장인닭갈비 강남점,naver,c120eb07-fe13-4515-875e-02a4abf0ce85
1488,67eca8f79efeb0a379375f22,bcu7N,k0****,양도 많고 넘 맛있어요!̤̻ 다음에 또 오려구요,,2025-04-02 02:54:01,37792495,장인닭갈비 강남점,naver,c120eb07-fe13-4515-875e-02a4abf0ce85
1489,67eca9102d17d49a103e2666,2Hntp,lotusk,점심시간에 장인닭갈비 너무 먹고싶어서 15분 걸어왔어요! 넘 맛있어요!,,2025-04-02 02:54:00,37792495,장인닭갈비 강남점,naver,c120eb07-fe13-4515-875e-02a4abf0ce85
1490,67ecea876c0be9b47371562d,4jFvE,인직아빵사와,맛있게 먹었습니당,,2025-04-02 02:48:10,37792495,장인닭갈비 강남점,naver,c120eb07-fe13-4515-875e-02a4abf0ce85
1491,67eca033313240ef3a911127,BIJS,꼬부기힁,양도많고 치즈폭포 너무 좋아요 너무맛잇어용 ㅎㅎ,,2025-04-01 14:43:42,37792495,장인닭갈비 강남점,naver,c120eb07-fe13-4515-875e-02a4abf0ce85
1492,67ec9fe2db54fe3d8cd0429c,3HAG5,gol****,치즈도 너무 너무 맛있고 닭갈비 너무 맛있어요 인테리어도 깔끔해여💚💚,,2025-04-01 14:43:42,37792495,장인닭갈비 강남점,naver,c120eb07-fe13-4515-875e-02a4abf0ce85
1493,67ec9f5841eb230b1f79101e,1B4KJ,xxdoglovexx,넘맛나고 친절해요 :) 😀 번창하세요 ㅎㅎ,,2025-04-01 14:43:42,37792495,장인닭갈비 강남점,naver,c120eb07-fe13-4515-875e-02a4abf0ce85
1494,67ec9e63edec8e7551724007,989TL,써니6334,강남역이랑 가까워서 좋아요!,,2025-04-01 14:43:42,37792495,장인닭갈비 강남점,naver,c120eb07-fe13-4515-875e-02a4abf0ce85
1495,67ec9df9d0e2f7a0cea44544,cbeh0,y9n,친절하시고 맛있어요!!!☺️☺️☺️,,2025-04-01 14:43:42,37792495,장인닭갈비 강남점,naver,c120eb07-fe13-4515-875e-02a4abf0ce85
1496,67ec9e25e6afe73a3efd6b47,6IeXo,kmark0207,양 많고 맛나요~~^^,,2025-04-01 13:42:34,37792495,장인닭갈비 강남점,naver,c120eb07-fe13-4515-875e-02a4abf0ce85
1497,67ebe76d2b71aa8ee139f02d,2Rohd,wji5915,강남역이랑 가까워서 좋아요! 볶음밥은 꼭 드셔야 합니다ㅎㅎ 재방문 의사 완전 있어요~!,,2025-04-01 12:52:51,37792495,장인닭갈비 강남점,naver,c120eb07-fe13-4515-875e-02a4abf0ce85
1498,67ebd1a3e80127aff185faf5,6cUV0,pjs****,유명한만큼 맛있어요,,2025-04-01 11:26:34,37792495,장인닭갈비 강남점,naver,c120eb07-fe13-4515-875e-02a4abf0ce85
1499,67ebd1762452d0046d41e6bc,5HSYe,iiiliiili,너무 맛있고 직원들이 친절해요 꼭 와보고싶었는데 항상 줄이 길어서 못 오다가 드디어 방문해요,,2025-04-01 11:26:34,37792495,장인닭갈비 강남점,naver,c120eb07-fe13-4515-875e-02a4abf0ce85
1500,67ebd087b8eabbbc566b319c,4g68b,김밥889,너무 맛있어용~,,2025-04-01 11:26:34,37792495,장인닭갈비 강남점,naver,c120eb07-fe13-4515-875e-02a4abf0ce85
1501,67ebcfd634039a2647ef3fdf,6z5aM,dud****,"일단 맛있고 또 맛있고 또 맛있어용 
강남역에 이런 닭갈비 집이 있다니 
ㅠㅠㅠㅠㅠ 감격",,2025-04-01 11:26:34,37792495,장인닭갈비 강남점,naver,c120eb07-fe13-4515-875e-02a4abf0ce85
1502,67ebcf65340ea2d76da838ed,49Hhb,cjd****,"오래만에.닭갈비 먹었는데 너무.맛있게 잘 먹어요~ 
다음에 또 방문 할게요~",,2025-04-01 11:21:44,37792495,장인닭갈비 강남점,naver,c120eb07-fe13-4515-875e-02a4abf0ce85
1503,67ebbdd1f5613089a517061f,4olzH,euyufur,강남역 맛집이라고 해서 찾아왔는데 맛있고 치즈도 많아요 ☺️,,2025-04-01 10:15:45,37792495,장인닭갈비 강남점,naver,c120eb07-fe13-4515-875e-02a4abf0ce85
1504,67ebbd1d009d3e53070c1b17,42Pqr,erica42,너무 맛있어서 사진 찍는 것도 까먹었어요 ㅎㅎ 또 올게요~,,2025-04-01 10:12:06,37792495,장인닭갈비 강남점,naver,c120eb07-fe13-4515-875e-02a4abf0ce85
1505,67ebb82c09f8303715499bb6,2w0mW,sdi7447,,,2025-04-01 09:50:13,37792495,장인닭갈비 강남점,naver,c120eb07-fe13-4515-875e-02a4abf0ce85
1506,67ebb73a65f35860bd21e8cf,4Ut9r,Ae48,맛있어요. 대기 있어도 금방 빠지고 좋아요7.,,2025-04-01 09:47:58,37792495,장인닭갈비 강남점,naver,c120eb07-fe13-4515-875e-02a4abf0ce85
1507,67ebb2784078a299576c10f5,3WbVz,홍일우18,요리도 빠르게 나오고 언제 와도 항상 맛있는 것 같아요! 가족과 함께 방문 추천해요~,,2025-04-01 09:25:04,37792495,장인닭갈비 강남점,naver,c120eb07-fe13-4515-875e-02a4abf0ce85
1508,67ebb27139a8b2099fefddd5,4W2RE,MS135,맛있고 양이 많아요! 자주올거갘아요~,,2025-04-01 09:25:04,37792495,장인닭갈비 강남점,naver,c120eb07-fe13-4515-875e-02a4abf0ce85
1509,67ebb000b7a82c21cde3fb9b,4Mb12,ncl****,,,2025-04-01 08:33:56,37792495,장인닭갈비 강남점,naver,c120eb07-fe13-4515-875e-02a4abf0ce85
1510,67ebabb913178842e4ee9659,3IpAv,챙221,맛있어연,,2025-04-01 08:33:56,37792495,장인닭갈비 강남점,naver,c120eb07-fe13-4515-875e-02a4abf0ce85
1511,67ebabb1a3c9eaa99b51fb62,3qoGJ,jimin1234,맛있어용~~🫶,,2025-04-01 08:33:56,37792495,장인닭갈비 강남점,naver,c120eb07-fe13-4515-875e-02a4abf0ce85
1512,67ebab8d268422cfaa3fcf7f,9UjcY,yoo****,회의하기 전에 간단하게 식사하려고 들렀는데 생각보다 너무 맛있어요 또 올게요 @.@ ♥️,,2025-04-01 08:33:56,37792495,장인닭갈비 강남점,naver,c120eb07-fe13-4515-875e-02a4abf0ce85
1513,67ebab5e51a6f81306f49ec0,2aJVx,감사45,,,2025-04-01 08:33:56,37792495,장인닭갈비 강남점,naver,c120eb07-fe13-4515-875e-02a4abf0ce85
1514,67eba59cf5667548cb7cd12b,djpMH,hy따개비루,"사장님이 맛있고 음식이 친절해요
직원분들이 훤칠하시고 야채도 신선해요

아 맛은 당연히 있어요",,2025-04-01 08:24:38,37792495,장인닭갈비 강남점,naver,c120eb07-fe13-4515-875e-02a4abf0ce85
1515,67eba4df38cf9df829d814b4,2T83v,지엘다윗맘,아이들과 장인 닭갈비 왔어요. 닭갈비 맛집이라고 하던데 엯시 맛집 맞네요.,,2025-04-01 08:24:38,37792495,장인닭갈비 강남점,naver,c120eb07-fe13-4515-875e-02a4abf0ce85
1516,67ebab6c587d75cac722014e,P7h3,귀여워야,"언제나 맛있는 장인닭갈비 
가성비좋고 맛있고 신선하고 친절해요!",,2025-04-01 05:25:14,37792495,장인닭갈비 강남점,naver,c120eb07-fe13-4515-875e-02a4abf0ce85
1517,67eb66b94b8a2a83a35f8dc1,40b9Y,신에스더45,"사람도 많고 맛집인거 같아요!! 야채도 셀프로 먹을수있어서 좋구 가성비있게 점심 먹을수있는거 같아요 !!! 
다음에 또 방문하겠습니다 ㅎ",,2025-04-01 04:00:08,37792495,장인닭갈비 강남점,naver,c120eb07-fe13-4515-875e-02a4abf0ce85
1518,67eb64f9c496f47d25dcea22,1fwVy,chr****,너무 맛있어요ㅋ,,2025-04-01 03:56:24,37792495,장인닭갈비 강남점,naver,c120eb07-fe13-4515-875e-02a4abf0ce85
1519,67eb64ce0d9519e5c25c43e3,6iRCc,xog****,맛나고 진행이 빨라서 좋았어요!,,2025-04-01 03:56:24,37792495,장인닭갈비 강남점,naver,c120eb07-fe13-4515-875e-02a4abf0ce85
1520,67eb641e91570f44383ba299,2LV8j,규라62,닭갈비가 너무 맛있네요. 치즈도 듬뿍이네요. ^^,,2025-04-01 03:46:56,37792495,장인닭갈비 강남점,naver,c120eb07-fe13-4515-875e-02a4abf0ce85
1521,67eb5ccfeb50759b577e9bd9,3D2O9,Allwhat,맛있네유,,2025-04-01 03:20:04,37792495,장인닭갈비 강남점,naver,c120eb07-fe13-4515-875e-02a4abf0ce85
1522,67ebaacfae50e1b1d4485fb8,3I0OK,052111,여자친구랑 닭갈비 먹으러왔는데 비주얼이 미쳤어요 강남에서는 여기가 맛있는거같아요,,2025-04-01 03:07:32,37792495,장인닭갈비 강남점,naver,c120eb07-fe13-4515-875e-02a4abf0ce85
1523,67eb79959a50d9ff9f21ffae,kmlJ,민딴,"역시 닭갈비는 장안!!! 
장안의 화제가 될 맛입니다♡",,2025-04-01 03:07:17,37792495,장인닭갈비 강남점,naver,c120eb07-fe13-4515-875e-02a4abf0ce85
1524,67eb56c1eff6c7fb1345e0ca,4mscx,이현석49,닭갈비가 맛있고 직원분들이 친절하셔서 다음에 또올것같아요!!,,2025-04-01 02:55:00,37792495,장인닭갈비 강남점,naver,c120eb07-fe13-4515-875e-02a4abf0ce85
1525,67eb56b432980dc170617d5f,bzCe1,0혜신,,,2025-04-01 02:55:00,37792495,장인닭갈비 강남점,naver,c120eb07-fe13-4515-875e-02a4abf0ce85
1526,67ea9e2a019667e81f85800a,dkPuF,grusie,믿고 먹는 장인닭갈비 모짜렐라 추가하면 비쥬얼도 좋아유,,2025-03-31 13:47:24,37792495,장인닭갈비 강남점,naver,c120eb07-fe13-4515-875e-02a4abf0ce85
1527,67ea8d288e220d17b6b20b38,8ncj8,오동훈5222,,,2025-03-31 12:33:11,37792495,장인닭갈비 강남점,naver,c120eb07-fe13-4515-875e-02a4abf0ce85
1528,67ea849cb2c27899d7e8f36f,4ayPv,김형록9911,맛있어요,,2025-03-31 11:59:08,37792495,장인닭갈비 강남점,naver,c120eb07-fe13-4515-875e-02a4abf0ce85
1529,67ea830648cf2515e4eba4b1,3avox,정핑구,,,2025-03-31 11:47:43,37792495,장인닭갈비 강남점,naver,c120eb07-fe13-4515-875e-02a4abf0ce85
1530,67ea81a5e2c87b9cb1a837be,ylMp,쏭쏭이9376,"비쥬얼보세용ㅜㅜ
완전 존맛탱!!!ㅎㅎ매운맛인데도 크게맵지않고 맛있어용 
재방문 합니당!!",,2025-03-31 11:43:17,37792495,장인닭갈비 강남점,naver,c120eb07-fe13-4515-875e-02a4abf0ce85
1531,67ea77b019e60d3a4e6f2e4e,1vHke,jjh724350,맛있어요 ~,,2025-03-31 10:57:00,37792495,장인닭갈비 강남점,naver,c120eb07-fe13-4515-875e-02a4abf0ce85
1532,67ea745521a0189f682143ec,4Nomd,KaiL,매장에 사람이 많은데도 불구하고 10분 이내에 입장했고 주문하고 거의 몇분 안되어서 바로 나왔어요! 두번째 방문인데 맛있어서 또 오고 싶습니당😊😊😊,,2025-03-31 10:50:13,37792495,장인닭갈비 강남점,naver,c120eb07-fe13-4515-875e-02a4abf0ce85
1533,67ea730ef17c326c249ed8eb,8yK81,최상의미모로우주정복,,,2025-03-31 10:41:19,37792495,장인닭갈비 강남점,naver,c120eb07-fe13-4515-875e-02a4abf0ce85
1534,67ea72ec8b26555a6e7fa1f3,3xF3v,nu****,,,2025-03-31 10:41:19,37792495,장인닭갈비 강남점,naver,c120eb07-fe13-4515-875e-02a4abf0ce85
1535,67ea722cbb708b8c6b210054,aitZY,lsh****,처음왔는데 맛있어요,,2025-03-31 10:41:19,37792495,장인닭갈비 강남점,naver,c120eb07-fe13-4515-875e-02a4abf0ce85
1536,67ea6fa3a4810b1c33be0a02,4Kgbs,서유리5185,양배추도 많이 있어서 좋아용 맛있어요!,,2025-03-31 10:29:48,37792495,장인닭갈비 강남점,naver,c120eb07-fe13-4515-875e-02a4abf0ce85
1537,67ea724c03a080ae3aa417f3,50FaG,hr0****,,,2025-03-31 09:23:24,37792495,장인닭갈비 강남점,naver,c120eb07-fe13-4515-875e-02a4abf0ce85
1538,67ea601944b091665a31bf25,1D4t0,ckdckd0118,강남역 맛집을 검색하여 닭갈비가 눈에 띄어서 방문했습니다. 좋은 장소에서 좋은 사람과 맛있게 먹었습니다. 또 오겠습니다 감사합니다,,2025-03-31 09:20:53,37792495,장인닭갈비 강남점,naver,c120eb07-fe13-4515-875e-02a4abf0ce85
1539,67ea6aaa63df4c6439881e7b,7bbN1,Digdaa,맛있네용,,2025-03-31 09:01:33,37792495,장인닭갈비 강남점,naver,c120eb07-fe13-4515-875e-02a4abf0ce85
1540,67ea5c380683eff4b0e867be,3mXcI,구효진51,강남역 근처에서 이 가격에 맛있게 먹을 수 있는 곳은 장인닭갈비집인거같아요!!! 처음 먹었는데 너무 맛있습니다 강남역 맛집 인정이에요!!,,2025-03-31 09:00:59,37792495,장인닭갈비 강남점,naver,c120eb07-fe13-4515-875e-02a4abf0ce85
1541,67ea5bbd6831e01f9ba3afbb,5cNLe,윤아3015,"여기 맛있어서 4번인가 5번째예요!!
강남오면 다른 친구들이랑 올때마다 여기 추천하고다녀요!!",,2025-03-31 09:00:59,37792495,장인닭갈비 강남점,naver,c120eb07-fe13-4515-875e-02a4abf0ce85
1542,67ea4f631586eca3a180f1c0,5b8Y6,혜원45,"양도 푸짐하고 맛있어요!
일찍 도착해서 기다리지 않고 바로 입장해서 맛있게 먹었습니다.",,2025-03-31 08:02:20,37792495,장인닭갈비 강남점,naver,c120eb07-fe13-4515-875e-02a4abf0ce85
1543,67ea4c2a8e220d17b67d1f6a,1mnAl,jin****,둘이서 배부르게 먹었어요.,,2025-03-31 07:44:06,37792495,장인닭갈비 강남점,naver,c120eb07-fe13-4515-875e-02a4abf0ce85
1544,67ea2a924bc0f9d4f7ddecc5,dX8zK,Aoutcw,치즈도 많고 맛있어요!!,,2025-03-31 05:27:01,37792495,장인닭갈비 강남점,naver,c120eb07-fe13-4515-875e-02a4abf0ce85
1545,67ea2e9f3de0bb6fe9a8386f,5Vz27,오아가,오랜만에 학창시절때 많이도 먹은 닭갈비집 방문했는데 그때 그 맛이 여전해서 너무 맛있게 먹구 갑니당ㅎㅎ🩵,,2025-03-31 05:24:24,37792495,장인닭갈비 강남점,naver,c120eb07-fe13-4515-875e-02a4abf0ce85
1546,67ea20993eba827e1c1eb91a,6j9NQ,헤이8549,"다른데보다 맛있는거같아요, 처음으로 줄없이 들어왔어요✨",,2025-03-31 04:53:58,37792495,장인닭갈비 강남점,naver,c120eb07-fe13-4515-875e-02a4abf0ce85
1547,67ea14275e398a835f2e65e7,nC45,pol****,음식이맛있고분이기가좋아여,,2025-03-31 03:58:08,37792495,장인닭갈비 강남점,naver,c120eb07-fe13-4515-875e-02a4abf0ce85
1548,67ea132f20851819d0351ca6,235iI,hjstar93,강남역 맛집 답게 손님도 많고 진행도 빠르네요 굳입니다!!,,2025-03-31 03:56:35,37792495,장인닭갈비 강남점,naver,c120eb07-fe13-4515-875e-02a4abf0ce85
1549,67ea1368c2463289c651d39e,1D2hm,yeonimo,오랫만에 강남역에서 아이가 맛있어하는 곳에 왔어요,,2025-03-31 03:46:24,37792495,장인닭갈비 강남점,naver,c120eb07-fe13-4515-875e-02a4abf0ce85
1550,67ea132e0acc5c81d780ad85,7nB5H,aye****,"자주 방문하는 장인 닭갈비😍
치즈도 항상 듬뿍 주셔서 계속 생각나는 맛!!",,2025-03-31 03:46:24,37792495,장인닭갈비 강남점,naver,c120eb07-fe13-4515-875e-02a4abf0ce85
1551,67ea12aefc67a96d4f762d2b,k4TT,soy****,음식 맛있고 직원들 친절합니다,,2025-03-31 03:46:24,37792495,장인닭갈비 강남점,naver,c120eb07-fe13-4515-875e-02a4abf0ce85
1552,67ea11a86a6d3cceae49f5d3,2HmiL,미니서비,친절하고 음식도 맛있어요,,2025-03-31 03:46:24,37792495,장인닭갈비 강남점,naver,c120eb07-fe13-4515-875e-02a4abf0ce85
1553,67ea1109376ec76a1aee527f,aaszF,yj1****,넘  맛있어요. 자주 옵니다 최고,,2025-03-31 03:46:24,37792495,장인닭갈비 강남점,naver,c120eb07-fe13-4515-875e-02a4abf0ce85
1554,67ea104e4992bf1646da506a,2owo4,꼬시미,"첨왔는데 중간맛 매콤해요~
낮술이 땡기네요~!!!!
반찬셀프에요~
점심특선좋아용",,2025-03-31 03:44:25,37792495,장인닭갈비 강남점,naver,c120eb07-fe13-4515-875e-02a4abf0ce85
1555,67ea0b3a5e66ca735b38de4b,2Fzgs,탐방하빈다,점심 시간에 다녀왔는데 음식도 빨리 나오고 맛도 좋아요!,,2025-03-31 03:19:37,37792495,장인닭갈비 강남점,naver,c120eb07-fe13-4515-875e-02a4abf0ce85
1556,67ea0b21323e8bf9c6760c95,2osN9,선미 희순루시아,맛이 너무 좋아요,,2025-03-31 03:19:37,37792495,장인닭갈비 강남점,naver,c120eb07-fe13-4515-875e-02a4abf0ce85
1557,67ea0afa0c78aebfdabe513d,5im3h,원유367,점심에 회사 회식으로 왔어요 기대이상으로 맛있게 잘먹었어요 매운맛 조절도 가능해서 더 좋았습니다,,2025-03-31 03:19:37,37792495,장인닭갈비 강남점,naver,c120eb07-fe13-4515-875e-02a4abf0ce85
1558,67e93b80416f9a7d0c93cccd,1Kwd5,냠냠이87,맛있게 잘먹었습니다아아아♥️♥️♥️👍👍,,2025-03-30 12:30:34,37792495,장인닭갈비 강남점,naver,c120eb07-fe13-4515-875e-02a4abf0ce85
1559,67e9364e01ff42915fbe80a9,6Udhh,바람쐬러가자,회전률 빠르고 매장도 넓고 가격도 좋아요~,,2025-03-30 12:14:23,37792495,장인닭갈비 강남점,naver,c120eb07-fe13-4515-875e-02a4abf0ce85
1560,67e927ff6469a8809244db46,44FBR,joy362782,맛있어요!!,,2025-03-30 11:14:01,37792495,장인닭갈비 강남점,naver,c120eb07-fe13-4515-875e-02a4abf0ce85
1561,67e927e6dce14480297071b6,7OJjA,라마마794,,,2025-03-30 11:14:01,37792495,장인닭갈비 강남점,naver,c120eb07-fe13-4515-875e-02a4abf0ce85
1562,67e927dfb863d329113dfe39,4HPpF,외민,강남 오면 항상 들르는 곳이에요! 맛도 좋고 직원분들도 친절해서 좋네요!!,,2025-03-30 11:14:01,37792495,장인닭갈비 강남점,naver,c120eb07-fe13-4515-875e-02a4abf0ce85
1563,67e923c100e46da63c24b333,2hCUl,이시스3966,최고최고😍😍😍,,2025-03-30 10:52:24,37792495,장인닭갈비 강남점,naver,c120eb07-fe13-4515-875e-02a4abf0ce85
1564,67e91a31f70a312e65ce0a60,8SGhq,ilililliliiiii,"#강님역맛집
리뷰가 많고 맛집인 것 같아서 방문했는데 너무 맛있어요! 가격도 괜찮고 푸짐해서 배불리 잘먹고 갑니다!",,2025-03-30 10:13:51,37792495,장인닭갈비 강남점,naver,c120eb07-fe13-4515-875e-02a4abf0ce85
1565,67e918bbe57da3dbb2da4117,3uDEx,사디스틱,천국입니다,,2025-03-30 10:01:34,37792495,장인닭갈비 강남점,naver,c120eb07-fe13-4515-875e-02a4abf0ce85
1566,67e91808e2009462236b08ce,1k7RZ,i4****,야채도 무제한으로 먹고 양도 푸짐하고 맛있어요,,2025-03-30 10:01:34,37792495,장인닭갈비 강남점,naver,c120eb07-fe13-4515-875e-02a4abf0ce85
1567,67e917f51643777fa90bec4b,cz3Ow,펄사,맛잇사여!! 굳굳,,2025-03-30 10:01:34,37792495,장인닭갈비 강남점,naver,c120eb07-fe13-4515-875e-02a4abf0ce85
1568,67e9136ea53663511b626cde,3JCiy,세운령,"강남역 맛집
닭갈비는 장인 닭갈비",,2025-03-30 09:42:38,37792495,장인닭갈비 강남점,naver,c120eb07-fe13-4515-875e-02a4abf0ce85
1569,67e9113ff1b79f65c1608d77,c8PBg,sy113,맛있어요!!! 친구들끼리 와서 먹기 좋아요 다들 한번 먹으러 오세요!!!,,2025-03-30 09:30:01,37792495,장인닭갈비 강남점,naver,c120eb07-fe13-4515-875e-02a4abf0ce85
1570,67e910a284b238fcf51d4a33,1i96D,땅콩땅컹,음식이 빨리 나와서 좋아요!,,2025-03-30 09:30:01,37792495,장인닭갈비 강남점,naver,c120eb07-fe13-4515-875e-02a4abf0ce85
1571,67e90dffe2c87b9cb1b7629a,2jtct,매생이387,넘넘 맛있어용 !!!!!,,2025-03-30 09:21:46,37792495,장인닭갈비 강남점,naver,c120eb07-fe13-4515-875e-02a4abf0ce85
1572,67e90de1907355e675e5ba18,6g6jy,yer****,,,2025-03-30 09:21:46,37792495,장인닭갈비 강남점,naver,c120eb07-fe13-4515-875e-02a4abf0ce85
1573,67e90dd8a297679f64c96aff,9O2Q8,123****,,,2025-03-30 09:21:46,37792495,장인닭갈비 강남점,naver,c120eb07-fe13-4515-875e-02a4abf0ce85
1574,67e90bdef6180140cb9e85c2,e25Ut,송채원6465,,,2025-03-30 09:10:05,37792495,장인닭갈비 강남점,naver,c120eb07-fe13-4515-875e-02a4abf0ce85
1575,67e90bdaadb81bd0780c8328,aCILP,심지현33,,,2025-03-30 09:10:05,37792495,장인닭갈비 강남점,naver,c120eb07-fe13-4515-875e-02a4abf0ce85
1576,67e90bd97309f81102ce2009,bETvc,qu7****,,,2025-03-30 09:10:05,37792495,장인닭갈비 강남점,naver,c120eb07-fe13-4515-875e-02a4abf0ce85
1577,67e8fda770c1e89a0ca8b439,5cB00,bki****,언제나맛있는집인가봐요. 줄을엄청엄청. 하지만 오늘은 바로입장 ㅎㅎ 아이와 남편과 좋은시간 보낼려고왔어여.  좋아요. 강추 강추,,2025-03-30 08:12:38,37792495,장인닭갈비 강남점,naver,c120eb07-fe13-4515-875e-02a4abf0ce85
1578,67e8fde173f59670e91dfbce,4juq6,qse****,치즈가 듬뿍나와 좋아요 맛잇어요,,2025-03-30 08:10:10,37792495,장인닭갈비 강남점,naver,c120eb07-fe13-4515-875e-02a4abf0ce85
1579,67e8fcfc915cf8eb4aca2d73,7LpdR,난여,장인닭갈비 다음에 또 올게요 !!!! 너무 맛있어요!!😋,,2025-03-30 07:54:53,37792495,장인닭갈비 강남점,naver,c120eb07-fe13-4515-875e-02a4abf0ce85
1580,67e8ef77d5c19b9cd1a4e247,dK4Ze,택쏘니,맛있게 먹고 갑니다ㅎㅎ,,2025-03-30 06:59:38,37792495,장인닭갈비 강남점,naver,c120eb07-fe13-4515-875e-02a4abf0ce85
1581,67e8e5b08c48ef9fd49b0fcc,8oBTw,우오아아7,강남 놀러와서 점심으로 먹었는데 아주 맛있게 먹고 갑니다!,,2025-03-30 06:30:12,37792495,장인닭갈비 강남점,naver,c120eb07-fe13-4515-875e-02a4abf0ce85
1582,67e8e570b743705d558a0819,1ew8Y,아이1097,항상 너무 맛있어요 잘 먹고 갑니다~~!,,2025-03-30 06:19:25,37792495,장인닭갈비 강남점,naver,c120eb07-fe13-4515-875e-02a4abf0ce85
1583,67e8df9f3898f1e82b3762bc,cmj4b,god****,맛있어요 다음에 또 방문할게요 !!!😄😄😄😄😄,,2025-03-30 05:53:08,37792495,장인닭갈비 강남점,naver,c120eb07-fe13-4515-875e-02a4abf0ce85
1584,67e8df7f184edd446b67c79b,5LoxD,표민서55,맛있고 양이 많아요!! 담에 또 방문할게요,,2025-03-30 05:53:08,37792495,장인닭갈비 강남점,naver,c120eb07-fe13-4515-875e-02a4abf0ce85
1585,67e8d7f4879a6ab7bd47cc0b,mANS,비키네일,"지나가는길에 사람이 많아서 들렸는데 
맛있게 잘 먹었습니다^^",,2025-03-30 05:32:18,37792495,장인닭갈비 강남점,naver,c120eb07-fe13-4515-875e-02a4abf0ce85
1586,67e8d1eb7e69295ff656e6ae,6RZFc,kse****,맛있어요💓,,2025-03-30 05:04:00,37792495,장인닭갈비 강남점,naver,c120eb07-fe13-4515-875e-02a4abf0ce85
1587,67e8cc45675bee715825d475,1P1wP,Elin6767,"음식은 맛있는데 웨이팅이 길어서 단체는 힘들듯해요
맛있어요",,2025-03-30 04:37:17,37792495,장인닭갈비 강남점,naver,c120eb07-fe13-4515-875e-02a4abf0ce85
1588,67e8cb9342cddf722c470281,6fdaP,jujunghyeon,강남역 맛집입니다! 그만큼 웨이팅은 있어도 친구들이랑 오기 좋습니다!!,,2025-03-30 04:37:17,37792495,장인닭갈비 강남점,naver,c120eb07-fe13-4515-875e-02a4abf0ce85
1589,67e8c90548d82a5606cc3af4,3Zk7n,sonylog,맛있게 잘 먹었습니다 ~~,,2025-03-30 04:19:37,37792495,장인닭갈비 강남점,naver,c120eb07-fe13-4515-875e-02a4abf0ce85
1590,67e94bef5cc8aa95bc524ec9,6pJXh,파오리102,"중간맛으로 주문했는데 너무 달아요...
매운맛은 거의 안 나고 닭갈비도 볶음밥도 너무 달아서 먹기 힘들었어요
단맛 싫어하시는 분들께는 절대 비추입니다...",,2025-03-30 04:02:24,37792495,장인닭갈비 강남점,naver,c120eb07-fe13-4515-875e-02a4abf0ce85
1591,67e8c24c37ae780c1411c879,eAr4W,안나공주25,"엄마랑 같이 욌어요 벌쏘 3번째 방문인데 맛있어요
웨이팅 항상있는데 금방들어가요",,2025-03-30 04:00:05,37792495,장인닭갈비 강남점,naver,c120eb07-fe13-4515-875e-02a4abf0ce85
1592,67e8c2b64eec637dfebe31c5,eOAuV,son****,,,2025-03-30 03:57:36,37792495,장인닭갈비 강남점,naver,c120eb07-fe13-4515-875e-02a4abf0ce85
1593,67e8c1aed193da1d72fb9e99,7bmLa,감자공듀54,,,2025-03-30 03:57:36,37792495,장인닭갈비 강남점,naver,c120eb07-fe13-4515-875e-02a4abf0ce85
1594,67e8bc978b125b64b3d01559,aGUch,HyoWLee,"음식 양도 많고 맛있어요
보통 웨이팅이 있는데 저희는 바로 들어왔어요
음식도 빨리 나오고 직원분들도 친절해요",,2025-03-30 03:30:50,37792495,장인닭갈비 강남점,naver,c120eb07-fe13-4515-875e-02a4abf0ce85
1595,67e8b5b883a34eb92b0ec74b,czSeR,hky36,맛있어요!!!!!!,,2025-03-30 03:01:27,37792495,장인닭갈비 강남점,naver,c120eb07-fe13-4515-875e-02a4abf0ce85
1596,67e8b95eafd249ef16c35812,1fHbP,두유그린티라떼,치즈 닭갈비 너무 맛있어요~~ 럭키봉봉 꼭 시키세요~!,,2025-03-30 02:54:22,37792495,장인닭갈비 강남점,naver,c120eb07-fe13-4515-875e-02a4abf0ce85
1597,67e8b1decb684a25ed01ef39,7Cbnq,nan****,닭갈비가 양도 푸짐하고 맛있어요 친구랑  잘먹고가요,,2025-03-30 02:38:37,37792495,장인닭갈비 강남점,naver,c120eb07-fe13-4515-875e-02a4abf0ce85
1598,67e7f2db9a7ab1d5dcb96492,QRYc,an****,양도 많고 맛있어요~,,2025-03-29 13:10:22,37792495,장인닭갈비 강남점,naver,c120eb07-fe13-4515-875e-02a4abf0ce85
1599,67e7ec10a32908e01bf4fadf,1gqDf,도도나나52,"맛있어요 줄 안서고 바로 들어갔어요
음식도 빠르게 나왔어요!",,2025-03-29 12:34:03,37792495,장인닭갈비 강남점,naver,c120eb07-fe13-4515-875e-02a4abf0ce85
1600,67e7e4cd1fccbbc9e23cb17c,4ZzTA,민지049,정말맛있음.. 이름값 하는 곳 장인닭갈비🤤🤤,,2025-03-29 11:45:53,37792495,장인닭갈비 강남점,naver,c120eb07-fe13-4515-875e-02a4abf0ce85
1601,67e7db95d62fe4ac0fe8c165,4Ol32,캐서린8517,너무 맛있어요~^^다음에 또 오겠어요~^^♡♡,,2025-03-29 11:34:58,37792495,장인닭갈비 강남점,naver,c120eb07-fe13-4515-875e-02a4abf0ce85
1602,67e7d65035b5048a4e2f1770,cs8TW,까까맛사과,닭갈비 양도 많고 아주 맛있습니다!,,2025-03-29 11:13:16,37792495,장인닭갈비 강남점,naver,c120eb07-fe13-4515-875e-02a4abf0ce85
1603,67e7cfd0b9dbcc2ac6e7a4bf,2c0Q4,mary910946,장인닭갈비  왔는데  너무 맛있고  양도 많아요!,,2025-03-29 10:42:23,37792495,장인닭갈비 강남점,naver,c120eb07-fe13-4515-875e-02a4abf0ce85
1604,67e7cfe6a6bae2491e72ec3c,2VnBF,유똔,,,2025-03-29 10:38:52,37792495,장인닭갈비 강남점,naver,c120eb07-fe13-4515-875e-02a4abf0ce85
1605,67e7caeb68eb1faeac8b0097,21H8g,플레이3266,너므 맛있어요 대기 좀 하다 들어왔는데 너무 맛있어서 다시 또 올것 같아요!,,2025-03-29 10:10:30,37792495,장인닭갈비 강남점,naver,c120eb07-fe13-4515-875e-02a4abf0ce85
1606,67e7c7e40d6519c6cb26f894,11HXo,초코랑두유,"너무 맛있어요. 재방문 의사 100프로에요.
대기하고 먹는데엔 다 이유가 있네요!",,2025-03-29 10:10:30,37792495,장인닭갈비 강남점,naver,c120eb07-fe13-4515-875e-02a4abf0ce85
1607,67e7b2611f0d0dc521d3483f,1AEIK,킴태훈,맛잇게 먹었읍니다,,2025-03-29 08:38:12,37792495,장인닭갈비 강남점,naver,c120eb07-fe13-4515-875e-02a4abf0ce85
1608,67e7b259036ca8103e038fce,4i1FY,mnm****,"친한 동생이랑 갔는데 넘 맛있엇어요. 치츠가 고소해서맛있엇고, 닭고기도 부드러워서 서로 조화가 잘 이루어 지는 것 같습니다. 사업 번창하세요",,2025-03-29 08:38:12,37792495,장인닭갈비 강남점,naver,c120eb07-fe13-4515-875e-02a4abf0ce85
1609,67e7a13cced6cd9c64711dae,TUvg,히삐삐,"오랜만에 닭갈비 먹으니까 맛있어욜
매장이 넓어서 바로 먹을수잇는게 장점이욧",,2025-03-29 07:25:21,37792495,장인닭갈비 강남점,naver,c120eb07-fe13-4515-875e-02a4abf0ce85
1610,67e79bc3269b6f7ef99d39dc,2szCb,glaenzend,"장인닭갈비 n번째 방문중 
닭갈비 여러 곳 다녀봤지만 여기가 제일 양도 맛도 가성비 최고입니다…!!!",,2025-03-29 06:57:48,37792495,장인닭갈비 강남점,naver,c120eb07-fe13-4515-875e-02a4abf0ce85
1611,67e79b746a534fefd5c2c9d4,cKdEk,민영63,,,2025-03-29 06:45:27,37792495,장인닭갈비 강남점,naver,c120eb07-fe13-4515-875e-02a4abf0ce85
1612,67e79402595565aeaa57c7e3,4wkCa,러블리해,자주 오는곳인데 맛있어요 매장도 깔끔요,,2025-03-29 06:19:56,37792495,장인닭갈비 강남점,naver,c120eb07-fe13-4515-875e-02a4abf0ce85
1613,67e7910a1e33f149a7fc2309,cTqTr,지연3210,맛있어용 최고!,,2025-03-29 06:11:00,37792495,장인닭갈비 강남점,naver,c120eb07-fe13-4515-875e-02a4abf0ce85
1614,67e7ce4a8d0c132dcf40c908,94z3m,dor****,"늘 닭갈비 먹고 싶으면 찾아와요!
넘 맛있습니다~!",,2025-03-29 05:56:17,37792495,장인닭갈비 강남점,naver,c120eb07-fe13-4515-875e-02a4abf0ce85
1615,67e785cf618e0ef3859b1f51,7ipMn,하은62,#강남역 맛집,,2025-03-29 05:29:51,37792495,장인닭갈비 강남점,naver,c120eb07-fe13-4515-875e-02a4abf0ce85
1616,67e778b663df4c6439a9a346,azuEa,sus****,강남맛집 냠긋 마싯ㅅ어용,,2025-03-29 04:33:03,37792495,장인닭갈비 강남점,naver,c120eb07-fe13-4515-875e-02a4abf0ce85
1617,67e7784a9ec0936ce04859a3,eziQR,박시연61,맛있어요!!,,2025-03-29 04:29:52,37792495,장인닭갈비 강남점,naver,c120eb07-fe13-4515-875e-02a4abf0ce85
1618,67e778383eba827e1c7e8893,671UU,unicorngamja,"닭갈비도 맛있는데 당면,떡,치즈사리 추가하니까 더 맛있어요",,2025-03-29 04:29:52,37792495,장인닭갈비 강남점,naver,c120eb07-fe13-4515-875e-02a4abf0ce85
1619,67e76f01ce4a2904a57a2520,445cS,이터널67,점심시간이라 그런지 만석이었어요. 그래도 회전율이 나쁘지 않아서 10분 정도 기다리다가 자리에 앉을 수 있었습니다. 만들어진게 바로 나와서 빠른 것 같아요. 맛있었어요.,,2025-03-29 03:50:18,37792495,장인닭갈비 강남점,naver,c120eb07-fe13-4515-875e-02a4abf0ce85
1620,67e76cceb14c354aebae4f32,aCtq0,sih****,맛있어요!!👍,,2025-03-29 03:42:54,37792495,장인닭갈비 강남점,naver,c120eb07-fe13-4515-875e-02a4abf0ce85
1621,67e76c3d19f21d59e65ba69d,FWGk,cos****,"매장넓고 친절하고 
양도많고 맛있어요!!!",,2025-03-29 03:34:05,37792495,장인닭갈비 강남점,naver,c120eb07-fe13-4515-875e-02a4abf0ce85
1622,67e76650c72f8da0cc04dd60,RdCq,안나8051,대기없이 바로 자리가 있어서 넘 좋아요. 닭갈비가 익혀서 나오니까 편하게 먹을수 있어요. 치즈에 찍어먹으니 매콤 고소 너무 맛나네요,,2025-03-29 03:07:12,37792495,장인닭갈비 강남점,naver,c120eb07-fe13-4515-875e-02a4abf0ce85
1623,67e765e7ced6cd9c6440f876,50U20,spd****,맛있어요!!!,,2025-03-29 03:07:12,37792495,장인닭갈비 강남점,naver,c120eb07-fe13-4515-875e-02a4abf0ce85
1624,67e7ad3e604513d808005128,7IzxF,jeo****,역시 사람이 많은 이유가 있었어요!!!!! 매번 웨이팅하는데 5시쯤 방문해서 운좋게 바로 들어왔습니다🙆‍♀️ 쌈이나 샐러드는 셀프라 부담없고 고기들도 많아서 너무 맛있었어요💖 강남역에서 닭갈비 먹고싶으면 장인닭갈비 추천합니다~🫶🤭,,2025-03-29 02:59:01,37792495,장인닭갈비 강남점,naver,c120eb07-fe13-4515-875e-02a4abf0ce85
1625,67e69e305830fd05629833a3,3MV0O,민영11,"오랜만에 닭갈비 맛있게 먹었어요 
외국인 손님도 많아요",,2025-03-28 12:55:56,37792495,장인닭갈비 강남점,naver,c120eb07-fe13-4515-875e-02a4abf0ce85
1626,67e69da478969b8c18eb83d2,z2AO,리나4483,강남역 맛집을 찾으신다면 방문해보세요! 닭갈비랑 치즈의 조화가 좋아요! k-후식 볶음밥도 꼭 드세요!!!,,2025-03-28 12:55:56,37792495,장인닭갈비 강남점,naver,c120eb07-fe13-4515-875e-02a4abf0ce85
1627,67e6930940f15d877586b15c,Lc96,꾀꼬리20,"가족과 함께 맛있게 먹었습니다
조~금 매워요ㅠㅠ(중간맛)",,2025-03-28 12:09:20,37792495,장인닭갈비 강남점,naver,c120eb07-fe13-4515-875e-02a4abf0ce85
1628,67e692e1beb9418e83916a43,4zKsi,ehf****,음식 너무 맛있고 직원분들도 너무 친절하서서 좋습니다!! 담에 또 올게요 ~,,2025-03-28 12:04:21,37792495,장인닭갈비 강남점,naver,c120eb07-fe13-4515-875e-02a4abf0ce85
1629,67e6864d036ca8103e4216c4,3fK02,kimbaegae,마싯게 잘 먹고 갑니다 ~~,,2025-03-28 11:18:52,37792495,장인닭갈비 강남점,naver,c120eb07-fe13-4515-875e-02a4abf0ce85
1630,67e684d39e954cd61b5f00b8,4mDpz,하하하1462,맛잇어요!!,,2025-03-28 11:11:55,37792495,장인닭갈비 강남점,naver,c120eb07-fe13-4515-875e-02a4abf0ce85
1631,67e68057c5ae94197143f5b6,4Rhxx,챈5036,재방문입니다! 맛있어요~,,2025-03-28 10:55:39,37792495,장인닭갈비 강남점,naver,c120eb07-fe13-4515-875e-02a4abf0ce85
1632,67e68099de66ed22075878d9,6fxG1,mgw****,맛도리 집..! 강남 웨이팅에는 이유가 있다,,2025-03-28 10:51:14,37792495,장인닭갈비 강남점,naver,c120eb07-fe13-4515-875e-02a4abf0ce85
1633,67e67c8391b9189d7eebcb9a,6hFrG,영혼의자유40,너무 맛있게 먹었어요!! 또 오고싶어요,,2025-03-28 10:31:03,37792495,장인닭갈비 강남점,naver,c120eb07-fe13-4515-875e-02a4abf0ce85
1634,67e67102aa0ff231e4ba4ff7,b5HGk,yxyxjx,"강남역 맛집 인정합니다!! 넘 맛있어요 ㅜㅜㅜ
치즈랑 우동 사리 필수입니다 ㅎㅎ 다 먹고 볶음밥도요!!",,2025-03-28 09:44:56,37792495,장인닭갈비 강남점,naver,c120eb07-fe13-4515-875e-02a4abf0ce85
1635,67e66f21fb08a1c07fa2ff8d,Nwst,행복메이커21,강남 핫 맛집 닭갈비 먹고싶어서 왔어요 치즈 듬뿍 담백 ❤️,,2025-03-28 09:38:51,37792495,장인닭갈비 강남점,naver,c120eb07-fe13-4515-875e-02a4abf0ce85
1636,67e66ccc882a7cbac8bbca5e,2ft5W,하뜨뚜뚜,맛있어요!,,2025-03-28 09:31:37,37792495,장인닭갈비 강남점,naver,c120eb07-fe13-4515-875e-02a4abf0ce85
1637,67e668d5e7129284d16bc905,1Qj7c,apple17767,"벌써 네번째.
딸아이가 넘 좋아해요.",,2025-03-28 09:13:02,37792495,장인닭갈비 강남점,naver,c120eb07-fe13-4515-875e-02a4abf0ce85
1638,67e66905d9dccb94af01b0d9,2co8GO,cat****,맛있어요,,2025-03-28 09:08:32,37792495,장인닭갈비 강남점,naver,c120eb07-fe13-4515-875e-02a4abf0ce85
1639,67e668a02f33ea84de63a88f,9LjdR,찡찡이399,양 많구 넘 맛있어요 ㅠㅠ 또올게요,,2025-03-28 09:08:32,37792495,장인닭갈비 강남점,naver,c120eb07-fe13-4515-875e-02a4abf0ce85
1640,67e66bea53e7a90919329de4,4AiE4,lee****,진짜 대존맛이에요 잘 먹고 갑니다❤️,,2025-03-28 08:46:07,37792495,장인닭갈비 강남점,naver,c120eb07-fe13-4515-875e-02a4abf0ce85
1641,67e6648de78d58df0a4eff52,dFszL,lll****,너무 맛있어요. 감사합니다.,,2025-03-28 08:46:07,37792495,장인닭갈비 강남점,naver,c120eb07-fe13-4515-875e-02a4abf0ce85
1642,67e65bbc564dba4be793f396,6dY9F,김지은8226,셀프바도 잘되어있고 양도 많고 맛있어용 !! 😊,,2025-03-28 08:08:13,37792495,장인닭갈비 강남점,naver,c120eb07-fe13-4515-875e-02a4abf0ce85
1643,67e65b8971ac135efa15b09e,124CE,bs****,"중간맛 했는데 제 입맛에는 조금 매웠어요
그래두 맛있게 잘 먹었습니다^^",,2025-03-28 08:08:13,37792495,장인닭갈비 강남점,naver,c120eb07-fe13-4515-875e-02a4abf0ce85
1644,67e65117d81246a7ee37150d,bzfml,프린세스주40,양이 너무 많고 맛있습니다! 중간맛도 많이 안 매워요 나중에 친구들이랑 강남오면 또 먹을 예정입니다~,,2025-03-28 07:16:32,37792495,장인닭갈비 강남점,naver,c120eb07-fe13-4515-875e-02a4abf0ce85
1645,67e650f3c72f8da0cc60d3f4,ajspN,서현1001,눔~~므 맛있어용!!!담엔 남친이랑 같이...😻오구싶어용,,2025-03-28 07:16:32,37792495,장인닭갈비 강남점,naver,c120eb07-fe13-4515-875e-02a4abf0ce85
1646,67e6509f6d87fdc8863de714,cqjB4,서현7821,굳👍,,2025-03-28 07:16:32,37792495,장인닭갈비 강남점,naver,c120eb07-fe13-4515-875e-02a4abf0ce85
1647,67e64c1b06803f2b489060f2,bnlDd,hee****,늘 맛있어서 맨날 머거용~~~ ㅎㅎ 마싰음 우동사리도 추천..,,2025-03-28 06:54:25,37792495,장인닭갈비 강남점,naver,c120eb07-fe13-4515-875e-02a4abf0ce85
1648,67e64be678969b8c18aa5d6c,2bTnZH,yun****,완전 맛있어요!!,,2025-03-28 06:54:25,37792495,장인닭갈비 강남점,naver,c120eb07-fe13-4515-875e-02a4abf0ce85
1649,67e6485ee7261c536354c94a,3BCMJ,080****,,,2025-03-28 06:46:35,37792495,장인닭갈비 강남점,naver,c120eb07-fe13-4515-875e-02a4abf0ce85
1650,67e63efddffd4dc91a9c14a8,4UUDa,love080194,첫 방문인데 치즈 추가해서 먹으니 맛있어요!👍🏻,,2025-03-28 06:02:54,37792495,장인닭갈비 강남점,naver,c120eb07-fe13-4515-875e-02a4abf0ce85
1651,67e63226d5102cb3bb4e55cf,3LYSz,오니온자리,닭갈비 생각날 때마다 오는데 항상 맛있어용,,2025-03-28 05:14:02,37792495,장인닭갈비 강남점,naver,c120eb07-fe13-4515-875e-02a4abf0ce85
1652,67e6321febbcf1a0228916c2,36n25,지하1층식품관,조리되어서 나와서 먹기도 좋구 맛있어요!,,2025-03-28 05:14:02,37792495,장인닭갈비 강남점,naver,c120eb07-fe13-4515-875e-02a4abf0ce85
1653,67e62d6e9c118c3a25509ecc,1ccfD,kb****,"오랜만에 한국와서 닭갈비 먹고싶어서 리뷰보고 왔는데, 기대 이상이네요. 매콤하니 맛있어요!",,2025-03-28 04:50:43,37792495,장인닭갈비 강남점,naver,c120eb07-fe13-4515-875e-02a4abf0ce85
1654,67e62c429b40383a1d7d76f8,1h8bc,whd****,너무맛있어요!또 방문할것같아요^^,,2025-03-28 04:50:43,37792495,장인닭갈비 강남점,naver,c120eb07-fe13-4515-875e-02a4abf0ce85
1655,67e629d675ae4951b4093cbe,1Nt5m,소아8138,"넓은 매장으로 금방 들어갈수 있었어요. 
맛있고 양도 적당해서 좋았습니다. 추천이요",,2025-03-28 04:28:00,37792495,장인닭갈비 강남점,naver,c120eb07-fe13-4515-875e-02a4abf0ce85
1656,67e6355185ae07d9ea5e0605,2cN2uQ,ksh****,,,2025-03-28 03:58:44,37792495,장인닭갈비 강남점,naver,c120eb07-fe13-4515-875e-02a4abf0ce85
1657,67e6251efca216ff51b12dde,5LV7k,고라니9541,엄청 맛있아요! 사람 많아도 회전률이 빨라서 금방 웨이팅 빠지는거 같아요~ 매콤하니 양도많구 최고입니당❤️,,2025-03-28 03:56:42,37792495,장인닭갈비 강남점,naver,c120eb07-fe13-4515-875e-02a4abf0ce85
1658,67e7c7aa2d46bb20188d85ef,KNfi,100그리고100,맛있어요. 사리가 추가 개념이라 아쉽.,,2025-03-28 03:47:07,37792495,장인닭갈비 강남점,naver,c120eb07-fe13-4515-875e-02a4abf0ce85
1659,67e60ff6445fdfc825467e81,1lcOf,ㅎㅈ7348,양이 진짜 많아요! 맛있음,,2025-03-28 02:54:32,37792495,장인닭갈비 강남점,naver,c120eb07-fe13-4515-875e-02a4abf0ce85
1660,67e60d64e7261c536323bf46,4kLBZ,냉이누나,너무 맛있고 양도 푸짐해서 좋아요! 또 올게요!!,,2025-03-28 02:29:41,37792495,장인닭갈비 강남점,naver,c120eb07-fe13-4515-875e-02a4abf0ce85
1661,67e60d49034d2023cdb996d5,2MGvD,hjh****,중간맛 먹었는데 깔끔하고 맛잇엇어요~ 라면사리까지 추가해서 먹었네요^^ 잘먹었습니다!!,,2025-03-28 02:29:41,37792495,장인닭갈비 강남점,naver,c120eb07-fe13-4515-875e-02a4abf0ce85
1662,67e552d74eec637dfeb162c8,4BTRT,진수디깡,맛있고 양도 많아요! 직원분들도 너무 친절해서 좋아요~,,2025-03-27 13:25:58,37792495,장인닭갈비 강남점,naver,c120eb07-fe13-4515-875e-02a4abf0ce85
1663,67e54d206c36da2a6d980ba0,6BjVk,qbAdp0342,맛있어요. 또 올게요,,2025-03-27 12:58:35,37792495,장인닭갈비 강남점,naver,c120eb07-fe13-4515-875e-02a4abf0ce85
1664,67e54cdff4b44fffceae8518,865W4,김시우4181,진짜 맛있어요.. 강남역에서 제일 맛있음 !!!!!,,2025-03-27 12:58:35,37792495,장인닭갈비 강남점,naver,c120eb07-fe13-4515-875e-02a4abf0ce85
1665,67e53d64578aab18e49bbd39,5Gdc6,효덩22,"빠르게 나오고 맛있어요~^^!
장인 닭갈비 짱~!!",,2025-03-27 11:47:51,37792495,장인닭갈비 강남점,naver,c120eb07-fe13-4515-875e-02a4abf0ce85
1666,67ea297bd3b0136b45c83484,4WjIB,헬스현,마시쪼,,2025-03-27 11:41:00,37792495,장인닭갈비 강남점,naver,c120eb07-fe13-4515-875e-02a4abf0ce85
1667,67e5323e2255ba83d6f7ee0b,36Gzl,soeon0917,"리뷰 좋아서 방문한거라 진짜 맛있을까 했는데
정말 맛있어요! 매장도 넓어서 웨이팅 금방 빠집니다!",,2025-03-27 11:06:25,37792495,장인닭갈비 강남점,naver,c120eb07-fe13-4515-875e-02a4abf0ce85
1668,67e534544a9ece84e1909048,3WIyJ,양반15,살짝단 닭갈비 맛있다,,2025-03-27 11:02:07,37792495,장인닭갈비 강남점,naver,c120eb07-fe13-4515-875e-02a4abf0ce85
1669,67e52442fdd1f590626c6521,71QAJ,whd****,맛있어용,,2025-03-27 10:05:18,37792495,장인닭갈비 강남점,naver,c120eb07-fe13-4515-875e-02a4abf0ce85
1670,67e5240f29b9da86832d3464,6nJ5o,들기름김,"벌써8번째 방문이에요~!
항상 맛있고 직원들도 너무 친절해서 좋아요!!",,2025-03-27 10:05:18,37792495,장인닭갈비 강남점,naver,c120eb07-fe13-4515-875e-02a4abf0ce85
1671,67e5238120a5e37892f4b3c5,4kYdC,햇살이08,닭갈비는 장인닭갈비!넘 맛있어요!,,2025-03-27 10:05:18,37792495,장인닭갈비 강남점,naver,c120eb07-fe13-4515-875e-02a4abf0ce85
1672,67e5235ffb06881c12992f93,5miZf,kyoungjiwon,"맛있어요!! 😆
닭갈비 먹으러 맨날 오는곳이에요!
웨이팅 있어도 금방 들어왔어요~!!",,2025-03-27 10:05:18,37792495,장인닭갈비 강남점,naver,c120eb07-fe13-4515-875e-02a4abf0ce85
1673,67e523967dc9a6754d04206a,5oOSr,성하경45,음식이 맛있고 양도 많고 깔끔해여!!,,2025-03-27 10:00:29,37792495,장인닭갈비 강남점,naver,c120eb07-fe13-4515-875e-02a4abf0ce85
1674,67e521e60b0a5326e6833454,15uNR,유지8261,"리뷰이벤트
음료 신청해요
다른사람 리뷰보고 찾아왔어요.
대기중 음식보는데 침이 넘어가네요
맛있어보여요
잘먹을께요!",,2025-03-27 09:57:42,37792495,장인닭갈비 강남점,naver,c120eb07-fe13-4515-875e-02a4abf0ce85
1675,67e51cae437363612ea5f04b,2c1wMm,anj****,"After a long drive looking for a place to eat with my friend, I found this place. It was delicious. It was very crowded. I will come again later🤭☺️",,2025-03-27 09:29:33,37792495,장인닭갈비 강남점,naver,c120eb07-fe13-4515-875e-02a4abf0ce85
1676,67e51a078a4533d920a7734b,uz54,이쁜이1623,너무 맛있고 괜히 유명한게아닌듯하네요~!,,2025-03-27 09:08:00,37792495,장인닭갈비 강남점,naver,c120eb07-fe13-4515-875e-02a4abf0ce85
1677,67e51905723d4b30504b454d,4HwWi,서만쥬델리,비주얼도 좋고 너무 맛있어용!! 달달해서 더 중독성있는 맛이에요!,,2025-03-27 09:08:00,37792495,장인닭갈비 강남점,naver,c120eb07-fe13-4515-875e-02a4abf0ce85
1678,67e515eed7dc12b6b01c30c3,UCue,gpi****,닭갈비 맛집 방문 친철하고 맛있습니다,,2025-03-27 09:03:43,37792495,장인닭갈비 강남점,naver,c120eb07-fe13-4515-875e-02a4abf0ce85
1679,67e515d32da5bc1c8c6dd606,2bEkUX,zzu****,양 많고 맛있어용~~,,2025-03-27 09:03:43,37792495,장인닭갈비 강남점,naver,c120eb07-fe13-4515-875e-02a4abf0ce85
1680,67e51361ad222d799665c0e1,4byi7,ssuelenaa,너무 맛있어요!! 최고,,2025-03-27 08:52:03,37792495,장인닭갈비 강남점,naver,c120eb07-fe13-4515-875e-02a4abf0ce85
1681,67e513172255ba83d6df5cbf,5f5Ll,김민지638,양도 많고 딴데서 먹던 닭갈비랑은 구성도 들으러 넘 좋음 !,,2025-03-27 08:52:03,37792495,장인닭갈비 강남점,naver,c120eb07-fe13-4515-875e-02a4abf0ce85
1682,67e50e4827d10fd3997c6548,ayBP7,sun****,바로 입장해서 음식 빠르게 나왔어요,,2025-03-27 08:19:21,37792495,장인닭갈비 강남점,naver,c120eb07-fe13-4515-875e-02a4abf0ce85
1683,67e507f2e53b2a5647993dfa,41dZm,Ddk t,너무 맛있어요,,2025-03-27 07:59:40,37792495,장인닭갈비 강남점,naver,c120eb07-fe13-4515-875e-02a4abf0ce85
1684,67e551df5cc8aa95bcd5a161,2gIQd,내맘노이,"닭갈비도 맛있고, 볶음밥도 맛있어요.",,2025-03-27 06:34:13,37792495,장인닭갈비 강남점,naver,c120eb07-fe13-4515-875e-02a4abf0ce85
1685,67e4f6d1f6690542e5b84e29,AqRq,연기하는 좋은사람,n번째 방문입니다 ㅋㅋ 점심특선이 너무 가성비 굿이에요 ㅋㅋㅋ야채도 무한이라 좋아요 ㅋ,,2025-03-27 06:00:26,37792495,장인닭갈비 강남점,naver,c120eb07-fe13-4515-875e-02a4abf0ce85
1686,67e4d8d737e970a1b5436aae,axdfg,jaw****,닭갈비가 엄청 맛있었어요,,2025-03-27 04:47:04,37792495,장인닭갈비 강남점,naver,c120eb07-fe13-4515-875e-02a4abf0ce85
1687,67e4d3319b4bb626ae431a68,3chv3,tkdfkdrkwhr,왼전 맛잇습니다 굿굿 추천이요~,,2025-03-27 04:15:47,37792495,장인닭갈비 강남점,naver,c120eb07-fe13-4515-875e-02a4abf0ce85
1688,67e4d3431e9e1a21efe2d868,119G8,junibibi,다 익혀서 나오니까 좋아요! 치즈가 듬뿍 추가되어 있어서 메뉴구성도 좋은거 같아요! 맛도 있구~ 셀프프바에 야채들도 신선하네여,,2025-03-27 03:47:50,37792495,장인닭갈비 강남점,naver,c120eb07-fe13-4515-875e-02a4abf0ce85
1689,67e4c74fa53663511b83afd6,2cF9rq,jeab1910,맛있어요.  👍,,2025-03-27 03:16:57,37792495,장인닭갈비 강남점,naver,c120eb07-fe13-4515-875e-02a4abf0ce85
1690,67e4c659164b96e5ddcdfe15,372Tp,eric1195,,,2025-03-27 03:16:57,37792495,장인닭갈비 강남점,naver,c120eb07-fe13-4515-875e-02a4abf0ce85
1691,67e4baf1d0ae583498ee99c8,6LdWy,koh****,,,2025-03-27 02:38:00,37792495,장인닭갈비 강남점,naver,c120eb07-fe13-4515-875e-02a4abf0ce85
1692,67e4bc0528d4ad0d04477e9a,emRpl,luc****,닭갈비 양도 푸짐하고 맛있어요!! 점심에 공간도 넓어서 추천합니다!!,,2025-03-26 13:29:41,37792495,장인닭갈비 강남점,naver,c120eb07-fe13-4515-875e-02a4abf0ce85
1693,67e4bb7281ad5544b5371ba1,1XJ7r,9대현,맛있게 잘 먹었습니다 감사합니다 번창하세요,,2025-03-26 13:25:06,37792495,장인닭갈비 강남점,naver,c120eb07-fe13-4515-875e-02a4abf0ce85
1694,67e3fe0bb82638eccd6fa8ce,d1daM,tae****,너무 맛있어요,,2025-03-26 13:14:15,37792495,장인닭갈비 강남점,naver,c120eb07-fe13-4515-875e-02a4abf0ce85
1695,67e3f82c9c5d184dde88600f,81src,chloe8855,너무 맛잇어요! 단골이에요 ㅎㅎ 또 방문할게요!^^ 감사합니당!!,,2025-03-26 12:25:37,37792495,장인닭갈비 강남점,naver,c120eb07-fe13-4515-875e-02a4abf0ce85
1696,67e3f3f405e8d0fea70395fb,65kgY,rkt****,너무맛잇어용🩷🩷,,2025-03-26 12:20:36,37792495,장인닭갈비 강남점,naver,c120eb07-fe13-4515-875e-02a4abf0ce85
1697,67e3ec0005379307b27711e9,2ej8C,운디38,믿고 먹는 장인닭갈비 !!!,,2025-03-26 11:52:54,37792495,장인닭갈비 강남점,naver,c120eb07-fe13-4515-875e-02a4abf0ce85
1698,67e3e169097de3bb65ea4db7,d1mes,나나냐냐냠,"매운맛으로 시켰는데 너무 매워서 혼났어요 ㅋㅋㅋㅋㅋ 맛은 평범해요. 비싸기도 하고, 꼭 찾아와서 먹을 맛은 아님. 강남 근처에서 닭갈비 먹고 싶으면 와도 될 거 같은 그런 무난한 맛. 영수증 리뷰 적으면 음료수 1개 무료로 제공🩷",,2025-03-26 11:06:39,37792495,장인닭갈비 강남점,naver,c120eb07-fe13-4515-875e-02a4abf0ce85
1699,67e3d2cccb8f5b3239f18025,2wTlD,심통41,참 맛있습니다. 감사합니다.,,2025-03-26 10:05:27,37792495,장인닭갈비 강남점,naver,c120eb07-fe13-4515-875e-02a4abf0ce85
1700,67e3bfe7366c28cf0257352e,2cXIKB,수지866137,너무너무 맛있고 치즈가 진짜 미쳤어요 ❤️❤️ 다음에 또 방문할게요 !!,,2025-03-26 08:37:27,37792495,장인닭갈비 강남점,naver,c120eb07-fe13-4515-875e-02a4abf0ce85
1701,67e3c01a78fb094dd6551192,goBW,소 피아,"양 대혜자하고 늠마 마싯네요,,, 비쥬얼도 체고입니다 🔥🔥 모듬사리 추가 필수입니닷",,2025-03-26 08:17:07,37792495,장인닭갈비 강남점,naver,c120eb07-fe13-4515-875e-02a4abf0ce85
1702,67e3b1e7552bd468f7501784,34Yn7,12345889274,너무맛있어요. 유명한거이는 이유가 있네요,,2025-03-26 07:30:19,37792495,장인닭갈비 강남점,naver,c120eb07-fe13-4515-875e-02a4abf0ce85
1703,67e3abab793726a74c2deacf,4cTOw,혀니링닝,여기 신림에서 자주가는데 강남점도 최고넹요 ㅎㅎ 짱맛있어욤,,2025-03-26 07:20:34,37792495,장인닭갈비 강남점,naver,c120eb07-fe13-4515-875e-02a4abf0ce85
1704,67e39ddc103c82ffa422ff2b,aZrRD,whd****,너무맛있어요~~~!!!! 다음에또올께요!,,2025-03-26 06:05:10,37792495,장인닭갈비 강남점,naver,c120eb07-fe13-4515-875e-02a4abf0ce85
1705,67e389d7c5e9c2312a1cc18f,cB5cg,nun****,"닭갈비 맛있고 점심세트 먹으니까 가성비가 넘 좋아요!!
쌈채소도 직접 계속 가져다먹을 수 있어서 넘 좋더라구요
닭갈비 생각날 때마다 와야겠어요",,2025-03-26 04:49:50,37792495,장인닭갈비 강남점,naver,c120eb07-fe13-4515-875e-02a4abf0ce85
1706,67e37d41ad99359c46c10aad,4HEkj,마음에안들어,맛있어요 재재방문입니다 ~~,,2025-03-26 03:54:14,37792495,장인닭갈비 강남점,naver,c120eb07-fe13-4515-875e-02a4abf0ce85
1707,67e37609f45e3a64293b68b1,17Kbt,시니2690,"오랜만에 강남역에 볼일이 있어서 들렀다가 왔어요!
매장도 넓고 맛있도 좋아요~~!",,2025-03-26 03:25:36,37792495,장인닭갈비 강남점,naver,c120eb07-fe13-4515-875e-02a4abf0ce85
1708,67e374cb613b31200a21afa4,5KNhk,인화푸르넷,맛있어요!!,,2025-03-26 03:25:10,37792495,장인닭갈비 강남점,naver,c120eb07-fe13-4515-875e-02a4abf0ce85
1709,67e3727384c1762251d4eb85,Aoux,doh****,너무 맛있어요 !!! 재방문할거에요 ~~,,2025-03-26 03:11:06,37792495,장인닭갈비 강남점,naver,c120eb07-fe13-4515-875e-02a4abf0ce85
1710,67e36eb19f65f48d6889ba4c,4ySkB,x10037,맛있습니다,,2025-03-26 03:02:00,37792495,장인닭갈비 강남점,naver,c120eb07-fe13-4515-875e-02a4abf0ce85
1711,67e36de654ca13f7470da242,3qZzQ,밤비쏘,맛있고 직원분들도 친절하세요! 라면사리 무조건하세요 ㅎㅎ,,2025-03-26 02:56:18,37792495,장인닭갈비 강남점,naver,c120eb07-fe13-4515-875e-02a4abf0ce85
1712,67e36d810e4910a71fe75986,2Bn8b,윤준맘9,맛있어요,,2025-03-26 02:48:41,37792495,장인닭갈비 강남점,naver,c120eb07-fe13-4515-875e-02a4abf0ce85
1713,67e36a0105e8d0fea79aff3f,5axLE,뚜기1267,"매장크고 쾌적하고 가성비좋고 맛있어요!!!!!
오랜만에 언니랑 맛있는 닭갈비 먹었습니다 👍",,2025-03-25 14:32:31,37792495,장인닭갈비 강남점,naver,c120eb07-fe13-4515-875e-02a4abf0ce85
1714,67e2a3f7be65fee61add2407,42QXF,dpq11,"닭갈비 너무 맛있어요!
저녁 9시 30분경에 방문했는데도 손님이 가득가득 했습니당! 외국인들이 많이 방문하는 맛집이라 그런지 보통맛도 전혀 안매운것 같아요! 
매운거 좋아하시면 매운맛 드셔보셔도 괜찮을 것 같습니다~!!",,2025-03-25 12:23:54,37792495,장인닭갈비 강남점,naver,c120eb07-fe13-4515-875e-02a4abf0ce85
1715,67e29ce7748f84ffc269a644,6t9Ht,쭌쭈니11,두번째 방문 맛있어요 ~,,2025-03-25 12:03:12,37792495,장인닭갈비 강남점,naver,c120eb07-fe13-4515-875e-02a4abf0ce85
1716,67e295cfae0985ffb85b4553,7G1P2,vlv****,"#강남역 맛집
정말 맛있게 잘 먹었습니다 맛집 인정입니다!!",,2025-03-25 11:25:17,37792495,장인닭갈비 강남점,naver,c120eb07-fe13-4515-875e-02a4abf0ce85
1717,67e28b078e4c5d3316a774a0,dLb48,wjd****,ㄹㅇ 강남 맛집인듯,,2025-03-25 10:44:24,37792495,장인닭갈비 강남점,naver,c120eb07-fe13-4515-875e-02a4abf0ce85
1718,67e28a63c6430b5b64fd038b,2A1lW,yes60,가족여행후 집에 가는길 만장일치로 선택된 장인닭갈비. 오늘도 맛있게 잘 먹겠습니다!!! 👍🏻,,2025-03-25 10:44:24,37792495,장인닭갈비 강남점,naver,c120eb07-fe13-4515-875e-02a4abf0ce85
1719,67e282c4ae0985ffb84bcddd,e0byc,유유유웅유웅,강남 오면 한번씩 들리기 좋지요~,,2025-03-25 10:12:29,37792495,장인닭갈비 강남점,naver,c120eb07-fe13-4515-875e-02a4abf0ce85
1720,67e282c0271a2d8403cc689d,dSs4i,ddaaahye,강남 최고 닭갈비 맛집!여러 지점있는데 강남점이 최고!,,2025-03-25 10:12:29,37792495,장인닭갈비 강남점,naver,c120eb07-fe13-4515-875e-02a4abf0ce85
1721,67e27da59ee8ece277360df8,8Jla7,sil****,귣,,2025-03-25 09:49:35,37792495,장인닭갈비 강남점,naver,c120eb07-fe13-4515-875e-02a4abf0ce85
1722,67e27c7d6a183a89e6be0863,2Fy03,Dorini,"평일인데도 사람이 많아서 좀 기다렸다가 들어왔어요! 무난한 치즈닭갈비 맛인데, 사실 닭갈비가 맛없기가 어렵잖아요! 딱히 모난 곳 없는 맛있는 닭갈비였어요~",,2025-03-25 09:44:55,37792495,장인닭갈비 강남점,naver,c120eb07-fe13-4515-875e-02a4abf0ce85
1723,67e2877997c86a390089bf03,cCeE,dhddhdd,"진짜 맛있어요!! 장인닭갈비에 장인볶음밥 코스가 진리임.
셀프바에서 양배추샐러드랑 쌈무 꼭 가져오세요 ㅎㅎ
매장도 넓어도 여럿이오기도 좋았어요. 또오고싶은 집!",,2025-03-25 09:28:22,37792495,장인닭갈비 강남점,naver,c120eb07-fe13-4515-875e-02a4abf0ce85
1724,67e2772ced867f82d953d7d0,3HBP6,체리초코바닐라,진짜맛있어용 ❤️🧡💛💚💙💜💖,,2025-03-25 09:24:19,37792495,장인닭갈비 강남점,naver,c120eb07-fe13-4515-875e-02a4abf0ce85
1725,67e273041e7306355ba3d4f3,2XFBS,익옥악,일단 먹느라 아름다운 사진 찍는 걸 놓쳤네요. 닭갈비 맛있고 치즈도 엄청 양 많습니다. 닭갈비 생각날 때마다 오는 곳이예요! 6시 넘으니까 테이블 거의 차네요.,,2025-03-25 09:06:55,37792495,장인닭갈비 강남점,naver,c120eb07-fe13-4515-875e-02a4abf0ce85
1726,67e2752907da9e88da81be71,85LP4,푸한181,맛있게 잘 먹었습니다! 다음에 또 방문할 의사가 생길만큼 만족했어요ㅎ,,2025-03-25 09:04:16,37792495,장인닭갈비 강남점,naver,c120eb07-fe13-4515-875e-02a4abf0ce85
1727,67e27353257324526277e219,2bCfbJ,배우이진영,너무 맛있어요. 또 왔습니다. 든든한 저녁을 먹어서 기분이 좋아요. 강추합니다.,,2025-03-25 09:04:16,37792495,장인닭갈비 강남점,naver,c120eb07-fe13-4515-875e-02a4abf0ce85
1728,67e275eef3278acabe332dcd,2bvqNz,jul****,역시 강남역 맛집🤎 너무너무 맛있어요! 데이트하거나 친구들이랑 오기 딱 좋습니다! 또 올게용ㅎㅎ😋,,2025-03-25 08:34:43,37792495,장인닭갈비 강남점,naver,c120eb07-fe13-4515-875e-02a4abf0ce85
1729,67e26f1d2116f7bfb5eb6aa9,16InX,아로ㅁ2,닭갈비 하면 장인닭갈비져☺️ 쫀맛탱 추천입니닷👍,,2025-03-25 08:34:43,37792495,장인닭갈비 강남점,naver,c120eb07-fe13-4515-875e-02a4abf0ce85
1730,67e24e2b909e1a4bf07801a5,ctliT,suh****,양이 많고 맛있어요😚❤️,,2025-03-25 06:29:55,37792495,장인닭갈비 강남점,naver,c120eb07-fe13-4515-875e-02a4abf0ce85
1731,67e240b7a4c6ea846ccb7798,8anHp,박윤수4289,친구랑 와서 맛있게 먹었습니다 🥹🥹,,2025-03-25 05:23:11,37792495,장인닭갈비 강남점,naver,c120eb07-fe13-4515-875e-02a4abf0ce85
1732,67e2409990a632e5007823ee,ayrPX,qaz****,먹기 편하고 맛있어요,,2025-03-25 05:23:11,37792495,장인닭갈비 강남점,naver,c120eb07-fe13-4515-875e-02a4abf0ce85
1733,67e234f06e47e7cc09f84785,3fKmF,수영이박,최애닭갈비집입니다 최고에요 사람마나영,,2025-03-25 04:36:17,37792495,장인닭갈비 강남점,naver,c120eb07-fe13-4515-875e-02a4abf0ce85
1734,67e2345fcd87d568eefccfe5,1no8s,gudrl0922,1주일간격으로 강남에 있을때 매번방문해요 맛있어영,,2025-03-25 04:36:17,37792495,장인닭갈비 강남점,naver,c120eb07-fe13-4515-875e-02a4abf0ce85
1735,67e23267b0ddb1ca21c3032b,6lUao,hyu****,맛있게 먹고갑니당~,,2025-03-25 04:25:53,37792495,장인닭갈비 강남점,naver,c120eb07-fe13-4515-875e-02a4abf0ce85
1736,67e2779796904427447cdbec,1A7Q9,3916652,"와~ 진짜 맛있어요.
치즈랑 같이 먹으니 개꿀맛!",,2025-03-25 03:22:12,37792495,장인닭갈비 강남점,naver,c120eb07-fe13-4515-875e-02a4abf0ce85
1737,67e276f4989bcbca60c701ad,3HlCo,suhyunij,"간만에 먹는거라 완전 맛있네요. 

양도 많고. 직원도 친절하네요.",,2025-03-25 03:22:12,37792495,장인닭갈비 강남점,naver,c120eb07-fe13-4515-875e-02a4abf0ce85
1738,67e22012440bfbfb7cfca906,2oy1j,lbi53205,,,2025-03-25 03:11:36,37792495,장인닭갈비 강남점,naver,c120eb07-fe13-4515-875e-02a4abf0ce85
1739,67e2ab6fc5ae941971d38c8f,598Yy,하얀사자886,너무 맛잇고 친절해요!,,2025-03-25 03:04:42,37792495,장인닭갈비 강남점,naver,c120eb07-fe13-4515-875e-02a4abf0ce85
1740,67e21c6d882a7cbac80c3112,1abzU,Chaos90,"지인과 같이 와서 맛있게 먹기 좋은 곳입니다.
잘 먹었습니다.",,2025-03-25 02:55:33,37792495,장인닭갈비 강남점,naver,c120eb07-fe13-4515-875e-02a4abf0ce85
1741,67e21a8b46373a08bc6b001e,15W9y,loapapa,완전 맛있습니다. 직원들친절하시고요,,2025-03-25 02:39:20,37792495,장인닭갈비 강남점,naver,c120eb07-fe13-4515-875e-02a4abf0ce85
1742,67e14b7cb764d3e602cb82ec,2AO72,서영51,맛있어요!!!!,,2025-03-24 11:57:25,37792495,장인닭갈비 강남점,naver,c120eb07-fe13-4515-875e-02a4abf0ce85
1743,67e145be2e0f3f0e55bba80c,a3I4Q,kim****,맛이 좋고 쌈채소가 많아서 좋았어요,,2025-03-24 11:42:02,37792495,장인닭갈비 강남점,naver,c120eb07-fe13-4515-875e-02a4abf0ce85
1744,67e1432063df4c6439eb3fa5,7Wu2a,ing****,"중간맛이 생각보다 맵ㅁ질이한텐 맵네요 
근데 맛잇어요 굿",,2025-03-24 11:30:52,37792495,장인닭갈비 강남점,naver,c120eb07-fe13-4515-875e-02a4abf0ce85
1745,67e13f3ae79cc8be65759b3f,aBpeY,지연d,양이 너무 푸짐해요 짱,,2025-03-24 11:11:26,37792495,장인닭갈비 강남점,naver,c120eb07-fe13-4515-875e-02a4abf0ce85
1746,67e13e60e287738eb3d0672f,6Q316,cls****,"강남역 방문때마다 꼭 먹는 장인닭갈비인데
역시 맛이 변하지 않았군요
꼭 치즈 넣어서 라면사리랑 함께 드세요
짱맛입니다 ❤️",,2025-03-24 11:03:02,37792495,장인닭갈비 강남점,naver,c120eb07-fe13-4515-875e-02a4abf0ce85
1747,67e135678a860a9fccb04aaa,4v36C,팥빙수5878,#JMT,,2025-03-24 10:29:25,37792495,장인닭갈비 강남점,naver,c120eb07-fe13-4515-875e-02a4abf0ce85
1748,67e1353077d5b7c0ffe4a0bd,1oZi7,pup****,너무 맛있습니다~~,,2025-03-24 10:29:25,37792495,장인닭갈비 강남점,naver,c120eb07-fe13-4515-875e-02a4abf0ce85
1749,67e135761332ae5a242820ae,9UjcY,yoo****,주변에서 놀다가 너무 힘들어서 왔는데 너무 맛있어요 !! 다음에 또 올게요 @.@ 🪽♥️,,2025-03-24 10:27:44,37792495,장인닭갈비 강남점,naver,c120eb07-fe13-4515-875e-02a4abf0ce85
1750,67e134a228d29c8884df5b91,77Tev,did****,사람 엄청 많더라구요! 회전율 빠르고 너무 맛있고 음식도 빨리 나와요,,2025-03-24 10:27:44,37792495,장인닭갈비 강남점,naver,c120eb07-fe13-4515-875e-02a4abf0ce85
1751,67e11959c8a4dc02c9331cf3,2ZQTy,YOOY,장인닭갈비 매주와서 먹어줘야하는곳 ❤️❤️ 볶음밥을 위해 사리추가안했어용 ㅎㅎㅎㅎ 강남점 최고에용 오래영업해주세요!!,,2025-03-24 08:20:43,37792495,장인닭갈비 강남점,naver,c120eb07-fe13-4515-875e-02a4abf0ce85
1752,67e12a2486b97ff486598627,cHb72,달콤한빈말,사장님~ 오늘 직장 동료랑 왔습니다. 아끼는 동생이라 평소 좋아하던 닭갈비 집으로 데려왔지요. 사리 추가하고 닭갈비 먹으니 완전 최고!! 치즈도 맛있고 양념도 잘 배어있습니다. 사장님 또 오겠습니다. 대박나세요!!,,2025-03-24 07:56:49,37792495,장인닭갈비 강남점,naver,c120eb07-fe13-4515-875e-02a4abf0ce85
1753,67e1298ae21e496536a09332,2Us16,평인,좋아요 맛나요 항상 평타이상,,2025-03-24 07:31:16,37792495,장인닭갈비 강남점,naver,c120eb07-fe13-4515-875e-02a4abf0ce85
1754,67e101e0d6835117e369afb2,2rmFl,현9997,맛있어요~~ 먹기 좋게 구분되어있어서 좋아요😁👍,,2025-03-24 06:36:58,37792495,장인닭갈비 강남점,naver,c120eb07-fe13-4515-875e-02a4abf0ce85
1755,67e101bd363275b09238828b,l3u6,dks****,"맛있게 잘 먹었습니다! 
양도 많고 치즈도 많아요!",,2025-03-24 06:36:58,37792495,장인닭갈비 강남점,naver,c120eb07-fe13-4515-875e-02a4abf0ce85
1756,67e0dfb11d34e54daa777801,59nEN,loooon,존맛입니다!!!,,2025-03-24 04:14:47,37792495,장인닭갈비 강남점,naver,c120eb07-fe13-4515-875e-02a4abf0ce85
1757,67e0d55aa3ca18b23cce17a3,1zjLx,으아아69,"달달하고 맛있습니다^^
치즈 별로 안좋아하는데 맛있네요",,2025-03-24 03:21:50,37792495,장인닭갈비 강남점,naver,c120eb07-fe13-4515-875e-02a4abf0ce85
1758,67e0d4689f64c45ab91aa12d,bGI1y,리안8713,"맛있어요^^
짜지않고 간도 딱 좋구 치즈랑 조합이 좋네요🥰🥰❤️❤️",,2025-03-24 03:21:50,37792495,장인닭갈비 강남점,naver,c120eb07-fe13-4515-875e-02a4abf0ce85
1759,67e10138b8a5e868bb7c06a4,c1CZl,박지민5754,"양도 많고 배불러요!
점심 세트로 치즈까지 가성비있게 먹었습니다!
데이트하기도 딱이고 다음에 또 올 것 같아요!",,2025-03-24 03:21:21,37792495,장인닭갈비 강남점,naver,c120eb07-fe13-4515-875e-02a4abf0ce85
1760,67e128749913e57e9d3350cf,4Bsrr,쩝9962,음식이 진짜 섹시해요 쌈 싸먹으면 씹존맛 ❤️❤️❤️❤️,,2025-03-24 03:20:21,37792495,장인닭갈비 강남점,naver,c120eb07-fe13-4515-875e-02a4abf0ce85
1761,67e128566bafd274928c36e9,5GLEQ,소연891,"친구랑 먹으러왔는데 닭갈비 맛있어요!!!
치즈 추가 무조건 추천합니다😁",,2025-03-24 03:20:21,37792495,장인닭갈비 강남점,naver,c120eb07-fe13-4515-875e-02a4abf0ce85
1762,67e12e7bbe65fee61af37de5,34uEY,뿌뿌뿌61,중간맛으로 시켰는데 꽤 매워요! 쌈이랑 샐러드랑 먹으니까 더 맛나요~~ 다시 올것같아요!,,2025-03-24 03:20:06,37792495,장인닭갈비 강남점,naver,c120eb07-fe13-4515-875e-02a4abf0ce85
1763,67e0e86cda96086df513b5b0,3QeWj,ksy****,깔끔하고 맛잇어용^^가성비굳,,2025-03-24 03:12:30,37792495,장인닭갈비 강남점,naver,c120eb07-fe13-4515-875e-02a4abf0ce85
1764,67dff3017adf298666ac4b25,7lgJE,cat****,"너무너무너무 맛있어요!오램만에 왓는데 맛 그대로!!! 
또 올게요 ~~~",,2025-03-23 11:30:49,37792495,장인닭갈비 강남점,naver,c120eb07-fe13-4515-875e-02a4abf0ce85
1765,67dff36a14a6822149eb6d84,38UcM,산들46,,,2025-03-23 11:29:40,37792495,장인닭갈비 강남점,naver,c120eb07-fe13-4515-875e-02a4abf0ce85
1766,67dff2619d154140bb201e50,3277r,고귀리,맛있어요!!,,2025-03-23 11:29:40,37792495,장인닭갈비 강남점,naver,c120eb07-fe13-4515-875e-02a4abf0ce85
1767,67dfdf5f5354821f3c0717e8,2cR5rs,phu****,잘 먹었음,,2025-03-23 09:57:55,37792495,장인닭갈비 강남점,naver,c120eb07-fe13-4515-875e-02a4abf0ce85
1768,67dfdd8a8b26555a6eff95d9,2d0LGX,haz****,,,2025-03-23 09:57:55,37792495,장인닭갈비 강남점,naver,c120eb07-fe13-4515-875e-02a4abf0ce85
1769,67dfdcde4074b75ca7ab94b4,6DLJh,pooo522,닭갈비 맛있어요😋😋😋 강남역 맛집 인정…🤤,,2025-03-23 09:57:55,37792495,장인닭갈비 강남점,naver,c120eb07-fe13-4515-875e-02a4abf0ce85
1770,67dfda231f4bc5993f7a1660,4fBSz,Chan6,넘 맛있어요💚🐔,,2025-03-23 09:52:00,37792495,장인닭갈비 강남점,naver,c120eb07-fe13-4515-875e-02a4abf0ce85
1771,67e00a97604513d8085bfa8b,oh1Q,고냥이야기79,최근에 먹은 닭갈비중에 제일 맛있어요…! 지나가다 사람이 많이있어서 둘어왔는데 맛집이네요👍🏻,,2025-03-23 09:42:23,37792495,장인닭갈비 강남점,naver,c120eb07-fe13-4515-875e-02a4abf0ce85
1772,67dfd4d7c00d9468806da22d,40GX4,굿밤78,소오오오올직히 강남역에서 닭갈비 제일 맛있어여,,2025-03-23 09:28:03,37792495,장인닭갈비 강남점,naver,c120eb07-fe13-4515-875e-02a4abf0ce85
1773,67dfd0f7014a1759a796ce6d,3d9Vn,이쁘니6866,,,2025-03-23 09:09:16,37792495,장인닭갈비 강남점,naver,c120eb07-fe13-4515-875e-02a4abf0ce85
1774,67dfcba2f10af9918b887872,2jXyp,NhyEoN,"역시 믿고 먹는 장인닭갈비 !!
사람많지만 회전율 빠르고 직원분들이 친절해요👍🏻",,2025-03-23 08:45:32,37792495,장인닭갈비 강남점,naver,c120eb07-fe13-4515-875e-02a4abf0ce85
1775,67dfc91e86b97ff486806809,3L6zL,JYH00,"여자친구랑 자주 방문하는 단골 닭갈비 집이네요^^
오늘도 맛있게 먹고 가네요👏",,2025-03-23 08:31:16,37792495,장인닭갈비 강남점,naver,c120eb07-fe13-4515-875e-02a4abf0ce85
1776,67dfda9171972a270f675d5f,4w8Zc,ㅈㅇ4,닭갈비 양이 많고 맛있어요~~ 매장도 좁지 않고 친절하시고 좋았습니다,,2025-03-23 07:31:34,37792495,장인닭갈비 강남점,naver,c120eb07-fe13-4515-875e-02a4abf0ce85
1777,67dfdaf2d234abbf920bf8e9,5vpAF,파채,"강남 오면 무조건 방문하는 맛집🥹
항상 넘 맛있어요",,2025-03-23 07:31:29,37792495,장인닭갈비 강남점,naver,c120eb07-fe13-4515-875e-02a4abf0ce85
1778,67dfb1396a183a89e602c74c,2cQCIg,tho****,amazing place to dine in. Just walked in and the service along with the food was amazing.,,2025-03-23 06:40:17,37792495,장인닭갈비 강남점,naver,c120eb07-fe13-4515-875e-02a4abf0ce85
1779,67dfaca9c220854aa9e1eca8,cLQIo,cut****,닭갈비 첨 먹어보는데 진짜 너무 맛있네요 강남역 닭갈비 하면 무조건 여기다!!,,2025-03-23 06:32:17,37792495,장인닭갈비 강남점,naver,c120eb07-fe13-4515-875e-02a4abf0ce85
1780,67dfccb6e52f1a5ab1c92a4b,3mKSx,챔염,"오랜만에 왔는데 역시나 맛있어요
근데 닭고기 양이 너무너무너무너무 적어요ㅠ",,2025-03-23 05:29:03,37792495,장인닭갈비 강남점,naver,c120eb07-fe13-4515-875e-02a4abf0ce85
1781,67dff9068a4ec2d02cbec196,cw9Oj,안태현76,닭갈비가 너무 맛있고 사람이 북적이는 분위기가 너무 좋고 강남역 맛집 1등이에요!!,,2025-03-23 05:27:46,37792495,장인닭갈비 강남점,naver,c120eb07-fe13-4515-875e-02a4abf0ce85
1782,67df96cd1913b5806536a387,7C6VC,혜나콩,두번째방문인데 그때는 웨이팅이잇엇서엽 2시점심시간이었는데 오늘도 몇자리빼고는 바로 들어갓습니다! 4인이면 웨이팅이조금 잇어요 ! 치즈닭갈비 맛잇규 볶음밥우로 꼭드세용,,2025-03-23 05:03:37,37792495,장인닭갈비 강남점,naver,c120eb07-fe13-4515-875e-02a4abf0ce85
1783,67df9b1db8d52f35a8d70038,3rwH1,어린숭어,맛있어요,,2025-03-23 04:59:17,37792495,장인닭갈비 강남점,naver,c120eb07-fe13-4515-875e-02a4abf0ce85
1784,67df8b5e3742440dcc7300be,1Pi2l,원킥,양도 많고 맛있어요!,,2025-03-23 03:36:04,37792495,장인닭갈비 강남점,naver,c120eb07-fe13-4515-875e-02a4abf0ce85
1785,67df8b3928f8327aa94f830d,4cHdN,sua****,닭갈비가 자극적이지가 않고 슴슴한 맛이네요 김치는 없어요,,2025-03-23 03:36:04,37792495,장인닭갈비 강남점,naver,c120eb07-fe13-4515-875e-02a4abf0ce85
1786,67e2569490a632e5008929ea,c1pNy,viv****,남편이랑 연애 때부터 최애 강남맛집이에요! 닭갈비가 너무너무 맛있어서 여기만 옵니다ㅎㅎ 다른 장인 지점도 가봤지만 강남이 짱이에요!! 고기가 국내산에 잡내 없는 담백한 고기에 치즈가 존맛이에요!!! 라면 사리랑 같이 고기를 치즈에 말아먹을 때 맛의 풍미가 더 좋아요!!!❤️ 가성비도 좋고 양도 많고 저의 최애 강남맛집 추천!!!,,2025-03-23 03:35:53,37792495,장인닭갈비 강남점,naver,c120eb07-fe13-4515-875e-02a4abf0ce85
1787,67df8c0b416f9a7d0c2fdd9c,6CEBA,혜현71,자주 오는 곳인데 역시 닭갈비중 짱입니당!!,,2025-03-23 03:35:53,37792495,장인닭갈비 강남점,naver,c120eb07-fe13-4515-875e-02a4abf0ce85
1788,67dff721386ddac09677938e,eAIEV,ky****,너무 맛있습니다 :),,2025-03-23 03:33:24,37792495,장인닭갈비 강남점,naver,c120eb07-fe13-4515-875e-02a4abf0ce85
1789,67dfc1c008dbc1556be9bcb8,6a0wn,kmu****,매운 맛으로 시켰는데 감칠맛 나고 너무 맛있네용! 다음에는 치즈 사리 무조건 추가해서 볶음밥까지 해먹을 계획임다,,2025-03-23 03:30:40,37792495,장인닭갈비 강남점,naver,c120eb07-fe13-4515-875e-02a4abf0ce85
1790,67df8e8fb7375bd0bb9a4062,3GVTu,마포구2873,맛있어요~ 잘먹었습니다!,,2025-03-23 03:28:53,37792495,장인닭갈비 강남점,naver,c120eb07-fe13-4515-875e-02a4abf0ce85
1791,67dfc6263af57064367571d2,3f94R,nanaberry94,"오.. 중간맛으로 먹는데 맵찔이는 맵네요..!! 
근데 넘 맛있어요! 우동사리랑 떡사리 추가했는데 맛있다~~~! 이러면서 먹고있어요! 
사람도 진짜 많고 맛집인가봐요!",,2025-03-23 03:26:00,37792495,장인닭갈비 강남점,naver,c120eb07-fe13-4515-875e-02a4abf0ce85
1792,67dfdae12da5bc1c8c439e34,8sFXR,tpaekd,양도 많고 맛있어요!! 장인닭갈비 믿고 와요,,2025-03-23 03:18:00,37792495,장인닭갈비 강남점,naver,c120eb07-fe13-4515-875e-02a4abf0ce85
1793,67dff6a6572ff95b83b3babb,bVf6l,서림95,"치즈가 다 먹을 때까지도 안 굳고 아주 맛있어요.ᐟ.ᐟ.ᐟ
강남역 맛집!",,2025-03-23 03:16:00,37792495,장인닭갈비 강남점,naver,c120eb07-fe13-4515-875e-02a4abf0ce85
1794,67dfdadf3db44378de663877,6v7aG,박예은4120,"직원분들 전부 친절해서 좋아요!!
맛도 예전 그대로라 좋았어요!",,2025-03-23 03:16:00,37792495,장인닭갈비 강남점,naver,c120eb07-fe13-4515-875e-02a4abf0ce85
1795,67df91772b35b600f6bd3d1d,np0e,뱅규88,자주옵니다 맛있어요,,2025-03-23 03:15:40,37792495,장인닭갈비 강남점,naver,c120eb07-fe13-4515-875e-02a4abf0ce85
1796,67df81798f516fa7a7619da8,crABy,하은4539,양도 많고 비린맛 하나도 안나용 진짜 너무 맛있어요🫶🫶🥹 직원분들도 착하시고 일도 잘하셔서 좋습니당,,2025-03-23 03:15:40,37792495,장인닭갈비 강남점,naver,c120eb07-fe13-4515-875e-02a4abf0ce85
1797,67dff6ff856c0933cdcce6ef,4nj0m,im****,"우리집 단골맛집
강남역 맛집",,2025-03-23 03:14:11,37792495,장인닭갈비 강남점,naver,c120eb07-fe13-4515-875e-02a4abf0ce85
1798,67dfd6edaf365a5457396523,3NGYv,아6716,맛있게 잘 먹었습니다!!,,2025-03-23 03:14:03,37792495,장인닭갈비 강남점,naver,c120eb07-fe13-4515-875e-02a4abf0ce85
1799,67dfda0b32980dc170052cf4,38Chd,핑팬47,맛있게 먹었습니당~!,,2025-03-23 03:10:59,37792495,장인닭갈비 강남점,naver,c120eb07-fe13-4515-875e-02a4abf0ce85
1800,67dfd9d3704bd150b37c7db9,3rVoE,도련48,장안 닭갈비 또 왔습니다! 강남에서 제일 맛있는 맛집이라 다음에도 올 예정입니다 치즈 제발 추가해서 먹어주세요 제발제발,,2025-03-23 03:10:42,37792495,장인닭갈비 강남점,naver,c120eb07-fe13-4515-875e-02a4abf0ce85
1801,67dfdaa4b85dcd8f5b7fedc3,6L3jI,써볼게요,유명한 이유가있음 먹어봐요들,,2025-03-23 03:09:18,37792495,장인닭갈비 강남점,naver,c120eb07-fe13-4515-875e-02a4abf0ce85
1802,67df84c6ddd110c5ae435b4e,6fiC4,리뷰허,"보기만 해도 먹음직스러워요!
맛도 정말 훌륭해요
가족 모임 성공적!",,2025-03-23 03:00:02,37792495,장인닭갈비 강남점,naver,c120eb07-fe13-4515-875e-02a4abf0ce85
1803,67dfccdb3d0113d4bd17972b,bWx0D,오월5971,처음 와본 곳인데 맛있어요! 강남 오면 나중에 또 올 것 같아여! 맛있어서 추천합니다 :),,2025-03-23 03:00:00,37792495,장인닭갈비 강남점,naver,c120eb07-fe13-4515-875e-02a4abf0ce85
1804,67df7a8f2eab79557d89dd0a,7Mof4,매화환이,양도 많고 너무 맛있어요!!!,,2025-03-23 02:57:55,37792495,장인닭갈비 강남점,naver,c120eb07-fe13-4515-875e-02a4abf0ce85
1805,67df84b27155f26046df30f5,a8VhD,최우식정기석,너무 맛있어요!!!!!! 최고에요!!!!,,2025-03-23 02:58:09,37792495,장인닭갈비 강남점,naver,c120eb07-fe13-4515-875e-02a4abf0ce85
1806,67df8409f9b4ef79ee0ce2c7,4TiSC,허윤지90,맛이 진해서 맛있었습니다! 주말 점심이었는데 대기 없이 바로 입장할 수 있어서 좋았어용,,2025-03-23 02:55:38,37792495,장인닭갈비 강남점,naver,c120eb07-fe13-4515-875e-02a4abf0ce85
1807,67df9b2e8fc8f6f34aaa0a93,1RqUs,없음4231,맛있어요!,,2025-03-23 02:42:26,37792495,장인닭갈비 강남점,naver,c120eb07-fe13-4515-875e-02a4abf0ce85
1808,67df98b8738484fc48d7500c,135W7,birthcake,,,2025-03-23 02:42:26,37792495,장인닭갈비 강남점,naver,c120eb07-fe13-4515-875e-02a4abf0ce85
1809,67df9869ec6ec8fc57245034,5nfvw,hohon,국내산 닭고기여서 믿고 먹을 수 있어서 장인닭갈비만 옵니다 무쌈도 있어서 맛있게 먹었습니다,,2025-03-23 02:40:40,37792495,장인닭갈비 강남점,naver,c120eb07-fe13-4515-875e-02a4abf0ce85
1810,67df847131103ef4c959f6eb,7wIf1,허선명,음식이 맛있고 양이 많아요,,2025-03-23 02:24:12,37792495,장인닭갈비 강남점,naver,c120eb07-fe13-4515-875e-02a4abf0ce85
1811,67df6ec805494361c9665c7a,bkKAb,55****,맛있게 잘 먹었습니다,,2025-03-22 14:42:25,37792495,장인닭갈비 강남점,naver,c120eb07-fe13-4515-875e-02a4abf0ce85
1812,67dec0a2ae0985ffb8d268a1,3s8or,rgbs,"음식도 너무 맛있고 직원 분들도 너무 친절하세요 !
다음에 또 올게용💚",,2025-03-22 13:39:44,37792495,장인닭갈비 강남점,naver,c120eb07-fe13-4515-875e-02a4abf0ce85
1814,67dea9a68de44c5ed0dddca0,7MzII,유유8241,양도 많고 맛있어요 :) ㅎㅎ,,2025-03-22 12:00:53,37792495,장인닭갈비 강남점,naver,c120eb07-fe13-4515-875e-02a4abf0ce85
1816,67de85ec66544b14cff34599,8qdW5,par****,"오랜만에 와도 여전히 맛있습니다-!
볶음밥이 조금 싱거워서 아쉬웠네요
닭갈비는 맛있습니다 라면사리 필수에요🤗",,2025-03-22 09:38:02,37792495,장인닭갈비 강남점,naver,c120eb07-fe13-4515-875e-02a4abf0ce85
1818,67de84c17f0086f7d44db8fb,4lYIR,kofi7766,"맛있게 잘 먹었습니다. 
치즈 양도 푸짐하고 사리 너무 맛있어요",,2025-03-22 09:32:55,37792495,장인닭갈비 강남점,naver,c120eb07-fe13-4515-875e-02a4abf0ce85
1820,67de809383a34eb92bdb81ae,5TZDn,김태이41,바빠서 철판을 안닦으시는건지 음식에서 탄맛이 너무 나요. 치즈는 냅다 철판에 올려서 밑판이 다 탔어요. 떡에서는 냉동실맛나요. 비싸고 맛은 없네요 비추입니다,,2025-03-22 08:34:02,37792495,장인닭갈비 강남점,naver,c120eb07-fe13-4515-875e-02a4abf0ce85
1822,67de75b2aff0a2a712ecfbf1,44D9H,tjt****,강남에서 유명하다고 해서 와봤어요~ 닭갈비 엄청 맛있고 치즈사리는 필수입니다!! 사람이 워낙 많아서 웨이팅 필수에요~,,2025-03-22 08:26:59,37792495,장인닭갈비 강남점,naver,c120eb07-fe13-4515-875e-02a4abf0ce85
1825,67de7617ae34ca7b19101347,2v109,kyO,"대기 길지 않고 음식이 빠르게 잘 나와용
맛있어요 !!",,2025-03-22 08:19:43,37792495,장인닭갈비 강남점,naver,c120eb07-fe13-4515-875e-02a4abf0ce85
1827,67de7607e450cdceeaf6a3b1,7Lqze,ser****,넓고 쾌적하고 지리적으로 접근성이 아주 좋습니다. 맛은 물론 있구요!,,2025-03-22 08:19:43,37792495,장인닭갈비 강남점,naver,c120eb07-fe13-4515-875e-02a4abf0ce85
1829,67de75cffcf9a8737b7d7efc,1F61P,쏘쭌s,양 많구 맛있어요. 사람 많은곳에는 이유가 있는듯용👍,,2025-03-22 08:19:43,37792495,장인닭갈비 강남점,naver,c120eb07-fe13-4515-875e-02a4abf0ce85
1831,67de75b328988416f0206e98,440gu,푸으른 노을,맛있습니다~,,2025-03-22 08:19:43,37792495,장인닭갈비 강남점,naver,c120eb07-fe13-4515-875e-02a4abf0ce85
1833,67dead84a9623e2bab26f131,36mQN,마늘123,강남역근처 닭갈비 먹고싶어 왔는데 맛있어요! 치즈양도많아서 너무좋습니다,,2025-03-22 07:58:58,37792495,장인닭갈비 강남점,naver,c120eb07-fe13-4515-875e-02a4abf0ce85
1835,67de6d6cb28ed4707320db41,2d1yeZ,베아야,너무 맛있었요~,,2025-03-22 07:51:28,37792495,장인닭갈비 강남점,naver,c120eb07-fe13-4515-875e-02a4abf0ce85
1838,67de6d5ec71dfd8a1e56f6cb,155sd,해운대파도,유명한 맛집,,2025-03-22 07:51:28,37792495,장인닭갈비 강남점,naver,c120eb07-fe13-4515-875e-02a4abf0ce85
1840,67de6cc12f96d27ce15b1ed3,3FDse,dhs****,맛있게 먹고 갑니다~~~ 자리도 넓고 편해요 ㅎㅎ,,2025-03-22 07:51:28,37792495,장인닭갈비 강남점,naver,c120eb07-fe13-4515-875e-02a4abf0ce85
1842,67de6e149d263be4f8e5bdb5,aQAN5,S철꽁2,맛있어요!,,2025-03-22 07:48:17,37792495,장인닭갈비 강남점,naver,c120eb07-fe13-4515-875e-02a4abf0ce85
1845,67de6ce8552bd468f7d2dc55,5cv79,김진솔59,맛있어요 장인 닭갈비 ~~ 👐🏻,,2025-03-22 07:48:17,37792495,장인닭갈비 강남점,naver,c120eb07-fe13-4515-875e-02a4abf0ce85
1847,67de64a4b42dd7365c5bb655,3khrm,혀언지뚭,닭갈비가 너무 먹고싶어서 왔는데 탁월한 선택이었어요!!너무 맛있습니당💚 다음에 또 오고싶어요🤭,,2025-03-22 07:00:46,37792495,장인닭갈비 강남점,naver,c120eb07-fe13-4515-875e-02a4abf0ce85
1849,67de63f98c4bb9e3f3a4480f,1Thwh,찡찡9553,닭갈비 먹고싶어서 찾아서 왔는데 적당히 매콤하고 맛있어서 추천해요!!,,2025-03-22 07:00:46,37792495,장인닭갈비 강남점,naver,c120eb07-fe13-4515-875e-02a4abf0ce85
1851,67de61f2ea1f3065dae6ea96,g9bi,JINJIN28,너무 맛있어요 짱!,,2025-03-22 07:00:46,37792495,장인닭갈비 강남점,naver,c120eb07-fe13-4515-875e-02a4abf0ce85
1854,67de62488352bf3710f6d63c,7UeVm,솔8052,자주 이용해요! 항상 맛있게 먹는 닭갈비집입니당 ㅎㅎ,,2025-03-22 06:57:45,37792495,장인닭갈비 강남점,naver,c120eb07-fe13-4515-875e-02a4abf0ce85
1856,67de62356b49863be82e2124,6DIDA,jic****,맛있게 잘먹었습니다ㅎㅎㅎㅎ,,2025-03-22 06:57:45,37792495,장인닭갈비 강남점,naver,c120eb07-fe13-4515-875e-02a4abf0ce85
1858,67de48828c0f0832ffe1b9af,2EaVM,iam****,"아이랑 셋이 배부르게 먹었어요!!
다음에 또 올께요~~~",,2025-03-22 05:11:32,37792495,장인닭갈비 강남점,naver,c120eb07-fe13-4515-875e-02a4abf0ce85
1860,67de44ceae2abb925387f102,4qSPb,potato2,맛있어요~~~ 치즈토핑 많이 주어요!,,2025-03-22 05:00:27,37792495,장인닭갈비 강남점,naver,c120eb07-fe13-4515-875e-02a4abf0ce85
1863,67de3f06028be6160e8d693f,1Lpyf,doyjeun72,맛있오요~ 우동사리 추가 하고 볶음밥도 먹어야지!,,2025-03-22 04:34:42,37792495,장인닭갈비 강남점,naver,c120eb07-fe13-4515-875e-02a4abf0ce85
1865,67de3c5b35d44d817a577e83,3nfuQ,ㅈㅇㄹ14,양 많고 맛있어요,,2025-03-22 04:25:22,37792495,장인닭갈비 강남점,naver,c120eb07-fe13-4515-875e-02a4abf0ce85
1867,67de30b3664b149c3bff1ed3,coOBU,ezi****,양이 엄청많고 치즈가 풍성해여,,2025-03-22 03:34:45,37792495,장인닭갈비 강남점,naver,c120eb07-fe13-4515-875e-02a4abf0ce85
1870,67de308d2da5bc1c8c212f60,aQzq1,yws****,가게 회전율도 빠르고 넘 맛있네요 😍,,2025-03-22 03:34:00,37792495,장인닭갈비 강남점,naver,c120eb07-fe13-4515-875e-02a4abf0ce85
1872,67de2fd3a32908e01be2c047,4Ql5n,앙팡우유,"남자친구가 극찬한 장인닭갈비!!!
극찬할만 하네요!!! 또 방문할게용ㅎㅎ",,2025-03-22 03:31:06,37792495,장인닭갈비 강남점,naver,c120eb07-fe13-4515-875e-02a4abf0ce85
1874,67de36602301255cc108c286,8zoSz,kim****,맛있아요! 감사합니다!,,2025-03-22 03:04:59,37792495,장인닭갈비 강남점,naver,c120eb07-fe13-4515-875e-02a4abf0ce85
1877,67dea1b89ab934c4f033eec3,6lOOA,musehhp,"장인닭갈비 너무 좋아하는데, 지점별로 조금씩 맛이 다르더라구요.! 홍대점 애용하다가 오늘 강남점 처음 와봤는데 강남점도 너무너무 맛있어요! 다음에 또 올게요:)",,2025-03-22 03:04:15,37792495,장인닭갈비 강남점,naver,c120eb07-fe13-4515-875e-02a4abf0ce85
1879,67de3ceb99b0d6fa3ac2e3c7,9vAVB,cc****,와... 괜찮음. 진짜임,,2025-03-22 02:51:29,37792495,장인닭갈비 강남점,naver,c120eb07-fe13-4515-875e-02a4abf0ce85
1882,67de28a7386ddac09637e3ae,3QGCJ,김수빈37,"사진만 봐도 맛있네요
또 먹고 싶어요!!",,2025-03-22 02:29:56,37792495,장인닭갈비 강남점,naver,c120eb07-fe13-4515-875e-02a4abf0ce85
1884,67de266d48cf2515e43262cf,5yCyt,엘라망고곰곰이,"맛있어요~~
4인분이고 명수대로 시켜야해요~~",,2025-03-22 02:29:56,37792495,장인닭갈비 강남점,naver,c120eb07-fe13-4515-875e-02a4abf0ce85
1886,67de24fd4220cfbfc5c22d79,WdNI,먹깨비22,맛있어요. 친구들과 왔는데 맘에들어요.,,2025-03-22 02:29:56,37792495,장인닭갈비 강남점,naver,c120eb07-fe13-4515-875e-02a4abf0ce85
1888,67de23b99247bfbf659ae131,4RUIo,yel****,강남맛집입니당 양도많고 맛있어요,,2025-03-22 02:29:56,37792495,장인닭갈비 강남점,naver,c120eb07-fe13-4515-875e-02a4abf0ce85
1890,67de23645e66ca735bda5c5f,2bSb0L,퉤현,맛있습니다 너무 맛있어요 다음에 또 먹으러올게요~~,,2025-03-22 02:29:56,37792495,장인닭갈비 강남점,naver,c120eb07-fe13-4515-875e-02a4abf0ce85
1892,67dd54cc749eac0ee6cd7d3d,bbrzw,긴다35,너무 맛있어요 벌써 3번째 방문이네요ㅎㅎ,,2025-03-21 11:56:41,37792495,장인닭갈비 강남점,naver,c120eb07-fe13-4515-875e-02a4abf0ce85
1894,67dd5414fbd45087380bbd50,1uuQU,포실콩떡,강남 지나다니면서 처음으로 방문했는데 가격 대비 양도 많고 특히 볶음밥이 너무 맛있었습니다!! 잘 먹었습니다 ~,,2025-03-21 11:53:58,37792495,장인닭갈비 강남점,naver,c120eb07-fe13-4515-875e-02a4abf0ce85
1897,67dd5703ca0337d0e10ec61b,2GQgA,Dfk2ie,믿고먹는 장인닭갈비 재방문의사100%%,,2025-03-21 11:45:00,37792495,장인닭갈비 강남점,naver,c120eb07-fe13-4515-875e-02a4abf0ce85
1899,67dd4f0baff0a2a7122f7c81,3txOL,qqqgina,비주얼 굳! 맛도 굳! 언제나 믿고 먹는 장안 닭갈비 ~~~,,2025-03-21 11:28:45,37792495,장인닭갈비 강남점,naver,c120eb07-fe13-4515-875e-02a4abf0ce85
1901,67dd4efea8fce4b421baa8a7,4FVT5,지룽이0372,"닭갈비 먹으러 왔는데 직원분도 친절하고 맛도 있습니다!
잘 먹고 갑니다 ~~❤️",,2025-03-21 11:28:45,37792495,장인닭갈비 강남점,naver,c120eb07-fe13-4515-875e-02a4abf0ce85
1903,67dd3c473513317ec150ad19,kQIj,효공66,"손님이 많은 이유가 있네요 친구 생일파티왔는데 모두 좋아하넹ᆢ
맛있고 가성비 좋은 장인닭갈비 재방문 예정입니다",,2025-03-21 10:09:19,37792495,장인닭갈비 강남점,naver,c120eb07-fe13-4515-875e-02a4abf0ce85
1905,67dd3e39f5563daa6bd6d5f4,2ChwX,Leah38,친구들이랑 저녁 먹으러 왔는데 정말 맛있네요! 다음에 또 오고 싶습니당,,2025-03-21 10:01:08,37792495,장인닭갈비 강남점,naver,c120eb07-fe13-4515-875e-02a4abf0ce85
1907,67dd3f8c4d1e7d3c3a149986,3mEQg,샐리여유,치즈 필수!! 중간맛도 살짝 매콤해요ㅎㅎ 기분 좋게 매운맛!,,2025-03-21 09:53:18,37792495,장인닭갈비 강남점,naver,c120eb07-fe13-4515-875e-02a4abf0ce85
1909,67dd35b8f81ed9851445b395,9Zp2E,WCHUN,너무 맛있습니다!양도 많고!,,2025-03-21 09:43:10,37792495,장인닭갈비 강남점,naver,c120eb07-fe13-4515-875e-02a4abf0ce85
1911,67dd25b8a1b298df7a0c908a,2J1sl,으나12106,양도 괜찮고 진짜 너무 맛있게 잘 먹었습니다!!! 다음에 또올게요<,,2025-03-21 08:19:23,37792495,장인닭갈비 강남점,naver,c120eb07-fe13-4515-875e-02a4abf0ce85
1914,67dd2002cb87a1b55e77b11e,3hTbm,컹컹컹컹컹26,모둠 사리가 합리적이고 맛이 있습니다,,2025-03-21 08:12:19,37792495,장인닭갈비 강남점,naver,c120eb07-fe13-4515-875e-02a4abf0ce85
1916,67de3c26de1bff2444bd9e5e,cSKK6,kmj****,맛있어요 추천,,2025-03-21 07:59:24,37792495,장인닭갈비 강남점,naver,c120eb07-fe13-4515-875e-02a4abf0ce85
1919,67dd1c63e93acd3521789a62,64gCi,Xixxlle,"친구가 강남역 맛집이라고 추천해줘서 왔어요.
음식이 맛있고 사이드 메뉴가 신선해서 좋아요
다음에 또 올게요 !",,2025-03-21 07:49:49,37792495,장인닭갈비 강남점,naver,c120eb07-fe13-4515-875e-02a4abf0ce85
1921,67dd4118c3e9d7f8455f0c77,5VrZm,훈끼,맛있게 잘먹었습니다!!,,2025-03-21 05:45:25,37792495,장인닭갈비 강남점,naver,c120eb07-fe13-4515-875e-02a4abf0ce85
1923,67dcfb99ae6bbba4655700e5,epjYF,jw54,전에 한 번 왔다가 재방문했어요 닭갈비 맛있어요,,2025-03-21 05:27:09,37792495,장인닭갈비 강남점,naver,c120eb07-fe13-4515-875e-02a4abf0ce85
1926,67dcfa88664fdaded9566afb,4ypVo,신우철94,장인닭갈비 벌써 세 번째 방문해서 항상 어느 시간에든 편하고 맛있게 먹어요!!,,2025-03-21 05:27:09,37792495,장인닭갈비 강남점,naver,c120eb07-fe13-4515-875e-02a4abf0ce85
1928,67dcf65366ae31331247a253,4JUko,임홍민17,너무 맛있어요~~잘 먹고 갑니다~~양도 가격에 비해 많은 것 같아요,,2025-03-21 05:07:10,37792495,장인닭갈비 강남점,naver,c120eb07-fe13-4515-875e-02a4abf0ce85
1930,67dcef91525238f1807b41a4,3UNj9,김민규70,맛있어요 일주일에 한번은 무조건 가요,,2025-03-21 04:45:34,37792495,장인닭갈비 강남점,naver,c120eb07-fe13-4515-875e-02a4abf0ce85
1932,67dce420280c0f54502727b7,3nA66,김츌,"엄청 컹ㅅ
강남에서 평점 제일 좋아서 왔어요
셀프바 마음껏 이용가능해서 좋아요",,2025-03-21 03:42:28,37792495,장인닭갈비 강남점,naver,c120eb07-fe13-4515-875e-02a4abf0ce85
1934,67dce4089cd876c41c9b97bc,1IELr,그러니깐30,가성비 좋운 닭갈비집입니다! 다름에 또 방문하려구요 ㅎㅎ,,2025-03-21 03:42:28,37792495,장인닭갈비 강남점,naver,c120eb07-fe13-4515-875e-02a4abf0ce85
1937,67dce0ab1fccbbc9e25636d5,7ZpbD,ysh****,피크타임이었는데도 웨이팅 거의 없이 들어갔어요! 닭갈비 맛있었습니다🫡,,2025-03-21 03:40:52,37792495,장인닭갈비 강남점,naver,c120eb07-fe13-4515-875e-02a4abf0ce85
1939,67dce071b1b1574344f73d24,1B7vC,jjh10324,,,2025-03-21 03:40:52,37792495,장인닭갈비 강남점,naver,c120eb07-fe13-4515-875e-02a4abf0ce85
1941,67dce02e78b8e63a90d7de06,aylgQ,CISN,맛있어용~치즈라면사리추가했어요,,2025-03-21 03:38:26,37792495,장인닭갈비 강남점,naver,c120eb07-fe13-4515-875e-02a4abf0ce85
1944,67dce0845abbc1d0af3d7fb4,4JasT,꼬로록98,맛있습니다👍👍👍👍👍👍,,2025-03-21 03:38:04,37792495,장인닭갈비 강남점,naver,c120eb07-fe13-4515-875e-02a4abf0ce85
1946,67dce0b7632c180a34c9157b,73NWL,nevil92,맛있어요!!,,2025-03-21 03:36:45,37792495,장인닭갈비 강남점,naver,c120eb07-fe13-4515-875e-02a4abf0ce85
1948,67dcdeb58f516fa7a786c216,3yvyJ,가나62,"맛있었어요 만족합니다
사랑합니더",,2025-03-21 03:29:28,37792495,장인닭갈비 강남점,naver,c120eb07-fe13-4515-875e-02a4abf0ce85
1950,67dcddc3ea3e6105fdb4ff7f,59t15,smh****,닭갈비 양도 많고 채소도 많이 먹을 수 있어서 좋아요. 리뷰이벤트까지 하면 일석이조~,,2025-03-21 03:29:28,37792495,장인닭갈비 강남점,naver,c120eb07-fe13-4515-875e-02a4abf0ce85
1953,67dd356764674580a8cd9f3c,5nwDw,Persephone Arthur,맛이 좋아서 자주 찾아와요,,2025-03-21 03:01:03,37792495,장인닭갈비 강남점,naver,c120eb07-fe13-4515-875e-02a4abf0ce85
1955,67dd05716e47e7cc09b5d7a5,dyB4V,sss1214,"맛있어요~~~!!!
다음에 또 오겠습니당 ˃̵͈̑ᴗ˂̵͈̑",,2025-03-21 02:57:41,37792495,장인닭갈비 강남점,naver,c120eb07-fe13-4515-875e-02a4abf0ce85
1957,67dd5b5ae112fd839eb2d556,47tci,Koob,"맛있어요
최고의 닭갈비",,2025-03-21 02:54:10,37792495,장인닭갈비 강남점,naver,c120eb07-fe13-4515-875e-02a4abf0ce85
1960,67dd56e52af948bc9119e388,1Zfe5,Christine9567,치즈닭갈비 근본 장인 닭갈비~ 집 앞이어서 자주오는데 늦은 시간에도 역시 사람이 많네요^^ 볶음밥까지 맛있게 잘 먹었습니다,,2025-03-21 02:45:14,37792495,장인닭갈비 강남점,naver,c120eb07-fe13-4515-875e-02a4abf0ce85
1962,67dcd57fc2a441c64591c83f,2bRQ3E,동잉몽,리얼 맛남,,2025-03-20 14:30:29,37792495,장인닭갈비 강남점,naver,c120eb07-fe13-4515-875e-02a4abf0ce85
1965,67dc0e5032938d4694ac6cc7,4Ax8I,dmd****,맛집이라 방문했는데 역시나 맛있네요><,,2025-03-20 12:41:21,37792495,장인닭갈비 강남점,naver,c120eb07-fe13-4515-875e-02a4abf0ce85
1967,67dbfcae92ea64cd068162e2,6Ee0N,쏘쿠리67,"양도 많고 빠르고 친절합니다.
잘 먹었습니다.",,2025-03-20 11:28:36,37792495,장인닭갈비 강남점,naver,c120eb07-fe13-4515-875e-02a4abf0ce85
1969,67dbf683a820017a8aa09ba9,4S5e3,jeon7512,"닭갈비가 맛나고 양도 많아요!!! 엄청 맛있게 잘 먹었어요 ㅎㅎㅎㅎ 
친구나 연인이랑 오는거 추천합니다",,2025-03-20 11:00:45,37792495,장인닭갈비 강남점,naver,c120eb07-fe13-4515-875e-02a4abf0ce85
1971,67dbf63ae7d0dcb3097ee501,bW2OU,you****,맛있어요,,2025-03-20 11:00:45,37792495,장인닭갈비 강남점,naver,c120eb07-fe13-4515-875e-02a4abf0ce85
1974,67dbf0cc1fbe83d0be3db19a,b44e3,vvj****,맛있어여 또올게여,,2025-03-20 10:34:01,37792495,장인닭갈비 강남점,naver,c120eb07-fe13-4515-875e-02a4abf0ce85
1976,67dbf0ab6be6c79ca57da633,cV0Iw,호빈95,"너무 맛있어요
자주와용 👍👍👍",,2025-03-20 10:34:01,37792495,장인닭갈비 강남점,naver,c120eb07-fe13-4515-875e-02a4abf0ce85
1978,67dc015f825e196399392977,62J7T,가린ㄴ,음식이 맛있고 가성비 있어서 너무 좋아요,,2025-03-20 09:14:48,37792495,장인닭갈비 강남점,naver,c120eb07-fe13-4515-875e-02a4abf0ce85
1980,67dbdc3c48ea324c26ae2551,1kZiN,닉네임을사용중입니다,자주 오는데 역시 맛있네요,,2025-03-20 09:07:20,37792495,장인닭갈비 강남점,naver,c120eb07-fe13-4515-875e-02a4abf0ce85
1982,67dbd9f5d9a815eb7fd2f025,6pcC2,양서윤30,음식 빨리나오고 진짜 대박 맛있습니다,,2025-03-20 08:52:38,37792495,장인닭갈비 강남점,naver,c120eb07-fe13-4515-875e-02a4abf0ce85
1985,67dbd4f7a505fb7910e2753d,blxBC,사키12,장인닭갈비 처음 와봤는데 너무 맛있어요!!!,,2025-03-20 08:03:31,37792495,장인닭갈비 강남점,naver,c120eb07-fe13-4515-875e-02a4abf0ce85
1987,67dbd0f8909409ec9905ff6e,7SjXX,lee****,맛있고 직원이 친절해요,,2025-03-20 07:45:42,37792495,장인닭갈비 강남점,naver,c120eb07-fe13-4515-875e-02a4abf0ce85
1989,67dbdb211b916aa93d592a88,650bb,사람29,"양이 무지많아요~~~ 
둘이왔는데 양 많고 맛있어요~~!!",,2025-03-20 07:45:30,37792495,장인닭갈비 강남점,naver,c120eb07-fe13-4515-875e-02a4abf0ce85
1992,67dbc1e6925de8b675b00e2a,8h6Z6,jsnr579,맛있고 양도 많아요 친구랑 먹으러 오기 좋은듯,,2025-03-20 07:10:18,37792495,장인닭갈비 강남점,naver,c120eb07-fe13-4515-875e-02a4abf0ce85
1994,67dbc107e8c499b906dd4683,9wqWN,엔엔65,강남에서 닭갈비 먹을 땐 항상 오는 장인닭갈비~ 맛있어요~,,2025-03-20 07:10:18,37792495,장인닭갈비 강남점,naver,c120eb07-fe13-4515-875e-02a4abf0ce85
1997,67dbba6be431b1d685db4a59,4xSRe,Yyyyyyyyu,"가성비 좋고 맛있어용 
셀프바도 있어서 이용하기도 좋아욥
강남역 닭갈비로 추천해욤",,2025-03-20 06:33:00,37792495,장인닭갈비 강남점,naver,c120eb07-fe13-4515-875e-02a4abf0ce85
1999,67dbba43616fe8951b169006,8O6mw,창의적인떡국,닭갈비 먹고싶으면 자주 오는 곳이에요 맛있어요~!,,2025-03-20 06:33:00,37792495,장인닭갈비 강남점,naver,c120eb07-fe13-4515-875e-02a4abf0ce85
2001,67dbb3a6a505fb7910c59be4,bEyxT,마노빈,지나가다 사람이 엄청 많길래 궁금해서 왔는데 진짜 너무너무 맛있어요ㅠㅠ!! 개인적으로 치즈가 가운데에 따로 뿌려져 있어서 먹고 싶은 사람만 찍어 먹을 수 있는게 좋았어요🥰,,2025-03-20 06:04:56,37792495,장인닭갈비 강남점,naver,c120eb07-fe13-4515-875e-02a4abf0ce85
2004,67dbb04a86f32489a0104ebf,9Viqk,kim****,,,2025-03-20 05:58:22,37792495,장인닭갈비 강남점,naver,c120eb07-fe13-4515-875e-02a4abf0ce85
2006,67dba88b09bfed07e8f40c6d,7wL1I,주영1475,닭갈비가 마싯고 사장님이 착해요~,,2025-03-20 05:26:32,37792495,장인닭갈비 강남점,naver,c120eb07-fe13-4515-875e-02a4abf0ce85
2008,67dba67824a8a83f333ab5b4,8nAGI,DoGuZ,,,2025-03-20 05:17:48,37792495,장인닭갈비 강남점,naver,c120eb07-fe13-4515-875e-02a4abf0ce85
2011,67dba543910719c96d1738cc,vCCO,백설공주3727,지난번에도 왔는데 너무 맛있어서 또 왔어요!!! 강남역에서 최고 맛집입니당!!!😍😍,,2025-03-20 05:04:57,37792495,장인닭갈비 강남점,naver,c120eb07-fe13-4515-875e-02a4abf0ce85
2013,67dba52ba44d80353b00df97,4JcMP,수햐니야요,"점심에 갑자기 닭갈비가 땡겼지 모에용 ㅋㅋㅋ
음식 빨리 나와서 좋아요:) 닭갈비는 장인닭갈비!",,2025-03-20 05:04:57,37792495,장인닭갈비 강남점,naver,c120eb07-fe13-4515-875e-02a4abf0ce85
2015,67db9c99eb418f8d3e04806b,6l6ue,안미식가,맛있어요 직원분들도 매우매우 친절해요!!!!!,,2025-03-20 04:17:26,37792495,장인닭갈비 강남점,naver,c120eb07-fe13-4515-875e-02a4abf0ce85
2017,67db973af9e638ed5428b9a3,3lFMC,Jini4594,"처음 방문했는데 너무 맛있어요!!🖤🖤
양도 많습니당  굿굿",,2025-03-20 04:02:20,37792495,장인닭갈비 강남점,naver,c120eb07-fe13-4515-875e-02a4abf0ce85
2019,67dead421e22ac2ef4ce4853,4b6vS,잉또또잉또또,"강남역에서 뭐 먹을지 고민하다 왔는데 너무 맛있어요 !
특히 샐러드랑 같이 쌈 싸서 드셔보세요!!!",,2025-03-20 02:47:06,37792495,장인닭갈비 강남점,naver,c120eb07-fe13-4515-875e-02a4abf0ce85
2021,67debe104220cfbfc549f42f,2bAyEP,gah****,친구와 롯데월드에 다녀온 후 먹으러 왔어요!! 정말 맛있요!! 음식의 양이 많고 직원이 친절해요. 저번에도 왔어는데 맛있어서 재방문 했어요. 다음에 서울 오면 또 올게요!!,,2025-03-20 02:46:18,37792495,장인닭갈비 강남점,naver,c120eb07-fe13-4515-875e-02a4abf0ce85
2023,67de834e019667e81f93dce8,cmvZA,Effy2239,치즈 꼭 추가해서 고기랑 같이 먹으세요 그리고 마지막에 볶음밥도 꼭 먹어야하는거 알죠?,,2025-03-20 02:40:29,37792495,장인닭갈비 강남점,naver,c120eb07-fe13-4515-875e-02a4abf0ce85
2026,67db81721e0658b13b1b2f0c,29U0d,멀티진,맛잇게 잘먹고가요,,2025-03-20 02:40:29,37792495,장인닭갈비 강남점,naver,c120eb07-fe13-4515-875e-02a4abf0ce85
2028,67db80112ee1679fe63d7370,d8bE1,사시사철민,"닭갈비+치즈+라면사리(중간맛)
적당한 맵기에 맛있음
치즈에 싸 먹으면 더 맛있음👍
양념이 맛있어서 면사리도 맛있음",,2025-03-19 14:49:51,37792495,장인닭갈비 강남점,naver,c120eb07-fe13-4515-875e-02a4abf0ce85
2031,67dabb9938b94f98f23b0463,3GGnw,이정희323,,,2025-03-19 12:39:35,37792495,장인닭갈비 강남점,naver,c120eb07-fe13-4515-875e-02a4abf0ce85
2033,67dab5f1f2e1322addb7bfdd,4FK5C,재르재르,장인닭갈비… 여전히 맛있습니다 거이 첫오픈때와 그대로…,,2025-03-19 12:07:22,37792495,장인닭갈비 강남점,naver,c120eb07-fe13-4515-875e-02a4abf0ce85
2035,67dab3618e03ac088f038ef8,3NyHm,와인jj,"너무 맛있는 장인 닭갈비
최고예요👍👍",,2025-03-19 12:01:34,37792495,장인닭갈비 강남점,naver,c120eb07-fe13-4515-875e-02a4abf0ce85
2037,67daaf6b1a34db44f5e0ba8e,2qvpr,jek33,강남역에서 약속 있을때마다 자주 와요. 맛있고 웨이팅도 금방 빠져서 너무 좋아요 !,,2025-03-19 11:44:14,37792495,장인닭갈비 강남점,naver,c120eb07-fe13-4515-875e-02a4abf0ce85
2039,67daaeec69e6d95c48640c51,1JX2s,cks****,너무 맛있고 양도 많아요!,,2025-03-19 11:44:14,37792495,장인닭갈비 강남점,naver,c120eb07-fe13-4515-875e-02a4abf0ce85
2041,67daaaa0391b32fe5e578b18,7Pa21,닭최몇,강남역맛집! 장인 닭갈비 맛있어요 나오자마자 먹어서 다 먹은 사진밖에 없네용 맛있습니당,,2025-03-19 11:26:31,37792495,장인닭갈비 강남점,naver,c120eb07-fe13-4515-875e-02a4abf0ce85
2043,67da98af53d6d6161910db61,7eKJD,댕장찌개1호,맛있어요~~ 치즈도!,,2025-03-19 10:01:00,37792495,장인닭갈비 강남점,naver,c120eb07-fe13-4515-875e-02a4abf0ce85
2045,67da8e6bc684305eb0a37518,4xe7s,Yuneeeee,웨이팅없이 들어가서 너무 맛있게 잘 먹었습니당~,,2025-03-19 09:14:32,37792495,장인닭갈비 강남점,naver,c120eb07-fe13-4515-875e-02a4abf0ce85
2047,67da8dcdc5b3cffc373ac869,2hHP2,야호86,양도 많고 진짜 맛있어요 강남점이 최고인듯해요 짱짱,,2025-03-19 09:14:32,37792495,장인닭갈비 강남점,naver,c120eb07-fe13-4515-875e-02a4abf0ce85
2050,67da7f6acc44e07ff853b1fa,1POCQ,김경폴,너무맛있어요 최고에요~~~~,,2025-03-19 08:12:50,37792495,장인닭갈비 강남점,naver,c120eb07-fe13-4515-875e-02a4abf0ce85
2052,67dab13c0f5bdc40ff5345aa,984Ow,yer****,중간맛이라서 살짝 매콤했는데 맛있었어용😍,,2025-03-19 07:13:14,37792495,장인닭갈비 강남점,naver,c120eb07-fe13-4515-875e-02a4abf0ce85
2054,67da6b435e4a6efa15d59cf0,4Ls5v,UJNIM04,처음 와 보는데 분의기도 좋고 양도 많고 맛있어요! 역이랑도 가까워서 자주 올 것 같아요! 무엇보다 전체적으로 깨끗한 것 같아 좋네요~!,,2025-03-19 06:35:59,37792495,장인닭갈비 강남점,naver,c120eb07-fe13-4515-875e-02a4abf0ce85
2056,67da6b349355c54c2afbf357,7994V,수민2478,너무너무 맛있고 직원분들이 친절하신 거 같아요!,,2025-03-19 06:35:59,37792495,장인닭갈비 강남점,naver,c120eb07-fe13-4515-875e-02a4abf0ce85
2058,67da7355f0981d7ac7796285,1QdWb,bogoong,"치즈닭갈비가 먹고싶어서 방문했어요ㅎ
부모님은 처음 드시는데 맛있다고 하시네요!
치즈닭갈비는 장인닭갈비쥬~~",,2025-03-19 05:40:55,37792495,장인닭갈비 강남점,naver,c120eb07-fe13-4515-875e-02a4abf0ce85
2060,67da47815249de0e832ac98c,4RYni,마르셀ㄲ,이름값대로 장인의 맛이 남,,2025-03-19 04:15:10,37792495,장인닭갈비 강남점,naver,c120eb07-fe13-4515-875e-02a4abf0ce85
2063,67da3e51ab8feca13a956d89,3cb60,juz****,"자리가 넓어 대기 없이 바로 들어갈 수 있으며 
강남역 바로 근처에 있어 힘들게 찾을 필요도 없어요",,2025-03-19 03:45:00,37792495,장인닭갈비 강남점,naver,c120eb07-fe13-4515-875e-02a4abf0ce85
2065,67da3ebd855d49aa303d23cc,26CI7,버터맥주96,"방탈출 하러온김에 점심먹으러 도착!
셀프바 이용도 할수있고 깔끔해서 좋아요!",,2025-03-19 03:30:18,37792495,장인닭갈비 강남점,naver,c120eb07-fe13-4515-875e-02a4abf0ce85
2068,67da3466b5d3af3d1e6bd111,23s9q,동네형님,,,2025-03-19 02:55:20,37792495,장인닭갈비 강남점,naver,c120eb07-fe13-4515-875e-02a4abf0ce85
2070,67da335b29019b7dcabd1440,3IIGt,cho****,오랜만에 회사 점심시간에 왔는데 먹음직스럽고 맛있어요.,,2025-03-19 02:49:46,37792495,장인닭갈비 강남점,naver,c120eb07-fe13-4515-875e-02a4abf0ce85
2072,67da332269e6d95c480270ff,2k4nD,딸기공주837,,,2025-03-18 16:49:46,37792495,장인닭갈비 강남점,naver,c120eb07-fe13-4515-875e-02a4abf0ce85
2074,67d96716720bba23797ae4b7,dhljF,jac****,"Highly recommend this delicious dakgalbi, it's a must-have for both tourists and locals in Gangnam!",,2025-03-18 12:23:20,37792495,장인닭갈비 강남점,naver,c120eb07-fe13-4515-875e-02a4abf0ce85
2077,67d96330ec04bbc4fbc3dfa0,486qp,syc****,완전 맛있어요 ㅋ 먹고 소주벅벅 마시고싶은맛,,2025-03-18 12:00:01,37792495,장인닭갈비 강남점,naver,c120eb07-fe13-4515-875e-02a4abf0ce85
2079,67d95c8b34de9ba6a2a8b14c,1kR64,파파블,언제 오든 변함맛집이라 너무 고맙습니다!!!! :),,2025-03-18 11:35:30,37792495,장인닭갈비 강남점,naver,c120eb07-fe13-4515-875e-02a4abf0ce85
2081,67d95c4ce3e95c9348352e81,22RFQ,김천재74,"역시 장인닭갈비!
맛있어서 항상 만족합니다 😀
늦은시간 오니 대기없이 바로들어왔어요!",,2025-03-18 11:35:30,37792495,장인닭갈비 강남점,naver,c120eb07-fe13-4515-875e-02a4abf0ce85
2083,67d9517bddf95c1b302e2a41,2d9CPi,ljy****,GOAT,,2025-03-18 10:51:28,37792495,장인닭갈비 강남점,naver,c120eb07-fe13-4515-875e-02a4abf0ce85
2084,67d950e765b4472d0bbdb8cb,742qu,tot****,goat..,,2025-03-18 10:56:00,37792495,장인닭갈비 강남점,naver,c120eb07-fe13-4515-875e-02a4abf0ce85
2085,67d9510be3d3b2a41e9ae8f5,6NMK6,aqp****,제가 먹어본 닭갈비 중에 최고로 맛있게 먹었숩니당 ㅎㅎ 직원분들도 친절하시구 회전율도 빨라서 좋았어요! 다음에 또 방문하겠습니다 ㅎㅎ🩷,,2025-03-18 10:48:36,37792495,장인닭갈비 강남점,naver,c120eb07-fe13-4515-875e-02a4abf0ce85
2086,67d95137e309d5745c204a03,7M5IA,imhy23,조오오로오옹오오옹ㅇㅇㅇㅇㅇㅇㅇㅇ마아아아아아아아앗,,2025-03-18 10:04:48,37792495,장인닭갈비 강남점,naver,c120eb07-fe13-4515-875e-02a4abf0ce85
2087,67d950ea2a5950ade230e6ce,7nXIO,뭉3159,맛있어요! 평일에도 대기가 있지만…,,2025-03-18 10:04:48,37792495,장인닭갈비 강남점,naver,c120eb07-fe13-4515-875e-02a4abf0ce85
2088,67d947c22f3f6b3a1bb2926c,6qA7v,gra****,"치즈 완전 많고 고기랑 양배추도 맛있어요
공기밥 먹고 배가 너무 불러서 볶음밥 못 먹은 게 너무 아쉽... 담에 오면 공기밥 말고 볶음밥 먹을게요ㅎㅎ",,2025-03-18 09:40:57,37792495,장인닭갈비 강남점,naver,c120eb07-fe13-4515-875e-02a4abf0ce85
2089,67d93b8c18724773d4ed4b30,6xTmC,지이연,,,2025-03-18 09:13:20,37792495,장인닭갈비 강남점,naver,c120eb07-fe13-4515-875e-02a4abf0ce85
2090,67d9425724217e891ad8ebab,aE0Wm,에녹훈,정말 맛있습니다. 꼭 오세요,,2025-03-18 08:56:34,37792495,장인닭갈비 강남점,naver,c120eb07-fe13-4515-875e-02a4abf0ce85
2091,67d9367195e58be47af2e056,eDspS,joo****,"보통 닭갈비집 가면 상추가 다 신선하지 않아서 불만이였는데 일단 여긴 상추랑 셀프바 상태 넘 좋았어요 !!

닭갈비 넘 맛있오요ㅠㅠㅠ
다들 꼭 한번 먹어보세요🩷🩷",,2025-03-18 08:06:34,37792495,장인닭갈비 강남점,naver,c120eb07-fe13-4515-875e-02a4abf0ce85
2092,67d9255ff7f7962ce492c876,1O1Ml,NDY17,항상 맛잇게 잘먹고갑니당 브레이크타임 없고 음식 빨리나와서 조음 ㅠㅠ,,2025-03-18 07:44:57,37792495,장인닭갈비 강남점,naver,c120eb07-fe13-4515-875e-02a4abf0ce85
2093,67d914624d6c633ec3e1c789,ltIk,유루빠,"친구들과 점심먹을겸 방문했어요~
맛잇네여 음식이 깔끔해요~",,2025-03-18 06:31:12,37792495,장인닭갈비 강남점,naver,c120eb07-fe13-4515-875e-02a4abf0ce85
2094,67d8ff8179173c5a2ed8f0f1,9kbhl,wat****,강남역 올때마다 종종 방문하는데 닭갈비랑 치즈가 너무 맛있고 볶음밥 까지 너무 맛있습니다!!,,2025-03-18 04:54:34,37792495,장인닭갈비 강남점,naver,c120eb07-fe13-4515-875e-02a4abf0ce85
2095,67d8fda6b17a8c08a2622d81,2df8v,미피미피키키,"순한맛 시켜서 그런지 맵지리인 저는 딱이네요
3가지 맵기라 고를 수 있고 아이들도 같이 먹을 수 있겠네요...!!!셋트 시키고 당면 사리 추가 했어요~~
맛있네요~~+",,2025-03-18 04:25:48,37792495,장인닭갈비 강남점,naver,c120eb07-fe13-4515-875e-02a4abf0ce85
2096,67d8e94c4ebdd5dcc8daab34,55ftE,건들면 조져버림,저번에 서울 방문 했을때 먹고 넘 맛있었어서 이번에 또 왔어요!!!! 💖 너무 맛있어요ㅠㅠ 🥹🥹,,2025-03-18 03:29:31,37792495,장인닭갈비 강남점,naver,c120eb07-fe13-4515-875e-02a4abf0ce85
2097,67d8e7d4eaa6503d4b059e7e,5ysx8,Yneos37,"다 구워서 나와서 배고픈 점심에 딱!!
나오자마자 바로 먹을수 있어서 너무 좋았습니당
양배추도 잘 익혀서 나오고 닭고기도 야들야들 하니 먹기 편했습니당💓",,2025-03-18 03:23:23,37792495,장인닭갈비 강남점,naver,c120eb07-fe13-4515-875e-02a4abf0ce85
2098,67d955ed473ebac6b9f43ca0,oFDV,tneh8293,,,2025-03-18 03:11:43,37792495,장인닭갈비 강남점,naver,c120eb07-fe13-4515-875e-02a4abf0ce85
2099,67d8dcff09ad858e5251c7c8,2l5D2,skikimna,맛잇어요!! 자주방문합니당,,2025-03-17 14:09:23,37792495,장인닭갈비 강남점,naver,c120eb07-fe13-4515-875e-02a4abf0ce85
2100,67d95d537f3335bae880ac5b,1JHoJ,NiNi,,,2025-03-17 14:03:20,37792495,장인닭갈비 강남점,naver,c120eb07-fe13-4515-875e-02a4abf0ce85
2101,67d8d9599e8a3524de3ae398,EnPD,강병복,후후 점심시간에는 특히 더 착한 가격으로 먹을 수 있어서 너무 좋아용! 맛도리입니다!,,2025-03-17 14:03:20,37792495,장인닭갈비 강남점,naver,c120eb07-fe13-4515-875e-02a4abf0ce85
2102,67e219a26189a53a91e93317,34xgE,artsyvia,가성비좋고 맛있어요,,2025-03-17 13:04:59,37792495,장인닭갈비 강남점,naver,c120eb07-fe13-4515-875e-02a4abf0ce85
2103,67d814b653e9d55c27a2b31b,2cGXiS,dad****,닭갈비 와앙 먹고 볶음밥까지 야무지게 볶아먹으면 천국입니당 ㅎㅎ 덜 매워서 맵찔이 남자친구도 맛나게 먹었어용~,,2025-03-17 12:18:11,37792495,장인닭갈비 강남점,naver,c120eb07-fe13-4515-875e-02a4abf0ce85
2104,67d80cd27a7c553d7d5d4580,3A7YG,kla****,"퇴근하고 밥먹으러 왔는데, 맛있어요!
사람 많은데 매장이 꽤 넓어서 쾌적하게 먹었습니다.
순한 맛도 괜찮았어요",,2025-03-17 11:35:27,37792495,장인닭갈비 강남점,naver,c120eb07-fe13-4515-875e-02a4abf0ce85
2105,67d7fb0a5023c7a107290c65,1PMG,한마루26,강남에서 닭갈비는 여기인듯해용 ㅎㅎㅎ,,2025-03-17 10:28:00,37792495,장인닭갈비 강남점,naver,c120eb07-fe13-4515-875e-02a4abf0ce85
2106,67d8005d1d038c1036c8cf5a,511ld,kyo****,"너무 맛있어요!!
다행히 기다리지 않고 바로 들어왔어요 럭키비키🍀음식도 빨리 나오구 존맛탱임당🥹🫶🏻",,2025-03-17 09:10:31,37792495,장인닭갈비 강남점,naver,c120eb07-fe13-4515-875e-02a4abf0ce85
2107,67d7e7231e3fef33ae09b65e,9xUhl,이루리4820,"강남역 맛집입니다
벌써 몇번째 방문하는지 모르겠어요 올 때마다 맛있습니다!👍",,2025-03-17 09:01:57,37792495,장인닭갈비 강남점,naver,c120eb07-fe13-4515-875e-02a4abf0ce85
2108,67d7ef950971fd33a203fd50,3Ormm,나아77,"#강남역 맛집
진짜 맛있어요!! 양도 많고!",,2025-03-17 08:59:30,37792495,장인닭갈비 강남점,naver,c120eb07-fe13-4515-875e-02a4abf0ce85
2109,67d7f5ed09ad858e520b3b3a,23vv8,리키37,맛있어요 장안딝갈비~~^^,,2025-03-17 08:59:18,37792495,장인닭갈비 강남점,naver,c120eb07-fe13-4515-875e-02a4abf0ce85
2110,67d7f55a2b734663af2eff96,36iNL,MOON051,"처음왓는디..대박 맛있고 양도 많습니다ㅎ
앞으로 강남역 닭갈비는 고민없이 장인닭갈비 오는걸로",,2025-03-17 08:59:18,37792495,장인닭갈비 강남점,naver,c120eb07-fe13-4515-875e-02a4abf0ce85
2111,67d7e44e6e665eea0ff19c74,2eM1S,3126920,매장도 넓고 직원분들도 친절하고 닭갈비도 완전 맛있어요!!! 강추합니다! 또 올게요 ㅎㅎ,,2025-03-17 08:42:39,37792495,장인닭갈비 강남점,naver,c120eb07-fe13-4515-875e-02a4abf0ce85
2112,67d7dbab5af4e557a16b72f8,ccRUN,serthang,양 진짜 많고 맛있어요 매장도 크고 청결해요,,2025-03-17 08:12:25,37792495,장인닭갈비 강남점,naver,c120eb07-fe13-4515-875e-02a4abf0ce85
2113,67d7d696b1c91381ffad758d,9eoEx,하라두듀두,넘 마싯게먹었습니자|~~~~ 최고!!,,2025-03-17 07:43:36,37792495,장인닭갈비 강남점,naver,c120eb07-fe13-4515-875e-02a4abf0ce85
2114,67d7d27e00c296b1ddfeba9a,196Jx,알라만시,푸짐하네요,,2025-03-17 07:41:51,37792495,장인닭갈비 강남점,naver,c120eb07-fe13-4515-875e-02a4abf0ce85
2115,67d7ddbb172186e48f215053,8M1uF,갱장헤하리보,양도 많고 너무 맛있었어요 최고입니다,,2025-03-17 07:39:22,37792495,장인닭갈비 강남점,naver,c120eb07-fe13-4515-875e-02a4abf0ce85
2116,67d7d20dac3b7b8e31733b45,19EDA,엘라강,"점심 저녁 시간엔 사람이 많아 줄서서 기다리는데 4시 넘어 오니 사람도 없고 널널하니 여유롭게 먹을 수 있어 좋아요~
닭갈비는 다먹어 볶음밥 사진 밖에 못찍었네요~
닭갈비에 모짜렐라 치즈사리를 추가 하면 
더 풍미넘치게 먹을 수 있을것같은데
저희는 닭갈비만 먹어서 깔끔하게 먹었네요~^^
샐러드랑 야채는 셀프라 가져다 먹으면 되서 좋아요~👍",,2025-03-17 07:26:13,37792495,장인닭갈비 강남점,naver,c120eb07-fe13-4515-875e-02a4abf0ce85
2117,67d7c027829281ebd2310837,8liFd,한지민2,역시 믿고먹는 닭갈비 존맛탱 ❤️❤️ ㅈ마싯성영 !!!,,2025-03-17 06:22:07,37792495,장인닭갈비 강남점,naver,c120eb07-fe13-4515-875e-02a4abf0ce85
2118,67d7be8d549544c27f17fb5c,7zwGX,ㅁㅈㄹ6,넘 맛있어용 되게 달짝지근하고 중간맛에 치즈추가하니까 너무 잘어울려요! 여기 추천,,2025-03-17 06:04:30,37792495,장인닭갈비 강남점,naver,c120eb07-fe13-4515-875e-02a4abf0ce85
2119,67d79a9bd35481811a52e232,cG6pg,권범준36,강남역 맛집!,,2025-03-17 03:42:51,37792495,장인닭갈비 강남점,naver,c120eb07-fe13-4515-875e-02a4abf0ce85
2120,67d7894eae7aea5a589d854f,2b7zt,상계동찬유아빠,맛있고 친절해요,,2025-03-17 02:05:27,37792495,장인닭갈비 강남점,naver,c120eb07-fe13-4515-875e-02a4abf0ce85
2121,67d7889e77ac648ac66682e5,1no8s,gudrl0922,생각보다 더맛있네요 최고예요,,2025-03-17 02:05:27,37792495,장인닭갈비 강남점,naver,c120eb07-fe13-4515-875e-02a4abf0ce85
2122,67d6c2bde4097b9ce5c9baba,3rFsx,운데시마,볶음밥까지 맛있게 잘 먹었습니다!,,2025-03-16 12:16:22,37792495,장인닭갈비 강남점,naver,c120eb07-fe13-4515-875e-02a4abf0ce85
2123,67d6c13ce2c152340fe51f28,9LWxj,999677,너무 맛잇고 강남역이랑 가까워서 좋아요ㅎㅎ 직원분들도 다 너무 친절해서 너무 죻아요ㅎㅎ!,,2025-03-16 12:13:05,37792495,장인닭갈비 강남점,naver,c120eb07-fe13-4515-875e-02a4abf0ce85
2124,67d6bd9decec57f9085c640b,bL4ZU,23sy21,처음 강남점에 방문해봤는데 진짜 맛집 인정입니다 다 해서 나와서 바로 먹을수 있고 2인분인데 양도 많아서 좋았어요 !! 강남밥집 먹고싶을땐 여기 강추❤️,,2025-03-16 11:52:09,37792495,장인닭갈비 강남점,naver,c120eb07-fe13-4515-875e-02a4abf0ce85
2125,67d6b2432241e6bc25c9a527,5OCk4,pop****,진짜 자주오는 닭갈비 집🩷 너무 맛있어요 치즈추가 필수 직원들도 친절해서 좋아요!,,2025-03-16 11:03:02,37792495,장인닭갈비 강남점,naver,c120eb07-fe13-4515-875e-02a4abf0ce85
2126,67d6b03615dacee3eee5c60d,1KHT1,테라건,,,2025-03-16 10:55:41,37792495,장인닭갈비 강남점,naver,c120eb07-fe13-4515-875e-02a4abf0ce85
2127,67d6b0069e5ead6d6ea7f44f,19Uv6,쿠키키키이,빨리 나오고 음식이 진짜 맛있어요,,2025-03-16 10:55:41,37792495,장인닭갈비 강남점,naver,c120eb07-fe13-4515-875e-02a4abf0ce85
2128,67d6b0f3c5997ffc7b9a2aed,6iVcS,lopell79,대기시간 없이 너무 맛있게 잘 먹었습니다 !!,,2025-03-16 10:55:25,37792495,장인닭갈비 강남점,naver,c120eb07-fe13-4515-875e-02a4abf0ce85
2129,67d6b0ed0b09f2277176377e,68N2s,dbs****,아아주 맛있습니다!!,,2025-03-16 10:55:25,37792495,장인닭갈비 강남점,naver,c120eb07-fe13-4515-875e-02a4abf0ce85
2130,67d6afbaf9bd652774cbf5ac,aSCIA,mir****,샐러드 바가 있어서 좋았고 많이 기다리지 않고 들어왔어요. 닭갈비도 맛있고 또 방문할 의사 있습니다!,,2025-03-16 10:48:50,37792495,장인닭갈비 강남점,naver,c120eb07-fe13-4515-875e-02a4abf0ce85
2131,67d6a66b7228a62ac6dc6a81,400LH,기대11,"가운데에 치즈도 있고 너무 맛있어보이지 않나요?
오늘 잘 즐기고 갑니다~~",,2025-03-16 10:16:22,37792495,장인닭갈비 강남점,naver,c120eb07-fe13-4515-875e-02a4abf0ce85
2132,67d6a3c8517e3b2855e910d2,5oyti,맛잘알갱얼지,맛있어요… 사리 추가 꼭 하세요 !!! 회전율도 좋아서 웨이팅 있어도 빨리 먹을 수 있어용,,2025-03-16 10:08:15,37792495,장인닭갈비 강남점,naver,c120eb07-fe13-4515-875e-02a4abf0ce85
2133,67d6955c445311e62e9f5b33,6aTiL,hdy98,"처음 온 곳인데 맛있네요!
지나가면서 항상 사람많아서 궁금했는데
깔끔하구 맛있습니다❤️",,2025-03-16 09:02:49,37792495,장인닭갈비 강남점,naver,c120eb07-fe13-4515-875e-02a4abf0ce85
2134,67d693932d2a132d18f2d23e,di27C,phg****,"항상 만석이여서 못 먹다가 오늘 작정하규 기달려서 
먹었습니다
냄새도 너무 맛있는 냄새고
너무 만족 하고 먹었습니다 🥹",,2025-03-16 08:54:04,37792495,장인닭갈비 강남점,naver,c120eb07-fe13-4515-875e-02a4abf0ce85
2135,67d6919b138dfeb0a33683ad,1mATV,이나경8061,맛있구 직원분들도 친절했어요ㅎㅎ외국인 친구랑 같이 와서 맛있게 잘 먹었습니다아🤍,,2025-03-16 08:37:18,37792495,장인닭갈비 강남점,naver,c120eb07-fe13-4515-875e-02a4abf0ce85
2136,67d6904eba3ab888a55b2912,t6Yw,iamjung1021,양이 많고 맛있어요 ~~,,2025-03-16 08:37:18,37792495,장인닭갈비 강남점,naver,c120eb07-fe13-4515-875e-02a4abf0ce85
2137,67d68f33d857fc2fe049c2e6,zYB7,코끼리리아,"처음왔는데
양이 장난이 아니네요
맛있어요",,2025-03-16 08:37:18,37792495,장인닭갈비 강남점,naver,c120eb07-fe13-4515-875e-02a4abf0ce85
2138,67d6a55f8c5b7f588ce18d1a,cidAB,김현진9411,맛있게 잘 먹었아요 또갈게요~,,2025-03-16 08:13:29,37792495,장인닭갈비 강남점,naver,c120eb07-fe13-4515-875e-02a4abf0ce85
2139,67d683464559813df71e00b8,egk8G,주황인형,N번째 방문이고 오랜만에 먹었는데 역시나 기대 이상이에요! 양도 적당하고 맵기도 딱 좋습니다 😆 짱 맛있어요 ❤️❤️,,2025-03-16 07:45:40,37792495,장인닭갈비 강남점,naver,c120eb07-fe13-4515-875e-02a4abf0ce85
2140,67d6728b221d7319f8ef5b36,6bWoR,쩡184,젼말 맛잇내요,,2025-03-16 06:33:00,37792495,장인닭갈비 강남점,naver,c120eb07-fe13-4515-875e-02a4abf0ce85
2141,67d6720e28517ad564fa5b29,cnqFU,미녁4274,매장 넓고 친구들과 먹기 좋아요 맛있어요,,2025-03-16 06:33:00,37792495,장인닭갈비 강남점,naver,c120eb07-fe13-4515-875e-02a4abf0ce85
2142,67d651d980d460b855dafe5c,8UhlZ,EUNSEO54,"최근에 닭갈비에 꽂혀서 자주 먹으러 다녔었는데, 그 중에서도 수준급으로 맛있는 집이었어요😍 고기도 많고 소스가 많아 맛있어요 그리고 치즈가 많아요!!!!!!!",,2025-03-16 04:17:01,37792495,장인닭갈비 강남점,naver,c120eb07-fe13-4515-875e-02a4abf0ce85
2143,67d64b35fcc9f3281fb9be35,3CVrL,applc13127,맛잇게 잘 먹고 갑니다!!!,,2025-03-16 03:45:54,37792495,장인닭갈비 강남점,naver,c120eb07-fe13-4515-875e-02a4abf0ce85
2144,67d64b0c2c45d524e47b4a42,1fAGe,뮤뇨,양이 완전 혜자예요!! 중간맛 먹었는데도 살짝 매콤해서 매운거 좋아하는 저도 완전 적당했어요!! 글고 테이블 턴도 빨라서 웨이팅해도 금방 들어와요. 추천!!,,2025-03-16 03:34:46,37792495,장인닭갈비 강남점,naver,c120eb07-fe13-4515-875e-02a4abf0ce85
2145,67d64b05e066cc6c0dec2765,2Xz2i,hgasl89,치즈 짱많고 양도 많고 맛있었습니다!!,,2025-03-16 03:34:46,37792495,장인닭갈비 강남점,naver,c120eb07-fe13-4515-875e-02a4abf0ce85
2146,67d6452e85210171271934b4,3NhgS,소나무재뿌리56,맛있어요! 자주 옵니다!,,2025-03-16 03:20:11,37792495,장인닭갈비 강남점,naver,c120eb07-fe13-4515-875e-02a4abf0ce85
2147,67d644bd7a87ced21930d16b,2YoNs,bsk****,강남역맛집! 닭갈비 너무 맛있어요!!!!!!!,,2025-03-16 03:11:44,37792495,장인닭갈비 강남점,naver,c120eb07-fe13-4515-875e-02a4abf0ce85
2148,67d63ebb3c56301cae45adda,2ONrA,misosmile,맛있게 잘 먹겠습니다.,,2025-03-16 02:43:17,37792495,장인닭갈비 강남점,naver,c120eb07-fe13-4515-875e-02a4abf0ce85
2149,67d63d13e619f7959ad1d2db,5e6zQ,shf****,"와 정말커요 
양이 너무 좋아요 
비주얼 짱👍😭😭😭",,2025-03-16 02:43:00,37792495,장인닭갈비 강남점,naver,c120eb07-fe13-4515-875e-02a4abf0ce85
2150,67d6391600ae18c27cd4cacc,bXZdx,아이팔쓰리,메뉴가 잘못 나와서 이야기 하니깐 직원 얼굴 썩어있었음 ;;,,2025-03-16 02:28:57,37792495,장인닭갈비 강남점,naver,c120eb07-fe13-4515-875e-02a4abf0ce85
2151,67d58067a698ccb2a334755b,28IAn,gdtp,"늦은 시간에 와서 그런지 기디리지 않고 편안하게 먹을 수 있네요.
맛도 좋고, 기다리지 않고 들어왔네요.",,2025-03-15 13:19:51,37792495,장인닭갈비 강남점,naver,c120eb07-fe13-4515-875e-02a4abf0ce85
2152,67d58031399d3e8f40db4266,6njyp,페넬91,"3-4번 재방문한 곳이에요🥹🥹 다른 닭갈비집 많이 가봤지만 여기 진짜 맛있고, 생각나는 맛이에요 ㅎㅎ 요즘 비싼 집도 많은데 가격도 싸고 만족스러운것 같아요 친구나 가족이랑 오기 좋은 것 같은데 가끔 웨이팅 있는 경우도 있더라고요 참고하셔용~ 번창하시고 오래 장사해주세요!!!",,2025-03-15 13:19:51,37792495,장인닭갈비 강남점,naver,c120eb07-fe13-4515-875e-02a4abf0ce85
2153,67d57fcca7eb0ba451c6defc,6dScs,르아씌,강남에서 닭갈비 먹으면 이곳이 제일인거같아요 항상 친절하고 맛도 짱 맛있습니다,,2025-03-15 13:19:51,37792495,장인닭갈비 강남점,naver,c120eb07-fe13-4515-875e-02a4abf0ce85
2154,67d57301367cfd81475e100a,2bVddW,jan****,"음식 진짜 맛있고 빨리 나왔어요. 
This place is really good and they served the food quickly. There was a lot of people too.",,2025-03-15 12:20:15,37792495,장인닭갈비 강남점,naver,c120eb07-fe13-4515-875e-02a4abf0ce85
2155,67d57292d433e1ca51ae857c,2jvJG,물먹는하마78,"기대돼요
#강남역 맛집",,2025-03-15 12:20:15,37792495,장인닭갈비 강남점,naver,c120eb07-fe13-4515-875e-02a4abf0ce85
2156,67d56b37fb1485a4f72a43a2,aE6kL,오도리이,2번째 방문입니다^^,,2025-03-15 11:50:00,37792495,장인닭갈비 강남점,naver,c120eb07-fe13-4515-875e-02a4abf0ce85
2157,67d56af8de79c22f00cb4aef,53HVe,눈오는겨울이불덮고귤까먹으면서읽는책의맛,맛있어요,,2025-03-15 11:50:00,37792495,장인닭갈비 강남점,naver,c120eb07-fe13-4515-875e-02a4abf0ce85
2158,67d56ad54297fbea655fec2a,6xLnk,arigo,언제나 맛나요,,2025-03-15 11:50:00,37792495,장인닭갈비 강남점,naver,c120eb07-fe13-4515-875e-02a4abf0ce85
2159,67d568b37ada212294746d98,5yMVd,곰돌이푸우욱,너무 맛있네요 ~~~,,2025-03-15 11:43:02,37792495,장인닭갈비 강남점,naver,c120eb07-fe13-4515-875e-02a4abf0ce85
2160,67d562bb511f69acc74aee6e,AD5e,zang607,"아 너무 맛있어요..
비쥬얼부터 미침..",,2025-03-15 11:15:49,37792495,장인닭갈비 강남점,naver,c120eb07-fe13-4515-875e-02a4abf0ce85
2161,67d562a01a3c6ae284cc23ce,654Dh,SafeH,개맛있음 한번 잡숴보셈,,2025-03-15 11:15:49,37792495,장인닭갈비 강남점,naver,c120eb07-fe13-4515-875e-02a4abf0ce85
2162,67d55f44b9ea6d554cb45b4b,3Gl3s,app****,양도 많고 서비스좋고 진짜 맛있습니다,,2025-03-15 11:01:14,37792495,장인닭갈비 강남점,naver,c120eb07-fe13-4515-875e-02a4abf0ce85
2163,67d55d9a606ace365796fbb3,2c7mqy,kim****,맛있어요 다음에또올꺼예요,,2025-03-15 10:38:13,37792495,장인닭갈비 강남점,naver,c120eb07-fe13-4515-875e-02a4abf0ce85
2164,67d559ad5330e140b419bab8,4Ol32,캐서린8517,맛과 가성비가  짱입니다 직원분들 친절하네요^^,,2025-03-15 10:38:13,37792495,장인닭갈비 강남점,naver,c120eb07-fe13-4515-875e-02a4abf0ce85
2165,67d550263e524aaa1f7ad52a,1rSUF,yr****,친구가 추천해줘서 왔어용ㅋㅋㅋ 치즈추가 필수!! 맛있게 먹고 가요~~,,2025-03-15 09:59:25,37792495,장인닭갈비 강남점,naver,c120eb07-fe13-4515-875e-02a4abf0ce85
2166,67d5501fd21668041ec71365,3Pror,무지개풍선님,"전에 맛있게 먹었던 기억이 있어 재방문했습니다!
주말 저녁 웨이팅 있었고 빨리 빠져서 금방 자리에 앉았어요 치즈랑 함께먹으니 더맛있네요😆",,2025-03-15 09:59:25,37792495,장인닭갈비 강남점,naver,c120eb07-fe13-4515-875e-02a4abf0ce85
2167,67d54d748447de4ff0cb55d3,2ZVBX,꿀돼지CEO,"오늘 친구들이랑 같이 먹으러왔는데 너무 맛있네요!
저희는 라면으로 옵션 시켰는데 꿀맛입니다. 꼭 와보세요~~",,2025-03-15 09:45:37,37792495,장인닭갈비 강남점,naver,c120eb07-fe13-4515-875e-02a4abf0ce85
2168,67d54cf2257a1cd10dfc0dec,3f2To,감튀감,양 많고 너무 맛있어요🤸🏻‍♀️👍🏻 친구들이랑 모임잡고 술약하기 좋아요~,,2025-03-15 09:45:37,37792495,장인닭갈비 강남점,naver,c120eb07-fe13-4515-875e-02a4abf0ce85
2169,67d547cbbb6d840b30653cff,3TVtq,qud****,"장인답게 맛있습니다!
강남역 맛짖!",,2025-03-15 09:21:49,37792495,장인닭갈비 강남점,naver,c120eb07-fe13-4515-875e-02a4abf0ce85
2340,67d547ba0605f879018772b7,bV1CU,챙인어38,강남역 맛집!!,,2025-03-15 09:21:49,37792495,장인닭갈비 강남점,naver,c120eb07-fe13-4515-875e-02a4abf0ce85
2341,67d542d34effd4713b6e69aa,6F7pm,adsfrwed,너무맛있었어요 웨이팅도 생각보다 별로 안길었고 양 많고 친절하고 빨라요,,2025-03-15 08:58:56,37792495,장인닭갈비 강남점,naver,c120eb07-fe13-4515-875e-02a4abf0ce85
2342,67d54262765857b5f872fbf9,4bfkF,핑핑고,양도 많고 마싯습니다~~~~~👍,,2025-03-15 08:58:56,37792495,장인닭갈비 강남점,naver,c120eb07-fe13-4515-875e-02a4abf0ce85
2343,67d5375876eb42079cad9718,eCmZW,hyu****,,,2025-03-15 08:09:47,37792495,장인닭갈비 강남점,naver,c120eb07-fe13-4515-875e-02a4abf0ce85
2344,67d53711710130b15017e001,bGP2R,룰루랄랄를,강남역맛집!!,,2025-03-15 08:09:47,37792495,장인닭갈비 강남점,naver,c120eb07-fe13-4515-875e-02a4abf0ce85
2345,67d52cd15d538d1943323795,doPi9,페퍼로님,양념도 맛있고 매장이 쾌적해서 좋아요 다음에 또 재방문하고싶어요!,,2025-03-15 07:27:29,37792495,장인닭갈비 강남점,naver,c120eb07-fe13-4515-875e-02a4abf0ce85
2346,67d52cb4ba3a30334b2ec59f,dvfsu,jian61,강남올때 매번와요 맛있어요,,2025-03-15 07:27:29,37792495,장인닭갈비 강남점,naver,c120eb07-fe13-4515-875e-02a4abf0ce85
2347,67d51f2fa8594d17dbcc8aa5,apxir,zzz****,힝 마싯어요용,,2025-03-15 06:19:00,37792495,장인닭갈비 강남점,naver,c120eb07-fe13-4515-875e-02a4abf0ce85
2348,67d524290f66d50353a4032a,5WXHB,구름운27,"n번째 방문하지만 너무 맛있어요~! 
역시 강남에 오면 장인 닭갈비에요~! ㅎㅎ 
너무 맛있어서 엄마랑 또 왔네요! 
치즈까지 쭉 쭉 늘어나요~",,2025-03-15 06:12:20,37792495,장인닭갈비 강남점,naver,c120eb07-fe13-4515-875e-02a4abf0ce85
2349,67d51a4ea8c6759208c1c1fd,3GPxw,YM Lee71,입에서 살살 녹는 맛이에요! 치즈 떡 라면사리세트 추가 꼭 하세요! 진짜 안 하면 후회할 뻔,,2025-03-15 06:03:16,37792495,장인닭갈비 강남점,naver,c120eb07-fe13-4515-875e-02a4abf0ce85
2350,67d5156494c790a7c8658ac3,7aLk3,bji****,맛있어요 !! 🥰,,2025-03-15 05:41:06,37792495,장인닭갈비 강남점,naver,c120eb07-fe13-4515-875e-02a4abf0ce85
2351,67d5156219b248bf022b5ad1,3YuQk,근jjang,맛잇어요 :),,2025-03-15 05:41:06,37792495,장인닭갈비 강남점,naver,c120eb07-fe13-4515-875e-02a4abf0ce85
2352,67d512e2591132bed0b39b7a,3bJEx,요거투,"치즈도 푸짐하고 넘넘 맛있어요!!!
ㄷ직원분들도 친절하세요",,2025-03-15 05:28:12,37792495,장인닭갈비 강남점,naver,c120eb07-fe13-4515-875e-02a4abf0ce85
2353,67d5112296ad83915a96576c,1wBnq,BRx,사람 많았는데 회전율 빨라서 별로 안기다렸는데 빨리 나왔고 맛있었어요 또 방문할게요!,,2025-03-15 05:20:05,37792495,장인닭갈비 강남점,naver,c120eb07-fe13-4515-875e-02a4abf0ce85
2354,67d510cffe3a91df787ccfb3,48hRp,소금7569,,,2025-03-15 05:20:05,37792495,장인닭갈비 강남점,naver,c120eb07-fe13-4515-875e-02a4abf0ce85
2355,67d5078c7a914d10fdb1f1f6,cnPUS,Yeeenn,연인과 오기 너무 좋은거 같아요!! 웨이팅이 있었지만 빨리 빠지는 편이에요!! 추천합니당!!,,2025-03-15 04:46:18,37792495,장인닭갈비 강남점,naver,c120eb07-fe13-4515-875e-02a4abf0ce85
2356,67d4ff1c7f1a58691f8600a0,3HykP,rnjs3545,"금방 로테이션 되서 좋았어요~
굿굿",,2025-03-15 04:09:07,37792495,장인닭갈비 강남점,naver,c120eb07-fe13-4515-875e-02a4abf0ce85
2357,67d4ff11c196a08c8593f4e6,3COX1,쌔미73,"양도 많고 재료도 신선합니다! 강남 맛집이래서 와봤는데 만족하고 갑니다!!
사람이 많아서 웨이팅이있을 수 있어요!
맛있습니다.^^",,2025-03-15 04:09:07,37792495,장인닭갈비 강남점,naver,c120eb07-fe13-4515-875e-02a4abf0ce85
2358,67d56075eb22e6c68be947d3,apaeh,xxxx45,장인닭갈비 유명해서 먹으러왔어요,,2025-03-15 03:36:35,37792495,장인닭갈비 강남점,naver,c120eb07-fe13-4515-875e-02a4abf0ce85
2359,67d50c4779173c5a2e801cc5,8OTjD,big****,맛있게 먹은기억이 있어서 오랜만에 또 찾았습니다 !,,2025-03-15 02:59:27,37792495,장인닭갈비 강남점,naver,c120eb07-fe13-4515-875e-02a4abf0ce85
2360,67d4fd397a87ced21962c3d7,41v47,나나난6484,고기가 너무 부드럽고 라면사리 시켰는데 꼬들꼬들한 면이 살아있어서 좋았어요! 양배추의 익힘정도도 완전 이븐해서 안성재 셰프도 울고갈맛 !! 🥹👍방문했을 때 만석이었는데 바쁜 와중에도 친절하시고 빨리 응답해 주셔서 좋았습니다! 다시방문할 것 같아요 😁,,2025-03-15 02:57:43,37792495,장인닭갈비 강남점,naver,c120eb07-fe13-4515-875e-02a4abf0ce85
2361,67d532269cc9becf7b3ead29,2wH5f,cappuccino00,"순한맛으로 주문했는데, 떡볶이 정도의 맵기로 맛있었습니다. 치즈 양도 많고 좋아요^^ 신논현역 닭갈비집 추천입니다!",,2025-03-15 02:52:31,37792495,장인닭갈비 강남점,naver,c120eb07-fe13-4515-875e-02a4abf0ce85
2362,67d4e9131f8bccb162028d66,5eqpr,신태고나,언제나 믿고먹는 장인닭갈비 감사해용~,,2025-03-15 02:39:00,37792495,장인닭갈비 강남점,naver,c120eb07-fe13-4515-875e-02a4abf0ce85
2363,67d4e91a9132a7ad3b534f61,as0rR,hyun772,직원분들도 너무 친절하시고 양도 짱많아요 가성비도 좋고 맛있어요 추천합니다,,2025-03-15 02:37:17,37792495,장인닭갈비 강남점,naver,c120eb07-fe13-4515-875e-02a4abf0ce85
2364,67d4e1352fd582559ccb7a65,3uXJU,그냥1986,바로먹을 수 있게 나와서 좋아요 음식 👍,,2025-03-14 14:23:53,37792495,장인닭갈비 강남점,naver,c120eb07-fe13-4515-875e-02a4abf0ce85
2365,67d4f671ae97da914a4fb3c7,1lzRj,최보영51,강남역에 오면 들리는 장안닭갈비 최고👍,,2025-03-14 14:18:42,37792495,장인닭갈비 강남점,naver,c120eb07-fe13-4515-875e-02a4abf0ce85
2366,67d4f5cb46a0f18b13f37b4f,8pM1s,gay****,"십년 전에 강남에서 근무할 때 자주 사먹었던 집인데
이제는 이전해서 더 잘되는 것 같네요^^!
추억의 맛 그대로여서 좋습니다~",,2025-03-14 14:18:42,37792495,장인닭갈비 강남점,naver,c120eb07-fe13-4515-875e-02a4abf0ce85
2367,67d4268966224d493bb04bc9,4v9Hr,asd****,강남역 맛집,,2025-03-14 12:47:32,37792495,장인닭갈비 강남점,naver,c120eb07-fe13-4515-875e-02a4abf0ce85
2368,67d4211209d07df3f09db0c5,3jgtc,김하영545,사람이 많았는데 운좋게 바로 들어왔어요 사람 많은데는 이유가 있네요 다음에 또 오겠습니다~,,2025-03-14 12:21:35,37792495,장인닭갈비 강남점,naver,c120eb07-fe13-4515-875e-02a4abf0ce85
2369,67d4197dfeaafad0058300f1,ewy4n,bel****,맛잇어요,,2025-03-14 11:48:52,37792495,장인닭갈비 강남점,naver,c120eb07-fe13-4515-875e-02a4abf0ce85
2370,67d411c1172d224b2672717d,aimAN,Hypnotic64,,,2025-03-14 11:17:54,37792495,장인닭갈비 강남점,naver,c120eb07-fe13-4515-875e-02a4abf0ce85
2371,67d4118b4be6fc65a235b7ef,5tXrC,ehd****,양도 많고 맛도 좋아요! 직원분들도 친절하십니다!,,2025-03-14 11:17:54,37792495,장인닭갈비 강남점,naver,c120eb07-fe13-4515-875e-02a4abf0ce85
2372,67d41014e0375340510d23ca,p3GJ,sobirthday,너무 맛있어요,,2025-03-14 11:11:31,37792495,장인닭갈비 강남점,naver,c120eb07-fe13-4515-875e-02a4abf0ce85
2373,67d40f82bceed8a436e39432,2OCrP,나나나나나4641,맛있아요. 직원이 친절하세요,,2025-03-14 11:11:31,37792495,장인닭갈비 강남점,naver,c120eb07-fe13-4515-875e-02a4abf0ce85
2374,67d409e7452316c06c9ac34c,1w0mY,당면추가요,웨이팅도 금방 줄고 음식도 빨리나와서 좋았습니다!,,2025-03-14 10:45:54,37792495,장인닭갈비 강남점,naver,c120eb07-fe13-4515-875e-02a4abf0ce85
2375,67d407d89b801c886c125b6f,dkZh1,아이유랑해,맛있어요!! 닭갈비 넘 잘 먹었습니다~~~ 양도 꽤 많아요 웨이팅 했습니다. 볶음밥도 맛있어요,,2025-03-14 09:54:00,37792495,장인닭갈비 강남점,naver,c120eb07-fe13-4515-875e-02a4abf0ce85
2376,67d404a5bc719c065022b091,1qwiR,ton****,"유명해서 왔는데 손님이 엄청나요
찐 맛집이었네요^^
회전율이 빠르네요!, 배불리 먹고 가요 !",,2025-03-14 10:04:16,37792495,장인닭갈비 강남점,naver,c120eb07-fe13-4515-875e-02a4abf0ce85
2377,67d427e452f0711dba30dd9d,9j6LP,Himmel,옛날부터 지금까지 항상 맛있어요 ㅎㅎ 영업도 늦게까지 하고 최고에요~,,2025-03-14 09:59:41,37792495,장인닭갈비 강남점,naver,c120eb07-fe13-4515-875e-02a4abf0ce85
2378,67d427da25f26493d6585bde,3BzBk,091****,"강남에서 여기가 닭갈비 제일 맛ㅇ있는듯
맛나요 볶음밥 까지 꼭 드시길",,2025-03-14 09:59:01,37792495,장인닭갈비 강남점,naver,c120eb07-fe13-4515-875e-02a4abf0ce85
2379,67d3feeff904fa9bcdd5fd78,4iFCE,dldwl,맛있어요 자주 이용할게용,,2025-03-14 09:54:57,37792495,장인닭갈비 강남점,naver,c120eb07-fe13-4515-875e-02a4abf0ce85
2380,67d4040e760746d7fefe2a46,4vLW4,ji900311,진짜 무조건 오세요 존마탱 치즈 늘어나는거 지짜 미쳐,,2025-03-14 09:54:15,37792495,장인닭갈비 강남점,naver,c120eb07-fe13-4515-875e-02a4abf0ce85
2381,67d3fbe250edb93dab5b9f8c,aZMXf,hee****,강남역맛집!,,2025-03-14 09:42:27,37792495,장인닭갈비 강남점,naver,c120eb07-fe13-4515-875e-02a4abf0ce85
2382,67d3fb57554f78fab7be28d3,46YW4,예람77,강남역 맛집!! 너무 맛있고 양도 푸짐해요!,,2025-03-14 09:42:27,37792495,장인닭갈비 강남점,naver,c120eb07-fe13-4515-875e-02a4abf0ce85
2383,67d3fe3bb2f877c24f46e82b,8YzV9,슈얌58,맛있어요! 추천합니당,,2025-03-14 09:30:52,37792495,장인닭갈비 강남점,naver,c120eb07-fe13-4515-875e-02a4abf0ce85
2384,67d3fec64b848f465a7dae63,10eWh,김지수209,맛있어요 추천합니당,,2025-03-14 09:30:46,37792495,장인닭갈비 강남점,naver,c120eb07-fe13-4515-875e-02a4abf0ce85
2385,67d3f4e210b067467e3e652f,7FqxU,wjd****,맛있습니다,,2025-03-14 09:04:35,37792495,장인닭갈비 강남점,naver,c120eb07-fe13-4515-875e-02a4abf0ce85
2386,67d3e8081f53648defff48cb,2cv340,zen****,맛있어요,,2025-03-14 08:12:31,37792495,장인닭갈비 강남점,naver,c120eb07-fe13-4515-875e-02a4abf0ce85
2387,67d3cb5d19b1e5de1298bda3,7SNQa,우아진44,친구가 추천해서 와봤늠데 최고입니댜..🤍,,2025-03-14 06:17:17,37792495,장인닭갈비 강남점,naver,c120eb07-fe13-4515-875e-02a4abf0ce85
2388,67d3cb76b9ef14966baff120,2fjaW,온맘다해92,,,2025-03-14 06:14:01,37792495,장인닭갈비 강남점,naver,c120eb07-fe13-4515-875e-02a4abf0ce85
2389,67d3cae7d2362d78a8ef90ad,aH10o,토토리6327,"우연히 지나다가  사람이 많길래 들어왔는데
왜 많은지 알았어요 정말 맛있어요
양도 많고 맛있고 조리되서 나오니까 편하고 바로 먹을수 있어서 좋았어요",,2025-03-14 06:14:01,37792495,장인닭갈비 강남점,naver,c120eb07-fe13-4515-875e-02a4abf0ce85
2390,67d3c7aeb4cda2ccdab272d5,6CFJB,cra****,"맛있습니다
점심 시간대가 지났는데도 붐볐어요 !!
점심 세트로 시키면 모짜렐라 치즈 같이 나와요 🤤",,2025-03-14 05:53:48,37792495,장인닭갈비 강남점,naver,c120eb07-fe13-4515-875e-02a4abf0ce85
2391,67d3ef5a246d323c5a360969,c26fG,hee****,처음 와봤는데 사람이 많은 이유가 있네요!! 너무 맛있구 양도 많아요! 재방문 의사 백입니당,,2025-03-14 05:34:15,37792495,장인닭갈비 강남점,naver,c120eb07-fe13-4515-875e-02a4abf0ce85
2392,67d3ecff14b16259bc4225a8,gBC5,rha****,꿀맛입니다,,2025-03-14 05:32:12,37792495,장인닭갈비 강남점,naver,c120eb07-fe13-4515-875e-02a4abf0ce85
2393,67d3bb44dcfe5c667cd41505,cx4wQ,80b****,"장안닭갈비 이번엔 강남점에 왔어요~~ 
홍대에서 먹고 맛있었던 기억이 있어서 강남점 에서 친구를 만나서 지나가다가 보여서 들어왔지요^^ 
역시 굿굿!!! 너무 맛있어요 👍

#장인닭갈비 #강남점닭갈비 #강남맛집 #닭갈비 #서울닭갈비 #서울맛집",,2025-03-14 05:04:59,37792495,장인닭갈비 강남점,naver,c120eb07-fe13-4515-875e-02a4abf0ce85
2394,67d3b30901073fa34e6bd42e,1VR6y,미미87,,,2025-03-14 04:23:51,37792495,장인닭갈비 강남점,naver,c120eb07-fe13-4515-875e-02a4abf0ce85
2395,67d3afd0587763dae5117981,45o4J,lomeph12,리뷰 좋길래 방문. 닭갈비 맛있고 볶음밥은 필수~,,2025-03-14 04:20:38,37792495,장인닭갈비 강남점,naver,c120eb07-fe13-4515-875e-02a4abf0ce85
2396,67d3ae7446a0f18b13112352,37PW1,Krnaname,꼭 치즈닭갈비로 드시고 마지막은 볶음밥 마무리하셔야합니다!!!! 맛은 유명한 이유가 있는 맛입니다!,,2025-03-14 04:14:47,37792495,장인닭갈비 강남점,naver,c120eb07-fe13-4515-875e-02a4abf0ce85
2397,67d3a5821255b12ce9bfc0e3,4QSZy,헌주니ㅇ,존맛탱,,2025-03-14 03:12:44,37792495,장인닭갈비 강남점,naver,c120eb07-fe13-4515-875e-02a4abf0ce85
2398,67d3ae1d0374896a7d4bcf2e,4KHYb,황찬미12,가성비 넘 좋고 매장도 커서 회전율도 좋은거 같아요! 가성비 닭갈비집이에요:),,2025-03-14 03:02:52,37792495,장인닭갈비 강남점,naver,c120eb07-fe13-4515-875e-02a4abf0ce85
2399,67d39decffc3c76bdc3417e1,6wS1D,먹었던곳기록,치즈가 기본이고 사리추가도 여러가지 있어서 좋아요 깔끔하고 북적북적합니다 점심에는 웨이팅 있어요,,2025-03-14 03:00:26,37792495,장인닭갈비 강남점,naver,c120eb07-fe13-4515-875e-02a4abf0ce85
2400,67d3eb9fa21bf954d936747f,cPpBg,lee****,너무맛있어서 또 올거같아요!!,,2025-03-14 03:00:03,37792495,장인닭갈비 강남점,naver,c120eb07-fe13-4515-875e-02a4abf0ce85
2401,67d3f9116e56a9a6a264f2e7,4PrlC,꼬꼬망스,너무 맛있어요!!,,2025-03-14 02:58:37,37792495,장인닭갈비 강남점,naver,c120eb07-fe13-4515-875e-02a4abf0ce85
2402,67d3b280b8eb3158e6a5ad6d,1RMJQ,엘리얌,"소문 무성한 장인닭갈비 먹으러 강남역 왔습니다
치즈 듬뿍 맛있는 닭갈비 드시러 오세요",,2025-03-13 17:30:00,37792495,장인닭갈비 강남점,naver,c120eb07-fe13-4515-875e-02a4abf0ce85
2403,67d94d8cff02056852c54860,2bLqC1,ㄱㄷㅎㅁㅅㄱ,"1인분 가격이 다른 곳보다 저렴한 대신 닭고기 양이 그만큼 적은 듯 싶어요. 볶음밥 먹을 계획이여서 이게 더 좋더군요. 닭갈비 양념이 깔끔하게 맛있네요. 닭갈비 맛있게 먹고 볶음밥 주문했는데, 김 김치 날치알이 들어간 볶음밥이 너무 맛있어서 다시 먹으러 가고 싶네요.
주중 저녁 8시 넘어서 도착했는데도 20-30분 대기 있었어요.",,2025-03-13 12:18:29,37792495,장인닭갈비 강남점,naver,c120eb07-fe13-4515-875e-02a4abf0ce85
2404,67d2c660d3064b6c0321c6c4,2jOdA,finkmr,양도 많고 매장이 크고 넓어서 좋아요!,,2025-03-13 11:44:06,37792495,장인닭갈비 강남점,naver,c120eb07-fe13-4515-875e-02a4abf0ce85
2405,67d2b816dcfe5c667c404472,ki1n,George Lucas,대기 짧게하고 먹었는데 역시 리뷰대로 너무맛있었어요~~~~ !! 웨이팅도 바로바로 빠져서 오래안기다렸어요,,2025-03-13 10:44:13,37792495,장인닭갈비 강남점,naver,c120eb07-fe13-4515-875e-02a4abf0ce85
2406,67d2b5301a992dcf86281575,6l390,par****,닭갈비 깔끔하고 맛있어요,,2025-03-13 10:13:13,37792495,장인닭갈비 강남점,naver,c120eb07-fe13-4515-875e-02a4abf0ce85
2407,67d2add816c209bd278e5472,1RK7o,옐리옐리옐리,"맛있어여
대기도 별로 없었고
저희 온후로 많아요 ㅎㅎ
자주 애용할께요^^",,2025-03-13 10:03:28,37792495,장인닭갈비 강남점,naver,c120eb07-fe13-4515-875e-02a4abf0ce85
2408,67d2a6946ccde237d3cffbd2,35pYc,앗차차73,강남에 닭갈비집 별로 없는데 ㅜ 넘 마시써용~~!😍 사리추가 다양햐서 좋아요,,2025-03-13 09:28:48,37792495,장인닭갈비 강남점,naver,c120eb07-fe13-4515-875e-02a4abf0ce85
2409,67d2a67ec868f35f8f45f312,5VTN1,bea****,닭갈비 땡겨서 찾아왔어요!! 맛있고 친절하고 좋습니다!!!,,2025-03-13 09:28:48,37792495,장인닭갈비 강남점,naver,c120eb07-fe13-4515-875e-02a4abf0ce85
2410,67d2a1dbc68af6432668a232,6llf5,오키도키0326,"진짜 맛있어요
외국인 친구랑 올 때 마다
가는 곳인데 가격도 가성비 최고!!!
꼭 먹으로 오기!!",,2025-03-13 09:10:19,37792495,장인닭갈비 강남점,naver,c120eb07-fe13-4515-875e-02a4abf0ce85
2411,67d2a085395f0b4858bc7049,bUJVr,doj****,"중간맛 2인분에 치즈 추가 해서 먹었는데 사람들이 많은 이유를 알 것 같아요
가성비 있고 맛있어요!
담에 또 와봐야 겠어요",,2025-03-13 08:59:54,37792495,장인닭갈비 강남점,naver,c120eb07-fe13-4515-875e-02a4abf0ce85
2412,67d2a07dc68af643266780a6,crAgd,cha****,"주방에서 조리 완료 후 제공되기 때문에 냄새 밸 일이 적고, 굽는 것 신경쓰지 않고 편하게 먹을 수 있어요! 모차렐라 치즈 덕분에 맵지 않고 고소하게 먹을 수 있고 양이 많아서 좋은 거 같아요!! 강남 오신다면 밥집으로 추천 드립니다.",,2025-03-13 08:59:54,37792495,장인닭갈비 강남점,naver,c120eb07-fe13-4515-875e-02a4abf0ce85
2413,67d2a0bff7d7ce788b2b5428,a8Axz,정예원25,좌석이 많아서 사람이 많은데도 기다리지 않고 바로 들어왔어요 직원분이 친절하신데다 비주얼에 맛까지 최고입니다 !!😋,,2025-03-13 08:56:43,37792495,장인닭갈비 강남점,naver,c120eb07-fe13-4515-875e-02a4abf0ce85
2414,67d2a03bfe1fa709067bb9d4,6CnRb,ied****,장인닭갈비 좋아해서 강남점도 와봤는데 꽤 크고 맛있고 비주얼도 최고!! ㅎㅎㅎ 직원분도 친절해서 좋아요 ㅎㅎ,,2025-03-13 08:56:43,37792495,장인닭갈비 강남점,naver,c120eb07-fe13-4515-875e-02a4abf0ce85
2415,67d25ce75c953469b42c817f,ehTJW,mun****,"너무 맜있어요 다음에도 또올게요 ㅜ 
친구랑 이삼년전에 왔는데 너무 마싯네요 역시 오늘도",,2025-03-13 04:11:16,37792495,장인닭갈비 강남점,naver,c120eb07-fe13-4515-875e-02a4abf0ce85
2416,67d40993b9ef14966be521a3,1syd9,라랄라2990,"먹을땐 닭갈비 맛이 거기서 거기지 했다가, 
다른 닭갈비집 가보면 생각나는 맛🫢
예전엔 세트 인원수대로 아니었던거 같은데 바꼈나봐요 
그래도 너무 맛나서 강남에서 이집만 갑니다~",,2025-03-13 04:04:00,37792495,장인닭갈비 강남점,naver,c120eb07-fe13-4515-875e-02a4abf0ce85
2417,67d2614265b1f4af3cd6ffc7,6gh2U,Adam6656,맛있게 잘 먹고 갑니다^^!,,2025-03-13 03:36:33,37792495,장인닭갈비 강남점,naver,c120eb07-fe13-4515-875e-02a4abf0ce85
2418,67d267b7c7c05ac974abfb5d,1MUqA,하린둥이,"짱맛
재방문의사있습니다",,2025-03-13 03:31:43,37792495,장인닭갈비 강남점,naver,c120eb07-fe13-4515-875e-02a4abf0ce85
2419,67d2636a1bce3777655548f7,64NHp,101010114,맛있어용,,2025-03-13 03:30:29,37792495,장인닭갈비 강남점,naver,c120eb07-fe13-4515-875e-02a4abf0ce85
2420,67d25ed38ae5eeaf1139db26,1qyZz,holiday4555,,,2025-03-13 03:29:27,37792495,장인닭갈비 강남점,naver,c120eb07-fe13-4515-875e-02a4abf0ce85
2421,67d25a13238d2bf2e464164f,2xDJc,김주은724,강남역 맛집!! 장인닭갈비!!! 찾기도 쉽고 다 조리되어 나와서 튀지도않고 좋아요!! 점심세트 좋습니다,,2025-03-13 03:29:27,37792495,장인닭갈비 강남점,naver,c120eb07-fe13-4515-875e-02a4abf0ce85
2422,67d2548d4b7c5ca9f3b35678,3s7v3,kimsj8888,맛있어요,,2025-03-13 03:29:27,37792495,장인닭갈비 강남점,naver,c120eb07-fe13-4515-875e-02a4abf0ce85
2423,67d267bd783e1ff6dddfb965,2c2Uq,sum****,"맛있어요!!
친절하고 런치셋트도 맘에드네요^^",,2025-03-13 03:24:00,37792495,장인닭갈비 강남점,naver,c120eb07-fe13-4515-875e-02a4abf0ce85
2424,67d2844308fa62176e1dec49,3ORqB,wh****,"일행이 자주 온다던 닭갈비집이라서 방문했는데
너무 맛있어요",,2025-03-13 03:23:48,37792495,장인닭갈비 강남점,naver,c120eb07-fe13-4515-875e-02a4abf0ce85
2425,67d251d1f6e22990b1bc04aa,5IoHL,재희39,👍,,2025-03-13 03:20:54,37792495,장인닭갈비 강남점,naver,c120eb07-fe13-4515-875e-02a4abf0ce85
2426,67d25199aed0fb92a526586d,3cFok,Juana2,,,2025-03-13 03:20:54,37792495,장인닭갈비 강남점,naver,c120eb07-fe13-4515-875e-02a4abf0ce85
2427,67d25050daf5ae837f4b4ee1,38ezs,lss27,"점심엔 닭갋,

매달 들려서 먹는중인데 질리지않는다!",,2025-03-13 03:20:54,37792495,장인닭갈비 강남점,naver,c120eb07-fe13-4515-875e-02a4abf0ce85
2428,67d250334fe683de42abc6d6,34lmV,ekt****,"음식도 맛있고 넓어서 웨이팅도 없이 들어왔어요!
다음에 또 올게요😊",,2025-03-13 03:20:54,37792495,장인닭갈비 강남점,naver,c120eb07-fe13-4515-875e-02a4abf0ce85
2429,67d24ff9665ab8e9d0f0a14b,VxV5,찜뉘,"음식이 너무 맛있어요 ~~~~~!
다음에 또 올게요 !",,2025-03-13 03:20:54,37792495,장인닭갈비 강남점,naver,c120eb07-fe13-4515-875e-02a4abf0ce85
2430,67d24fe2cfa05be3612d45ba,9iKGr,현주47,닭갈비는 여기가 제일 맛있는 것 같아요!!!! 다음에 또 올게요!!!😊,,2025-03-13 03:20:54,37792495,장인닭갈비 강남점,naver,c120eb07-fe13-4515-875e-02a4abf0ce85
2431,67d28c86a903f66f1bd348e1,lSna,good50,맛있어요~오랜만에왔는데 매콤한맛 시켰는데 입맛에 딱이에여!,,2025-03-13 03:19:28,37792495,장인닭갈비 강남점,naver,c120eb07-fe13-4515-875e-02a4abf0ce85
2432,67d24d6bcbc5d6351ecc09d0,HHCu,해루루루,저번에 먹고 맛있어서 왔는데 너무 맛있어요,,2025-03-13 03:09:10,37792495,장인닭갈비 강남점,naver,c120eb07-fe13-4515-875e-02a4abf0ce85
2433,67d271f6ba3ab888a5aca0f3,1CO7f,jjoong3730,"#강남역맛집 #장인닭갈비
닭갈비 먹기위해 수원에서 왔습니다
너무 맛있어서 나중에 또 올듯",,2025-03-13 02:53:50,37792495,장인닭갈비 강남점,naver,c120eb07-fe13-4515-875e-02a4abf0ce85
2434,67d2508f783e1ff6ddcd73a4,640tp,블랑,처음 왔는데 맛있네요.재방문 의사 있습니다!!,,2025-03-13 02:46:31,37792495,장인닭갈비 강남점,naver,c120eb07-fe13-4515-875e-02a4abf0ce85
2435,67d24a7aa305b50b9ae74c29,3gNAH,향동주민3,,,2025-03-13 02:46:31,37792495,장인닭갈비 강남점,naver,c120eb07-fe13-4515-875e-02a4abf0ce85
2436,67d246c11b0fd760644bafae,5sPfA,cok****,맛있어요,,2025-03-13 02:44:00,37792495,장인닭갈비 강남점,naver,c120eb07-fe13-4515-875e-02a4abf0ce85
2437,67d247278dd2d90fbf1763dc,x2Y2,포리야말해봐,"간만에 온 장인닭갈비 
역시나 여전히 친절하시고 점심세트는 최고 맛있어요

치즈사리 사랑해",,2025-03-13 02:36:40,37792495,장인닭갈비 강남점,naver,c120eb07-fe13-4515-875e-02a4abf0ce85
2438,67d246d7a0ee17529f1abfbb,TYsy,jiwoo9607,"양 많고 가성비 좋아요
회사 점심시간에 자주 갑니다:)",,2025-03-13 02:36:40,37792495,장인닭갈비 강남점,naver,c120eb07-fe13-4515-875e-02a4abf0ce85
2439,67d24690f22345c5ab0c398e,4OsgT,이은지341,"음식도 금방 나오고 양도 적당해요
재방문의사 있습니다",,2025-03-13 02:36:40,37792495,장인닭갈비 강남점,naver,c120eb07-fe13-4515-875e-02a4abf0ce85
2440,67d192e829f4bbb0419ca93f,ahgiy,멍145,맛있어용!! 담에 또 올게용,,2025-03-12 13:38:00,37792495,장인닭갈비 강남점,naver,c120eb07-fe13-4515-875e-02a4abf0ce85
2441,67d192e2cf813677508fd8b5,aBEsS,햄박스딱스조르딕,맛있네요!!,,2025-03-12 13:38:00,37792495,장인닭갈비 강남점,naver,c120eb07-fe13-4515-875e-02a4abf0ce85
2442,67d190c734c3601258e68df7,9qUhC,jh1255,강남에서 닭갈비 여기가 제일 맛있는 것 같아요 볶음밥에 콘 추가 필수!,,2025-03-12 13:32:49,37792495,장인닭갈비 강남점,naver,c120eb07-fe13-4515-875e-02a4abf0ce85
2443,67d18fbb557d1637a5a52fea,4hGAW,끼야18,맛있어용,,2025-03-12 13:32:34,37792495,장인닭갈비 강남점,naver,c120eb07-fe13-4515-875e-02a4abf0ce85
2444,67d18e5e93c79477defaebb8,66iP7,dls****,넘맛있어여! 자주올게용~!,,2025-03-12 13:32:34,37792495,장인닭갈비 강남점,naver,c120eb07-fe13-4515-875e-02a4abf0ce85
2445,67d17c985b392135e0872ec4,2BkU7,깜찍이13,지인소개로 왔는데 맛있네요 다음에 또 방문예정입니다~,,2025-03-12 12:18:32,37792495,장인닭갈비 강남점,naver,c120eb07-fe13-4515-875e-02a4abf0ce85
2446,67d17c6131dbee62fc0dea0e,3dPx3,홍언니zz,야근하고 먹으러 왔는데 너무 맛있게 먹고 갑니다👍,,2025-03-12 12:18:32,37792495,장인닭갈비 강남점,naver,c120eb07-fe13-4515-875e-02a4abf0ce85
2447,67d179f27228a62ac6924c78,2buRIy,cu****,양이엄청많아요!!,,2025-03-12 12:05:35,37792495,장인닭갈비 강남점,naver,c120eb07-fe13-4515-875e-02a4abf0ce85
2448,67d179ead7452035bfb6b598,4iFeo,불독고기찬,양이 많고 직원분들이 친절하셨어요!,,2025-03-12 12:05:35,37792495,장인닭갈비 강남점,naver,c120eb07-fe13-4515-875e-02a4abf0ce85
2449,67d16f372241e6bc25406c5e,1E1Ta,100칼로리,정말 맛있네요! 꾸덕한 치즈가 일품입니다~ 맛도 싱겁지않고 맛있어요~~,,2025-03-12 11:09:00,37792495,장인닭갈비 강남점,naver,c120eb07-fe13-4515-875e-02a4abf0ce85
2450,67d15b39db9b573b6eb75b00,euPS5,win****,맛있어요,,2025-03-12 09:43:28,37792495,장인닭갈비 강남점,naver,c120eb07-fe13-4515-875e-02a4abf0ce85
2451,67d15074835398999da4775c,78rYA,귀요미o,맛있게 잘 먹었습니다!😋,,2025-03-12 08:59:27,37792495,장인닭갈비 강남점,naver,c120eb07-fe13-4515-875e-02a4abf0ce85
2452,67d14f6194ae72867a921555,5sTHk,안녕하세요옴,양 많고 맛있어요! 방문 추천합니당,,2025-03-12 08:59:27,37792495,장인닭갈비 강남점,naver,c120eb07-fe13-4515-875e-02a4abf0ce85
2453,67d3a8096912b2453dd50a75,3wNt0,차휴,맛 가성비 모두 만족!,,2025-03-12 08:57:06,37792495,장인닭갈비 강남점,naver,c120eb07-fe13-4515-875e-02a4abf0ce85
2454,67d15d1091e0822ca414541d,3nD4w,김토리짱,맨날 왔다갔다 하면서 군침만 흘렸는데 드디어 먹었네용ㅋㅋ 짱 맛있고 양 많고 야채도 싱싱해요!! 👍👍👍,,2025-03-12 08:54:24,37792495,장인닭갈비 강남점,naver,c120eb07-fe13-4515-875e-02a4abf0ce85
2455,67d14cc596ad83915a37a424,3OQtK,통모짜쿨도그,닭갈비가 맛있고 직원분이 친절해요,,2025-03-12 08:36:24,37792495,장인닭갈비 강남점,naver,c120eb07-fe13-4515-875e-02a4abf0ce85
2456,67d14c90dca0ab617f60ff80,57WJH,건건1122,너무 맛있습니다!! 양이 대박 많아요 최고최고 ㅎㅎ,,2025-03-12 08:36:24,37792495,장인닭갈비 강남점,naver,c120eb07-fe13-4515-875e-02a4abf0ce85
2457,67d14c5ef831134f5d08105a,3wHFz,carol2438,닭갈비 맛잇어요 ~~~ 양도 많고 치즈도 말랑해요 매장도 꽤 넓어서 웨이팅 안했어요~!,,2025-03-12 08:36:24,37792495,장인닭갈비 강남점,naver,c120eb07-fe13-4515-875e-02a4abf0ce85
2458,67d13f7828361478d2c10b05,2Kw01,Sun796,"늘 맛있게 먹고 있습니다
감사합니다",,2025-03-12 07:55:12,37792495,장인닭갈비 강남점,naver,c120eb07-fe13-4515-875e-02a4abf0ce85
2459,67d13f50beb691b67cf6a67d,2MsWe,김1265,장금이 손맛이 내려온 닭갈비 맛집,,2025-03-12 07:55:12,37792495,장인닭갈비 강남점,naver,c120eb07-fe13-4515-875e-02a4abf0ce85
2460,67d13e3fd5445afec059b7fa,qKBJ,이식탁,우왕 맛있다 ~~~~~~~~~~~~,,2025-03-12 07:54:34,37792495,장인닭갈비 강남점,naver,c120eb07-fe13-4515-875e-02a4abf0ce85
2461,67d13cdb83d4f1c7f94e5be5,2ntFD,shelly3263,저 원래 닭갈비 안 좋아하는데 여기만 먹어용.. 넘 조아요💟,,2025-03-12 07:30:05,37792495,장인닭갈비 강남점,naver,c120eb07-fe13-4515-875e-02a4abf0ce85
2462,67d13c5db35dc0b15efbfd1f,byKw3,mhm****,음식이 맛있고 직원분들이 친절해요,,2025-03-12 07:16:52,37792495,장인닭갈비 강남점,naver,c120eb07-fe13-4515-875e-02a4abf0ce85
2463,67d116ddfaeb2645ea7d10a8,2VO6S,wjd****,중간맛도매운듯!,,2025-03-12 05:01:02,37792495,장인닭갈비 강남점,naver,c120eb07-fe13-4515-875e-02a4abf0ce85
2464,67d116b816866caff6dc5c4d,2wqjD,julie9212,"고기가 부드럽류 맛있어요
조리가 거의다 되어서 나와서 불앞에서 오랫동안 보먄서 옷에 냄새 배길 걱정없어용",,2025-03-12 05:01:02,37792495,장인닭갈비 강남점,naver,c120eb07-fe13-4515-875e-02a4abf0ce85
2465,67d10f953cc4b0b9f3314799,520dQ,song2493,"매장이 넓고 닭갈비도 구워서 나오니 너무 좋아요

맛은 

항상 만원일 정도로 사람많은 이유를 알았습니다. 

꼭 와보세요~!",,2025-03-12 04:26:01,37792495,장인닭갈비 강남점,naver,c120eb07-fe13-4515-875e-02a4abf0ce85
2466,67d1072579d22f44fa275b72,6ayzC,호이잇96,강남 맛집으로 강남 방문시 꼭 옵니다:),,2025-03-12 03:58:28,37792495,장인닭갈비 강남점,naver,c120eb07-fe13-4515-875e-02a4abf0ce85
2467,67d10825bceed8a436cbf10d,667EC,맛있으면 고개 끄덕여,"친구랑 닭갈비 먹으러 왔는데
유명하다고 해서 왔어요!!ㅎㅎ 쌈도 엄청 신선하고 젛아요",,2025-03-12 03:52:22,37792495,장인닭갈비 강남점,naver,c120eb07-fe13-4515-875e-02a4abf0ce85
2468,67d107aee1d1e0e4d45d0f96,bxExm,rla****,,,2025-03-12 03:52:22,37792495,장인닭갈비 강남점,naver,c120eb07-fe13-4515-875e-02a4abf0ce85
2469,67d0fc88b4876d48e0d128be,3HnI7,kcalover,"닭갈비 너무 맛있어요! 
양도 많고 셀프비가 잇어서 편리합니다 ~~",,2025-03-12 03:07:01,37792495,장인닭갈비 강남점,naver,c120eb07-fe13-4515-875e-02a4abf0ce85
2470,67d028815364f185c9464f5e,3LzhQ,d159123,"강남맛집이에요 완전!
맛있게 먹었습니다!!
또 오고 싶어요 !",,2025-03-11 11:50:17,37792495,장인닭갈비 강남점,naver,c120eb07-fe13-4515-875e-02a4abf0ce85
2471,67d023301f53648defa884e6,4aN4R,sun****,닭갈비 넘 푸짐하고 맛있어요~~~가격도 저렴하고 맛도 최고네요~~매운맛강춥니다♡♡,,2025-03-11 11:34:07,37792495,장인닭갈비 강남점,naver,c120eb07-fe13-4515-875e-02a4abf0ce85
2472,67d01a6071fbd4faae7f77fa,cwbtH,kdw****,"닭갈비를 수 없이 먹어봤는데 역시 장인닭갈비거 제일 맛있는거 같아요 강남만 오면 항상 여기 가는거 같아요 
장인닭갈비가 진짜 ‘강남역 맛집’이에요 무조건 강추입니다!",,2025-03-11 11:03:40,37792495,장인닭갈비 강남점,naver,c120eb07-fe13-4515-875e-02a4abf0ce85
2473,67d01a29f6e22990b15ca8f6,dsrGF,kkh****,"양도 많고 가격도 합리적이라서 너무 좋아요
제가 먹어본 닭갈비 중에 제일 맛있습니다ㅠㅠ
진짜 “강남역 맛집” 이에영 !! 추천!!!",,2025-03-11 11:03:40,37792495,장인닭갈비 강남점,naver,c120eb07-fe13-4515-875e-02a4abf0ce85
2474,67d00fcca417c37d364369b9,8PO12,띠용쓰97,,,2025-03-11 10:22:43,37792495,장인닭갈비 강남점,naver,c120eb07-fe13-4515-875e-02a4abf0ce85
2475,67d00e5ca8f8929861d3f9e0,eOmxl,sui****,"앞에 5팀있었고 15분정도 기다렸어요
생각보다 회전율도 좋았어요
양도 많고 강남에비해서 싸네요

그냥 닭갈비긴 한데 한번쯤 먹는것도 좋을거같아요",,2025-03-11 10:17:33,37792495,장인닭갈비 강남점,naver,c120eb07-fe13-4515-875e-02a4abf0ce85
2476,67d007a8d12f256d34682d1e,G7dF,sky****,맛집이에요~~ 맛있게먹었습니다.,,2025-03-11 09:45:14,37792495,장인닭갈비 강남점,naver,c120eb07-fe13-4515-875e-02a4abf0ce85
2477,67d002b2e0375340517bc2dc,7dUqS,act****,매장도 넓고 맛있어요!,,2025-03-11 09:18:21,37792495,장인닭갈비 강남점,naver,c120eb07-fe13-4515-875e-02a4abf0ce85
2478,67cfffd1a13e1fb1f8962f6c,cqP7L,허수빈985,"닭갈비 양 완전 많고 짱 맛있어요!!
게다가 가성비까지 좋은 맛집입니다",,2025-03-11 09:16:08,37792495,장인닭갈비 강남점,naver,c120eb07-fe13-4515-875e-02a4abf0ce85
2479,67d0002071fbd4faae6b9a39,eRzGg,01****,너무 맛있고 양도 많아서 담에 또 올것 같아요~~,,2025-03-11 09:13:34,37792495,장인닭갈비 강남점,naver,c120eb07-fe13-4515-875e-02a4abf0ce85
2480,67d013685ff7a5e6fcba3a9f,UVH4,김지현23,너무 맛있어서 자주먹어요~!,,2025-03-11 09:10:06,37792495,장인닭갈비 강남점,naver,c120eb07-fe13-4515-875e-02a4abf0ce85
2481,67d003e39440964de71f7f5c,9TZCY,mh72,"양이 많고 맛있어요
가성비 맛집으로 추천합니다!!",,2025-03-11 09:09:47,37792495,장인닭갈비 강남점,naver,c120eb07-fe13-4515-875e-02a4abf0ce85
2482,67d00936e619f7959abdca57,7TeUh,lily5178,,,2025-03-11 09:01:15,37792495,장인닭갈비 강남점,naver,c120eb07-fe13-4515-875e-02a4abf0ce85
2483,67cff8c782be4eb63636c199,aUvWZ,020130,이 집 닭갈비 처음 먹었는데 너무 맛있어요🤤🤤 앞으로 강남역 오면 여기 자주 올거 같습니당,,2025-03-11 08:37:59,37792495,장인닭갈비 강남점,naver,c120eb07-fe13-4515-875e-02a4abf0ce85
2484,67cff6a4ddfc34c8478a67dd,4YEdn,개굴임당,양도 많고 맛있어용!!!!!,,2025-03-11 08:25:45,37792495,장인닭갈비 강남점,naver,c120eb07-fe13-4515-875e-02a4abf0ce85
2485,67cff747fc90e8f7fada4f1e,5bSyS,shcy,양도 많고 맛있어용!!,,2025-03-11 08:25:00,37792495,장인닭갈비 강남점,naver,c120eb07-fe13-4515-875e-02a4abf0ce85
2486,67d000309f1583357b594a81,3KlsP,yasmine1205,넘넘 맛있고 양도 푸짐해요! 자주 방문하게 될 것 같아요~~😍😍,,2025-03-11 08:05:31,37792495,장인닭갈비 강남점,naver,c120eb07-fe13-4515-875e-02a4abf0ce85
2487,67cff9ea10d413a9ec022963,220S9,뮨딩,"조금 일찍왔더니 웨이팅없이 들어왔어요!
매번 웨이팅많아서 못왔는데
너무 맛있습니다 !",,2025-03-11 08:05:27,37792495,장인닭갈비 강남점,naver,c120eb07-fe13-4515-875e-02a4abf0ce85
2488,67cff4c5a4cec832545fd014,2cmD7d,선택헬,볶음밥까지 먹을 수 밖에 없는 맛 ㅋ,,2025-03-11 08:03:35,37792495,장인닭갈비 강남점,naver,c120eb07-fe13-4515-875e-02a4abf0ce85
2489,67d017c85364f185c9394ba2,cJvUk,jiw****,"너무 맛있어요 ㅎㅎ 최애 닭갈비 집 입니다 ㅎㅎ
*^^* bb",,2025-03-11 08:03:13,37792495,장인닭갈비 강남점,naver,c120eb07-fe13-4515-875e-02a4abf0ce85
2490,67cfd541dfeb0d6e75ac5428,18IF4,하니여시,"너무너무 맛나요 ~~~~~ 
우동서리 꼭 추가해서 드세용~~~~~ ㅋ",,2025-03-11 05:59:51,37792495,장인닭갈비 강남점,naver,c120eb07-fe13-4515-875e-02a4abf0ce85
2491,67cfbe170317e878f97c666c,7j6Eo,sum****,매운거 잘 못먹는데 맵기 조절할 수 있어서 좋아여 순한맛으로 했더니 하나더 안맵고 맛있어서 너무 맛있게 잘 먹었습니당😊,,2025-03-11 04:23:54,37792495,장인닭갈비 강남점,naver,c120eb07-fe13-4515-875e-02a4abf0ce85
2492,67cfbfc40b8e3e8c2b6c4d7e,LYdm,Jinnie1119,,,2025-03-11 03:37:45,37792495,장인닭갈비 강남점,naver,c120eb07-fe13-4515-875e-02a4abf0ce85
2493,67d01e37beb691b67c4ae72a,4e4ZM,우가우가5041,너무 맛있어요👍🏻,,2025-03-11 03:27:44,37792495,장인닭갈비 강남점,naver,c120eb07-fe13-4515-875e-02a4abf0ce85
2494,67cfa37f3afecb76844c25b4,7bGQw,app****,양도 많고 너무 맛있어요!!,,2025-03-11 02:43:35,37792495,장인닭갈비 강남점,naver,c120eb07-fe13-4515-875e-02a4abf0ce85
2495,67cfd036372bb62893a759b8,4e8z4,초원10,"처음 방문했는데 음식도 빨리 나오고 진짜 맛있어요!!
다음에 또 오고싶어용",,2025-03-10 14:19:20,37792495,장인닭갈비 강남점,naver,c120eb07-fe13-4515-875e-02a4abf0ce85
2496,67cfa19371fbd4faae1d7a13,6Ctoo,mi0****,치즈 존맛 ㅠㅠ🩷,,2025-03-10 14:19:20,37792495,장인닭갈비 강남점,naver,c120eb07-fe13-4515-875e-02a4abf0ce85
2497,67cec4e091d1c64312389b98,epd7K,mus****,"그냥 먹는것보다 치즈 라면사리 추가하니까 훨씬 맛있어용 대기도길었지만 빨리입장했고, 가성비좋은 맛집입니당 추천💝",,2025-03-10 10:44:45,37792495,장인닭갈비 강남점,naver,c120eb07-fe13-4515-875e-02a4abf0ce85
2498,67cebcce6834442d38d91495,6pmC6,여행자85,닭갈비 1티어에요ㅋㅋㅋㅋㅋ,,2025-03-10 10:15:20,37792495,장인닭갈비 강남점,naver,c120eb07-fe13-4515-875e-02a4abf0ce85
2499,67cebca4cb632e90a83925de,7e7ZH,hye****,맛이 미쳤어요 진짜 존맛탱 그잡채!!!!,,2025-03-10 10:15:20,37792495,장인닭갈비 강남점,naver,c120eb07-fe13-4515-875e-02a4abf0ce85
2500,67cebae00971fd33a23987d5,8CaIJ,labini33,너무 맛있어용~~ 다음에 또 올게요>___<,,2025-03-10 10:05:58,37792495,장인닭갈비 강남점,naver,c120eb07-fe13-4515-875e-02a4abf0ce85
2501,67cec3c48789873f182c5690,7JnZq,yury7742,유명한 이유가 있었네요 맛있어요!!,,2025-03-10 09:43:34,37792495,장인닭갈비 강남점,naver,c120eb07-fe13-4515-875e-02a4abf0ce85
2502,67ceb32cdbe7968c48fcc789,qfuj,룰루랄라6749,"친절하시고
푸짐하고 닭냄새도 없이 맛나요
아이들과 또 올게요",,2025-03-10 09:35:00,37792495,장인닭갈비 강남점,naver,c120eb07-fe13-4515-875e-02a4abf0ce85
2503,67d00740a7eb0ba451535cc3,6f45j,pat****,항상 맛있어용,,2025-03-10 09:20:09,37792495,장인닭갈비 강남점,naver,c120eb07-fe13-4515-875e-02a4abf0ce85
2504,67d00735665ab8e9d09ab032,7FZvI,wit****,음식이 맛있고 직원분이 친절해요,,2025-03-10 09:20:09,37792495,장인닭갈비 강남점,naver,c120eb07-fe13-4515-875e-02a4abf0ce85
2505,67cebd38367cfd8147e0d5bd,48TbU,lucylucy94,"마싯어요!!!! 완전 닭갈비 근본의 맛입니다….
맥주랑 또 가치먹으면 개존맛 ㅎㅎㅎㅎ다들 오셔유~~",,2025-03-10 09:08:08,37792495,장인닭갈비 강남점,naver,c120eb07-fe13-4515-875e-02a4abf0ce85
2506,67ceae338e85c5d3ea0d3ed5,24D8T,미니몰84,처음 왔는데 너무 맛있ㅇ니요,,2025-03-10 09:08:08,37792495,장인닭갈비 강남점,naver,c120eb07-fe13-4515-875e-02a4abf0ce85
2507,67ceabcce0f886cad0610065,348AP,My900,,,2025-03-10 08:50:29,37792495,장인닭갈비 강남점,naver,c120eb07-fe13-4515-875e-02a4abf0ce85
2508,67d2b6efeb6feba105c2d3ab,2ulCO,여울지다83,"바쁜 시간대가 아니었는데, 요리 일부가 좀 덜 익힌 채로 나왔습니다. 해당 부분 먹은 일행들은 배탈 나서 약국에 다녀왔습니다. 좀 더 잘 익혀주셨으면 합니다.",,2025-03-10 07:06:18,37792495,장인닭갈비 강남점,naver,c120eb07-fe13-4515-875e-02a4abf0ce85
2509,67ce8090fa7894268c818280,9qD38,yum****,"평일 점심 세트 노려보시길
배부릅니다
왠지 고기보다 배추가 현저히 많은 기분이지만
배추 좋아해서 괜찮았어요",,2025-03-10 05:27:05,37792495,장인닭갈비 강남점,naver,c120eb07-fe13-4515-875e-02a4abf0ce85
2510,67ce6d09ec781de7c94d4b18,3chv3,tkdfkdrkwhr,"믿고 먹는 장인닭갈비 입니다! 양도 많고 회전률도 빠르고
바쁜 시간에 거의 바로 먹을수있는것도 좋은거같아요
맛도 너무 맛있습니다!",,2025-03-10 04:28:39,37792495,장인닭갈비 강남점,naver,c120eb07-fe13-4515-875e-02a4abf0ce85
2511,67ceb5e1e066cc6c0dec8d15,sgre,star2234,맛있게 먹었어요~~,,2025-03-10 03:34:00,37792495,장인닭갈비 강남점,naver,c120eb07-fe13-4515-875e-02a4abf0ce85
2512,67ce59a7f8de8a5933175c6f,ncYE,성현주90,강남나오면 무조건 찾는 장인닭갈비 너무 맛있어용 ㅎㅎ,,2025-03-10 03:11:46,37792495,장인닭갈비 강남점,naver,c120eb07-fe13-4515-875e-02a4abf0ce85
2513,67d00fbec0d9f285b205ec54,5H1pk,체리2645,너무 맛있어요!!,,2025-03-10 02:57:48,37792495,장인닭갈비 강남점,naver,c120eb07-fe13-4515-875e-02a4abf0ce85
2514,67d00bee547c16cb75e6082b,8Mvub,khh****,치즈 완전 많고 맛있습니다 ㅎㅎ 강남역 최고 닭갈비집!!,,2025-03-10 02:57:48,37792495,장인닭갈비 강남점,naver,c120eb07-fe13-4515-875e-02a4abf0ce85
2515,67cececde8f826ed7693f66d,8jtoD,응애7,말해뭐합니까 그냥 맛도리입니다 사람 많은 이유가 있어요 꼭 드세요,,2025-03-10 02:57:48,37792495,장인닭갈비 강남점,naver,c120eb07-fe13-4515-875e-02a4abf0ce85
2516,67ce7f1e8d4dfdf728a12a31,2T8ir,Qappexs,"너무맛있네여 
라면사리가 킥임",,2025-03-10 02:57:48,37792495,장인닭갈비 강남점,naver,c120eb07-fe13-4515-875e-02a4abf0ce85
2517,67ce67cf46a0f18b13977890,dFR93,ase****,너무 마싯어용 ❤︎ ❤︎,,2025-03-10 02:57:48,37792495,장인닭갈비 강남점,naver,c120eb07-fe13-4515-875e-02a4abf0ce85
2518,67cd9487a7eb0ba451d2ece9,bhvqu,nan****,맛있어요 ㅠㅠ,,2025-03-09 13:02:30,37792495,장인닭갈비 강남점,naver,c120eb07-fe13-4515-875e-02a4abf0ce85
2519,67cd9472764d0ffdb298fe36,ecleu,혜미43,"직원분들도 친절하시구 닭갈비도 빨리 나와요!!
순환율이 좋은 것 같습니다 ㅎㅎ 
자주 올게요!🤍💕🤍💕",,2025-03-09 13:02:30,37792495,장인닭갈비 강남점,naver,c120eb07-fe13-4515-875e-02a4abf0ce85
2520,67cd85fb445311e62eebf63f,2caik,lm826,웨이팅 없이 바로 들어와서 먹었어요 치즈도 많고 너무 맛있네요! 맛있게 잘 먹었습니다~ 다음에 또 오고 싶어요❤️,,2025-03-09 12:05:50,37792495,장인닭갈비 강남점,naver,c120eb07-fe13-4515-875e-02a4abf0ce85
2521,67cd867d1f53648def09a75e,2ZsPh,봉봉봉7389,닭갈비 먹으러 왔어요~ 대기없이 들어와서 더 좋았고 직원분들도 친절해서 기분좋게 식사했습니다! 닭갈비도 구워서 나오고 좋아요!,,2025-03-09 12:03:52,37792495,장인닭갈비 강남점,naver,c120eb07-fe13-4515-875e-02a4abf0ce85
2522,67cd82b0cfe542371eb0330c,7ml5b,주혁나라,강남 맛집이라고 해서 와봤는데.. 너무 맛있어요ㅠㅡㅠㅠ 최고,,2025-03-09 11:53:28,37792495,장인닭갈비 강남점,naver,c120eb07-fe13-4515-875e-02a4abf0ce85
2523,67cd7f8f2919459ee03eb5b7,czFje,벅냥냥이,사람도 많은데 직원도 친절하구 양도 많고 맛있어요 짱짱!! 음식도 빨리나와요!,,2025-03-09 11:44:04,37792495,장인닭갈비 강남점,naver,c120eb07-fe13-4515-875e-02a4abf0ce85
2524,67cd8d80d4a4896dd83e5ae8,8QfPW,하소정60,맛집이라고 해서 처음와봤는데 너무 맛있었어요!! 직원분들도 친절하시고 닭갈비도 빨리 나와서 좋았습니다ㅎㅎ,,2025-03-09 11:30:22,37792495,장인닭갈비 강남점,naver,c120eb07-fe13-4515-875e-02a4abf0ce85
2525,67cd8aec66224d493b518789,3cAma,joanna2376,"대기없이 들어와서 너무 좋았고 직원분들도 친절했어요!
음식도 맛있어서 재방문하고싶습니다!",,2025-03-09 11:30:22,37792495,장인닭갈비 강남점,naver,c120eb07-fe13-4515-875e-02a4abf0ce85
2526,67cd702fdb9b573b6e25732c,3vu14,yjunwoo14,웨이팅 좀 있긴 하지만 맛있게 맵고 좋아요!!,,2025-03-09 10:36:55,37792495,장인닭갈비 강남점,naver,c120eb07-fe13-4515-875e-02a4abf0ce85
2527,67cd80ab7d566083d2afeccc,GNvK,바른사람48,좋아요,,2025-03-09 10:28:55,37792495,장인닭갈비 강남점,naver,c120eb07-fe13-4515-875e-02a4abf0ce85
2528,67cd7d62e8c1e0c62b6f1789,1jlCE,doriring,강남역 닭갈비 맛집 좋아용,,2025-03-09 10:28:55,37792495,장인닭갈비 강남점,naver,c120eb07-fe13-4515-875e-02a4abf0ce85
2529,67cd78b8f919f77fa4b489bc,46Ysm,김도연4643,맛있어요! 중간맛도 그렇게 맵지 않아서 다음번엔 매운맛으로 시킬 거 같아요 ~~,,2025-03-09 10:28:55,37792495,장인닭갈비 강남점,naver,c120eb07-fe13-4515-875e-02a4abf0ce85
2530,67cd756315dacee3eec11b4c,dc0NP,어렵지않지,친구들이랑 왔는데 완전 맛있어요!! 기다린 보람이 있는 맛!! 🤤🤤,,2025-03-09 10:28:55,37792495,장인닭갈비 강남점,naver,c120eb07-fe13-4515-875e-02a4abf0ce85
2531,67cd749fb9249ec2d485285b,aweJd,히히645,,,2025-03-09 10:28:55,37792495,장인닭갈비 강남점,naver,c120eb07-fe13-4515-875e-02a4abf0ce85
2532,67cd6ec6399d3e8f40765be1,crtzG,은영2256,남자친구랑 먹으러 왔는데 역시 믿고 먹는  장인닭갈비 다음에 또 율게옹,,2025-03-09 10:28:55,37792495,장인닭갈비 강남점,naver,c120eb07-fe13-4515-875e-02a4abf0ce85
2533,67cd68e07a7c553d7d5363e7,3qSEs,wls5062,"강남 맛집 검색해서 찾아왔는데 리뷰 많은데는 역시 이유가 있네요!
음식도 맛있고 웨이팅 있지만 회전율이좋아서 금방 입장 가능해요.
꼭 치즈닭갈비로 드셔야합니다! 볶음밥도 필수!",,2025-03-09 10:05:21,37792495,장인닭갈비 강남점,naver,c120eb07-fe13-4515-875e-02a4abf0ce85
2534,67cd67f3f4bb5257a7a1059e,319jM,yu98050795,"강남 올때마다 먹는곳👍 입니다 
오늘은 맵찔이랑 와서 순한맛 먹었는데 맛있었어요~~",,2025-03-09 10:00:17,37792495,장인닭갈비 강남점,naver,c120eb07-fe13-4515-875e-02a4abf0ce85
2535,67cd628f15fea599340750cb,5BIjG,채널역사,맛있어요!,,2025-03-09 09:39:16,37792495,장인닭갈비 강남점,naver,c120eb07-fe13-4515-875e-02a4abf0ce85
2536,67cd628a75e550fbadf2de6b,a7F1I,Js05,"10분정도 기다렸고 음식은 미리 주문해서 바로 받았어요:)
맛있어요☺️",,2025-03-09 09:39:16,37792495,장인닭갈비 강남점,naver,c120eb07-fe13-4515-875e-02a4abf0ce85
2537,67cd5c198d284e0d0a71bcf6,1zBrj,경이꾸,가끔 닭갈비 땡기면 오는 곳.  강남역 맛집이예요 ㅎㅎ 담에 또 와야징,,2025-03-09 09:05:16,37792495,장인닭갈비 강남점,naver,c120eb07-fe13-4515-875e-02a4abf0ce85
2538,67cd5157eb1da5e124954b25,13z6M,ㄴ ㅓ,,,2025-03-09 08:28:00,37792495,장인닭갈비 강남점,naver,c120eb07-fe13-4515-875e-02a4abf0ce85
2539,67cd50d375e550fbade44968,1M2Ar,오잉8266,"가성비 맛집이예용
사리세트 추가 강추!!
중간맛은 신라면보다 매우니 참고하세요!",,2025-03-09 08:12:45,37792495,장인닭갈비 강남점,naver,c120eb07-fe13-4515-875e-02a4abf0ce85
2540,67cd4f04a5982bd8ba92b1e2,1TkCQ,좋은변화81,강남오면 항상 방문하는곳이에요~야채도 싱싱하시 좋고 맛있게잘먹었어요,,2025-03-09 08:06:22,37792495,장인닭갈비 강남점,naver,c120eb07-fe13-4515-875e-02a4abf0ce85
2541,67cd5041d8cd05cca0d06a84,5LjdX,cr****,음식이 맛있어요,,2025-03-09 08:05:29,37792495,장인닭갈비 강남점,naver,c120eb07-fe13-4515-875e-02a4abf0ce85
2542,67cd65ec1cee23b7394aa563,6P8lg,남동규7,매장이 넓구 맛있어용!!!!,,2025-03-09 06:56:34,37792495,장인닭갈비 강남점,naver,c120eb07-fe13-4515-875e-02a4abf0ce85
2543,67cd65d587f13044bc229db5,3QB0Z,탱9탱,"진짜 졸라 맛있어욤 닭강비 진짜 맛있어옴 _>ㅎ
맛잏게 번창 하세요 감스합니다!!!
미춌다리 미쳤다",,2025-03-09 06:56:34,37792495,장인닭갈비 강남점,naver,c120eb07-fe13-4515-875e-02a4abf0ce85
2544,67cd3cde55327f3c008f1fa9,2d0F4i,kim****,,,2025-03-09 06:52:28,37792495,장인닭갈비 강남점,naver,c120eb07-fe13-4515-875e-02a4abf0ce85
2545,67cd32f6cf5c3855bc66956c,at9Bi,YN4984,친구가 데리고 와서 저번에 처음 왔었는데 올 때마다 사람이 많아요 맛있고 양 많아요~~,,2025-03-09 06:10:37,37792495,장인닭갈비 강남점,naver,c120eb07-fe13-4515-875e-02a4abf0ce85
2546,67cd2980086637490ecfdafa,98yyU,jih****,너무 맛있어요💓,,2025-03-09 05:36:16,37792495,장인닭갈비 강남점,naver,c120eb07-fe13-4515-875e-02a4abf0ce85
2547,67cd2a9479c117f174ba5243,2qT30,Ilililli,2인분인데 양이 엄청 많아요ㅋㅋ 평소엔 웨이팅이 있는데 오늘은 바로 입장! 직원들도 친절하고 맛있게 잘 먹었어요><,,2025-03-09 05:36:00,37792495,장인닭갈비 강남점,naver,c120eb07-fe13-4515-875e-02a4abf0ce85
2548,67cd3040cf06e246ad4d761e,ekwhU,bbv****,진짜 맛있음 매장 너무 넓고 친절하고 빨리 나옴,,2025-03-09 05:20:03,37792495,장인닭갈비 강남점,naver,c120eb07-fe13-4515-875e-02a4abf0ce85
2549,67cd301999a9b7b78ade216e,eFY4b,lee****,존맛탱,,2025-03-09 05:20:03,37792495,장인닭갈비 강남점,naver,c120eb07-fe13-4515-875e-02a4abf0ce85
2550,67cd22d6c727636e5e8101e8,2yC4w,쭌5857,친구들이랑 와서 먹는데 맛있고 양도 적당해서 좋아요. 인테리어도 깔끔하고 요리도 금방나와서 만족합니다.,,2025-03-09 05:04:54,37792495,장인닭갈비 강남점,naver,c120eb07-fe13-4515-875e-02a4abf0ce85
2551,67cd1f66ebb28149dd240c35,3sZvW,sgj****,맛있어요 다음에 또 방문할게요 감사합니다,,2025-03-09 04:45:24,37792495,장인닭갈비 강남점,naver,c120eb07-fe13-4515-875e-02a4abf0ce85
2552,67cd1e8ca72faf28f02037a7,2Ijum,난할수있어5366,지난번 맛있어서 재방문했어요 맛있네요 추천합니다,,2025-03-09 04:45:24,37792495,장인닭갈비 강남점,naver,c120eb07-fe13-4515-875e-02a4abf0ce85
2553,67cd1e1d14837b9cd5cfb878,Hkt0,문영권,맛있어요,,2025-03-09 04:45:24,37792495,장인닭갈비 강남점,naver,c120eb07-fe13-4515-875e-02a4abf0ce85
2554,67cd1a253c56301cae826fb9,6KLSt,반점온점,"너므 맛있게 먹고 온 닭갈비!
대기도 얼마 없어서 좋았어요 ^^
다음에도 또 방문할게요~",,2025-03-09 04:26:00,37792495,장인닭갈비 강남점,naver,c120eb07-fe13-4515-875e-02a4abf0ce85
2555,67cd6c16733011122886698c,6jmf6,vlo****,맛있었습니다,,2025-03-09 04:15:29,37792495,장인닭갈비 강남점,naver,c120eb07-fe13-4515-875e-02a4abf0ce85
2556,67cd3de96e69617f3141de68,3d4Sv,김박수박,닭갈비 맛있고 직원분들 친절하세요 강남역 맛집!😍,,2025-03-09 04:15:29,37792495,장인닭갈비 강남점,naver,c120eb07-fe13-4515-875e-02a4abf0ce85
2557,67cd3dba8eec85f60fe6bf5b,19Z2R,한손엔아이스아메리카노,강남 온 김에 닭갈비 먹고 싶어서 왔는데 유명한 곳이네요!! 잘먹었어요!!!,,2025-03-09 04:15:29,37792495,장인닭갈비 강남점,naver,c120eb07-fe13-4515-875e-02a4abf0ce85
2558,67cd2882afe76c0211733b58,9rpHN,thd****,양도 많고 맛있어요! 매장도 넓어서 웨이팅 없이 바로 들어갔어요,,2025-03-09 04:15:29,37792495,장인닭갈비 강남점,naver,c120eb07-fe13-4515-875e-02a4abf0ce85
2559,67cd1c7603ac8cd61d903c8f,3Vxlb,freude09,너무 맛있어요,,2025-03-09 04:15:29,37792495,장인닭갈비 강남점,naver,c120eb07-fe13-4515-875e-02a4abf0ce85
2560,67ce8e804b7c5ca9f36811bc,dokPb,dlw****,너무 맛있게 잘먹었습니다!,,2025-03-09 04:13:45,37792495,장인닭갈비 강남점,naver,c120eb07-fe13-4515-875e-02a4abf0ce85
2561,67cd1a2bb9ef14966b7acb0c,5Wo1G,zdffaaxc,"강남역 맛집!!! 여기 몇번째인지 모르겠움ㅠㅠㅠ
친구들이랑 모이기 좋아요~~ 닭갈비도 맛나요!",,2025-03-09 03:25:58,37792495,장인닭갈비 강남점,naver,c120eb07-fe13-4515-875e-02a4abf0ce85
2562,67cd733352f0711dba060526,85hY1,JIN1757,"처음 와본 장인닭갈비!
너무너무 맛있고 음료 서비스까지 너무 좋아요~~
떡, 치즈랑 당면추가했는데 앞으로도 무조건해야될거같아요 ㅎㅎ 잘먹었습니다~~😊😊😊",,2025-03-09 03:03:52,37792495,장인닭갈비 강남점,naver,c120eb07-fe13-4515-875e-02a4abf0ce85
2563,67cd729a7a140ee80ae5f0ff,bezZM,Mickey mouse 문상호,음료수 서비스가 레전드 개꿀 야무디게 머거야지~,,2025-03-09 03:03:52,37792495,장인닭갈비 강남점,naver,c120eb07-fe13-4515-875e-02a4abf0ce85
2564,67cd46348d4dfdf728e22786,4GqHc,qkr****,"가격대비 가성비가 넘 좋은거같습니다
매장도넓고 직원분도 왕친절!",,2025-03-09 03:03:52,37792495,장인닭갈비 강남점,naver,c120eb07-fe13-4515-875e-02a4abf0ce85
2565,67cd46333f62601fd0cb87f2,1Ihkt,Yeahrinn,넘 맛있어요옹~!!😍,,2025-03-09 03:03:52,37792495,장인닭갈비 강남점,naver,c120eb07-fe13-4515-875e-02a4abf0ce85
2566,67cd27d2eb535388910deb74,7UGPb,YUMINI27,친절하고 맛있어요!,,2025-03-09 03:03:52,37792495,장인닭갈비 강남점,naver,c120eb07-fe13-4515-875e-02a4abf0ce85
2567,67cd11f78447de4ff04058b8,hoBR,mez****,맛있어요. 최고입니다.,,2025-03-09 03:03:52,37792495,장인닭갈비 강남점,naver,c120eb07-fe13-4515-875e-02a4abf0ce85
2568,67cd1b13cb937a69e95ed6bf,5NNqj,하루17,달콤한 치즈의 향기가   떡과 라면을 더욱 맛있게 해줘요. 푸짐한 치즈 짱입니다.,,2025-03-09 03:03:44,37792495,장인닭갈비 강남점,naver,c120eb07-fe13-4515-875e-02a4abf0ce85
2569,67cd1b94c6bffaf3422451ac,2bWYVe,dks****,언제와도 완전 맛있는 강남역 닭갈비 맛집 장인닭갈비 강남점입니다! 양도 푸짐하고 특히 치즈랑 라면사리가 완전 맛있어요. 자주 올게요~,,2025-03-09 02:59:30,37792495,장인닭갈비 강남점,naver,c120eb07-fe13-4515-875e-02a4abf0ce85
2570,67cd1a061a4b91f282286317,5Tu3A,쭈냣,맛있어용~~ 라면사리도맛있고 당면사리도 맛있네용,,2025-03-09 02:59:30,37792495,장인닭갈비 강남점,naver,c120eb07-fe13-4515-875e-02a4abf0ce85
2571,67cd19e64dec7dc8b0a64630,239Mj,진여월28,음식맛있고 직원분들이 다 친절해요,,2025-03-09 02:59:30,37792495,장인닭갈비 강남점,naver,c120eb07-fe13-4515-875e-02a4abf0ce85
2572,67cd202099c08f162b5b5bf3,6LcG3,lov****,강남역 맛집이에요 잘 먹고 갑니다~,,2025-03-09 02:52:32,37792495,장인닭갈비 강남점,naver,c120eb07-fe13-4515-875e-02a4abf0ce85
2573,67cd18faaddef817b5a15a2f,2ZgpZ,박진수25,맛있어요.,,2025-03-09 02:52:32,37792495,장인닭갈비 강남점,naver,c120eb07-fe13-4515-875e-02a4abf0ce85
2574,67cd7f05508a2cb6a1778eff,3weI4,덩덩굴80,너무너무 맛있어용 강남역 닭갈비 원탑!!,,2025-03-09 02:52:04,37792495,장인닭갈비 강남점,naver,c120eb07-fe13-4515-875e-02a4abf0ce85
2575,67cd7eeac015bfc38b854f58,3DLvf,dksdy93,강남역에서 닭갈비 먹고 싶을 때 항상 방문해요 맛있습니다!!,,2025-03-09 02:52:04,37792495,장인닭갈비 강남점,naver,c120eb07-fe13-4515-875e-02a4abf0ce85
2576,67cd25551bce3777651972d9,1WUq0,집에갈래8,강남역 핫플입니다!,,2025-03-09 02:52:04,37792495,장인닭갈비 강남점,naver,c120eb07-fe13-4515-875e-02a4abf0ce85
2577,67cd2a63b7110752777bb5bb,7NXeH,jelly38,맛있어요! 역시 닭갈비는 장인인듯?,,2025-03-09 02:37:14,37792495,장인닭갈비 강남점,naver,c120eb07-fe13-4515-875e-02a4abf0ce85
2578,67cd08ff6e6388b3e16faa6d,4c0Fk,이영채57,,,2025-03-09 02:37:14,37792495,장인닭갈비 강남점,naver,c120eb07-fe13-4515-875e-02a4abf0ce85
2579,67cd1f0ba30e0ff498c4358f,7xTSQ,han****,,,2025-03-09 02:35:58,37792495,장인닭갈비 강남점,naver,c120eb07-fe13-4515-875e-02a4abf0ce85
2580,67cd1755d9a4b12c330fbc03,5AwPv,김태우842,치즈가 너무 맛있어요 치즈 사리는 무조건 추가해서 드세요~~!,,2025-03-09 02:35:58,37792495,장인닭갈비 강남점,naver,c120eb07-fe13-4515-875e-02a4abf0ce85
2581,67cd16568c5b7f588c733728,dRl1D,마방진80,"일본 친구랑 왔는데 너무너무 맛있다고 하네요!!
저도 강남 처음인데 만족하고 갑니다☺️",,2025-03-09 02:35:58,37792495,장인닭갈비 강남점,naver,c120eb07-fe13-4515-875e-02a4abf0ce85
2582,67cd1600d5750f385caf734e,5jHnX,tjdndks,너무 맛있어용 라면사리 꼭 추가해서 먹는거 추천드릴게요❤️❤️,,2025-03-09 02:35:58,37792495,장인닭갈비 강남점,naver,c120eb07-fe13-4515-875e-02a4abf0ce85
2583,67cd15c51e1d6d3e75441b72,8hCun,yh****,너무 맛있어요!,,2025-03-09 02:35:58,37792495,장인닭갈비 강남점,naver,c120eb07-fe13-4515-875e-02a4abf0ce85
2584,67cd01f53ee38520ead71460,8he1v,쏭5735,매운맛이 땡겨서 검색해서 왔는데 맛잇어용,,2025-03-09 02:35:58,37792495,장인닭갈비 강남점,naver,c120eb07-fe13-4515-875e-02a4abf0ce85
2585,67cc400a45799eb8a94de2b7,XXUS,comme_Colette,,,2025-03-08 12:33:22,37792495,장인닭갈비 강남점,naver,c120eb07-fe13-4515-875e-02a4abf0ce85
2586,67cc33e81f041a8039fe9044,2FN3L,프리한테린이,양도많고 사리도 풍부하게 나와서 너무 맛있어요!,,2025-03-08 12:01:56,37792495,장인닭갈비 강남점,naver,c120eb07-fe13-4515-875e-02a4abf0ce85
2587,67cc33dc710130b15076e68c,69cdB,김성현66,비쥬얼부터 미쳤네요ㅠ 넘 맛있어요!!,,2025-03-08 12:01:56,37792495,장인닭갈비 강남점,naver,c120eb07-fe13-4515-875e-02a4abf0ce85
2588,67cc335fc5997ffc7bf52e57,5oEk6,임채은5993,너무맛잇어요,,2025-03-08 11:43:20,37792495,장인닭갈비 강남점,naver,c120eb07-fe13-4515-875e-02a4abf0ce85
2589,67cc2aa09c9dfa2f560308b0,4eHrn,봉붕75,너무 맛있어용 다음에 또 올 것 같아용,,2025-03-08 11:27:53,37792495,장인닭갈비 강남점,naver,c120eb07-fe13-4515-875e-02a4abf0ce85
2590,67cc280b445311e62e069fd5,dr29e,수수앙버터12,처음 와봤는데 비주얼이 압도적이고 맛있어요!! 셀프바도 있어서 샐러드랑 야채도 계속 먹을수 있습니다!! 또올게요!!!^^,,2025-03-08 11:14:13,37792495,장인닭갈비 강남점,naver,c120eb07-fe13-4515-875e-02a4abf0ce85
2591,67cc2737d3064b6c030089ea,2YvvJ,ㅋㅋㅋ77,,,2025-03-08 11:14:13,37792495,장인닭갈비 강남점,naver,c120eb07-fe13-4515-875e-02a4abf0ce85
2592,67cc28597d566083d2d033ba,31yQ5,갈락티코83,맛있고 간이 딱맞아요 직원들이 굉장히 친절하게 대해주십니다.,,2025-03-08 11:14:00,37792495,장인닭갈비 강남점,naver,c120eb07-fe13-4515-875e-02a4abf0ce85
2593,67cc2f73628df52fc1841e00,4UE5F,7D,닭갈비가 먹고싶어서 방문했는데 가성비 좋고 맛있어요! 다양한 사리를 추가할 수 있어서 좋고 다 조리되어 나와서 편하게 먹었어용 토요일 저녁에 방문해서 웨이팅이 조금 있긴 했는데 회전율이 좋아 금방 입장했습니다 담에 강남 오면 또 올 것 같아요!,,2025-03-08 11:00:20,37792495,장인닭갈비 강남점,naver,c120eb07-fe13-4515-875e-02a4abf0ce85
2594,67cc21661fe13c068cdad8f9,7E4o0,맹순희,"닭갈비 먹고싶어서 방문했는데 맛있습니다!!! 
직원분들도 친절하시고 다음에 또 올게요~",,2025-03-08 10:48:00,37792495,장인닭갈비 강남점,naver,c120eb07-fe13-4515-875e-02a4abf0ce85
2595,67cc08198789873f186c1b20,5uDcc,dddd6499,정말맛있습니다 최고에요,,2025-03-08 09:01:52,37792495,장인닭갈비 강남점,naver,c120eb07-fe13-4515-875e-02a4abf0ce85
2596,67ccfdb7c55c4e52fe95ca80,5TbTD,상큼한복숭앙,고기 엄청 맛있고 너무 부드럽습니다 잘먹고갑니다~,,2025-03-08 08:59:18,37792495,장인닭갈비 강남점,naver,c120eb07-fe13-4515-875e-02a4abf0ce85
2597,67cc095a00c296b1dd270c12,4BBkE,한파13,사람이 엄청 많았는데 회전율이 좋아서 빨리 들어왔어요!,,2025-03-08 08:54:34,37792495,장인닭갈비 강남점,naver,c120eb07-fe13-4515-875e-02a4abf0ce85
2598,67cc08047eed28f25c26f6a0,8i5K8,하하6785,너무맛있어요!!!싸고조아요,,2025-03-08 08:54:34,37792495,장인닭갈비 강남점,naver,c120eb07-fe13-4515-875e-02a4abf0ce85
2599,67cc27e5c76040bb533e1c78,62Dgu,현ㅈi,"주말 저녁에 가서 웨이팅은 좀 길게 했어요 30분 정도?
하지만 정말 맛있었구 볶음밥도 맛있었어요 ㅠㅠㅠ
맵찔이들에게 중간맛은 매웠지만 참을 수 있는 정도 였구요!!!
서빙해주시는 여자직원분을 비롯해서 카운터 계시는 분들 등등 다 친절하게 대해주셨어용 감사합니다
아맞다
입구쪽은 웨이팅 때문에 문열어져 익어서 쫌 추웠어요 ㅠ",,2025-03-08 08:54:05,37792495,장인닭갈비 강남점,naver,c120eb07-fe13-4515-875e-02a4abf0ce85
2600,67cc301f60b6a8049d06aaa6,4Ol32,캐서린8517,맛있습니다~♡♡,,2025-03-08 08:50:50,37792495,장인닭갈비 강남점,naver,c120eb07-fe13-4515-875e-02a4abf0ce85
2601,67cc40e43c34fc29763374bb,2cL3uo,mea****,맛있었습니다!,,2025-03-08 08:46:06,37792495,장인닭갈비 강남점,naver,c120eb07-fe13-4515-875e-02a4abf0ce85
2602,67cc05216edd3e3fd66f4f76,a8ZKy,유젠18,"근처에서 볼일있어서 들렸다가 강남역맛집 발견하고 갑니다 😍 운 좋게 웨이팅 많이 안하고 들어왔고, 음식두 빨리 나왔어요!! 직원들도 친절하고 닭갈비도 너무 맛있어요~~☺️💜",,2025-03-08 08:46:06,37792495,장인닭갈비 강남점,naver,c120eb07-fe13-4515-875e-02a4abf0ce85
2603,67cc22ef14ccdfd47a7c38d2,3JDZU,hae****,맛있어요~ 럭키봉봉 꼭 같이 드세요!,,2025-03-08 08:45:56,37792495,장인닭갈비 강남점,naver,c120eb07-fe13-4515-875e-02a4abf0ce85
2604,67ccf87ee8cf602664acc482,3AQXj,e_****,점심 먹으러 지인들과왓는데 맛잇어요 치즈도 쫄깃합니다,,2025-03-08 08:44:20,37792495,장인닭갈비 강남점,naver,c120eb07-fe13-4515-875e-02a4abf0ce85
2605,67cc0022a95b06adbf7be67c,2WmsH,PiongSuh,닭갈비 양도 많고 웨이팅도 빨리 빠져요,,2025-03-08 08:27:04,37792495,장인닭갈비 강남점,naver,c120eb07-fe13-4515-875e-02a4abf0ce85
2606,67cbffda4493b98416086a75,2A31s,강영현68,"첨 와봤는데 짱맛있어서 다음에도 오려고 합니닷
강남 치고 가성비 좋은 것 가타요",,2025-03-08 08:27:04,37792495,장인닭갈비 강남점,naver,c120eb07-fe13-4515-875e-02a4abf0ce85
2607,67cd119f4adf85d3b970639b,3wSjn,원앤온리닉,잡내도 적고 맛있게 잘 먹고 갑니다!,,2025-03-08 07:51:05,37792495,장인닭갈비 강남점,naver,c120eb07-fe13-4515-875e-02a4abf0ce85
2608,67cbfe1ddb74d0fa227aed02,1sZQ6,jiaeae,,,2025-03-08 07:51:05,37792495,장인닭갈비 강남점,naver,c120eb07-fe13-4515-875e-02a4abf0ce85
2609,67cbfa3e8450d8e4cb6ed5e1,57XZX,이은진7927,장인닭갈비 두 번째 와보는데 음식도 빨리 나오고 친절하세요! 맛있게 잘 먹었습니다~,,2025-03-08 07:36:19,37792495,장인닭갈비 강남점,naver,c120eb07-fe13-4515-875e-02a4abf0ce85
2610,67cc0d8764aa5a3caceb5f06,14egR,릴리8,닭갈비 우동사리 추가해서 먹었어요 달달하니 맛있어요 순한맛 추천,,2025-03-08 07:36:01,37792495,장인닭갈비 강남점,naver,c120eb07-fe13-4515-875e-02a4abf0ce85
2611,67cbfa87d207aca4ef74d089,b4IYa,강주아844,직원분들 친절하시고 양도많고 음식도 빨리 나와요!,,2025-03-08 07:36:01,37792495,장인닭갈비 강남점,naver,c120eb07-fe13-4515-875e-02a4abf0ce85
2612,67cbf97943fb4cc2bac8978c,3FGa1,lil****,맛잇게먹엇엉ㅎ ^^,,2025-03-08 07:36:01,37792495,장인닭갈비 강남점,naver,c120eb07-fe13-4515-875e-02a4abf0ce85
2613,67cbf7c7329cb4aa4f29dc2b,3f6rp,리뷰용임,양념이랑 고기랑 넘 잘어울리고 맛있어요 두번째 방문이에요!,,2025-03-08 07:36:01,37792495,장인닭갈비 강남점,naver,c120eb07-fe13-4515-875e-02a4abf0ce85
2614,67cbf66ac251308c9575ff39,amKxv,qkr****,대기시간 없이 빨리 먹은고같아용 !! 진짜 맛집 ㅎㅎ,,2025-03-08 07:36:01,37792495,장인닭갈비 강남점,naver,c120eb07-fe13-4515-875e-02a4abf0ce85
2615,67cc554adcfe5c667c4c629c,bZAWc,wldhsl0w0,리뷰는 처음 쓰는데 재방문이에요!! 올때마다 넘나 맛있는🥺 강남역 근처에 있어서 접근성도 최고!!😆👍🏻 또 올게요!!,,2025-03-08 07:28:50,37792495,장인닭갈비 강남점,naver,c120eb07-fe13-4515-875e-02a4abf0ce85
2616,67cbe76b69dcb8cdbb5333f9,aDxwW,김지영9132,양도 많고 맛있어요!! 다음에 또 오고싶어용,,2025-03-08 06:35:07,37792495,장인닭갈비 강남점,naver,c120eb07-fe13-4515-875e-02a4abf0ce85
2617,67cbe6fe5deefc242e1f2c0d,7pA3i,heu****,맛았어요 다음에 또 올게요,,2025-03-08 06:35:07,37792495,장인닭갈비 강남점,naver,c120eb07-fe13-4515-875e-02a4abf0ce85
2618,67cbe63a3ad68ba9f6eb410c,2bQ2S1,jse****,사람 많길래 왔는데 한입 먹고 만족했어요,,2025-03-08 06:35:07,37792495,장인닭갈비 강남점,naver,c120eb07-fe13-4515-875e-02a4abf0ce85
2619,67cbe61c4944e3ab76d3904a,4llJ4,대현11,"음식도 맛있고 은근히 양도 많아요.
샐러드랑 쌈채소도 신선해요.",,2025-03-08 06:35:07,37792495,장인닭갈비 강남점,naver,c120eb07-fe13-4515-875e-02a4abf0ce85
2620,67cbe3c891e0822ca496f0dd,cNCTP,bbebul,믿고 먹는 장인 닭갈비!! 젼맛탱입니당 매워서 스트레스 풀려용,,2025-03-08 06:19:54,37792495,장인닭갈비 강남점,naver,c120eb07-fe13-4515-875e-02a4abf0ce85
2621,67cbe0760374896a7d7164f7,eUdMz,gyub330,진찌 개꿀맛,,2025-03-08 06:06:05,37792495,장인닭갈비 강남점,naver,c120eb07-fe13-4515-875e-02a4abf0ce85
2622,67cbd42efafbdaac31ba3cbb,1oBAA,이이응이응,양도 많고 가성비 너무좋아요 ❤️,,2025-03-08 05:14:19,37792495,장인닭갈비 강남점,naver,c120eb07-fe13-4515-875e-02a4abf0ce85
2623,67cd99cfecec57f90898d105,2DDfR,쩡재님,강남 맛집인 이유가 있죠? 사람이 많은 만큼 다 이유가 있는법! 맛나게 잘 먹고 갑니다ㅎㅎ,,2025-03-08 03:38:41,37792495,장인닭갈비 강남점,naver,c120eb07-fe13-4515-875e-02a4abf0ce85
2624,67cbb7f2442547701354a5c1,bbq9V,임꺾쩡,엄마랑 왔는데 치즈 추가 안 해도 담백하고 맛있어요,,2025-03-08 03:14:28,37792495,장인닭갈비 강남점,naver,c120eb07-fe13-4515-875e-02a4abf0ce85
2625,67cbf09bc024b163a796c9c4,97Ml,밍뭉몽밍,,,2025-03-08 02:53:15,37792495,장인닭갈비 강남점,naver,c120eb07-fe13-4515-875e-02a4abf0ce85
2626,67cbf07a8c29c2f56f54e35f,3QRRL,난희골혜닝겐20,친구따라 강남갔다가 온 장인 닭갈비 넘 맛있어요,,2025-03-08 02:45:20,37792495,장인닭갈비 강남점,naver,c120eb07-fe13-4515-875e-02a4abf0ce85
2627,67cbbf4b1d7c87e4aa687db7,45Beq,민성현60,"정말 맛있게 잘먹었어요!
닭갈비에 사리추가 추천드려요!!",,2025-03-08 02:45:20,37792495,장인닭갈비 강남점,naver,c120eb07-fe13-4515-875e-02a4abf0ce85
2628,67cbf0b4fec3a6cee8059404,27xwb,김보,강남올때마다 방문하는 장인닭갈비 넘 맛있어영!! 치즈랑 라면이랑 닭이랑 궁합 미쳤구 직원분들도 넘 친절해여,,2025-03-08 02:44:31,37792495,장인닭갈비 강남점,naver,c120eb07-fe13-4515-875e-02a4abf0ce85
2629,67cbb2063ad68ba9f6bf1a2b,1rAA9,강고집79,맛있어요! 음식도 너무 예쁘게 나오고 조리된 상태로 나오는 거라 바로 먹을 수 있어서 좋아요~!,,2025-03-08 02:44:31,37792495,장인닭갈비 강남점,naver,c120eb07-fe13-4515-875e-02a4abf0ce85
2630,67cbf271470bd16655ba015a,3b4N,JJ4179,너무맛잇어요~!!,,2025-03-08 02:44:05,37792495,장인닭갈비 강남점,naver,c120eb07-fe13-4515-875e-02a4abf0ce85
2631,67cbc25ab19f3511c43db401,4H6H1,I am Worshiper,,,2025-03-08 02:44:05,37792495,장인닭갈비 강남점,naver,c120eb07-fe13-4515-875e-02a4abf0ce85
2632,67cbb85c02333749b370f931,2PMlh,알수없는음악가지인,"친구랑 강남역 놀러왔다가 웨이팅 맛집이라길래 와서 먹어봤는데
제가 먹은 닭갈비중에 손에 꼽을정도로 맛있었습니다..😍😍웨이팅에 이유가 있네요ㅋㅋ
전 12시 전에 와서 운좋게 바로 들어올수있었어용!!
치즈사리 꼭 추가해서 드시고
마무리 💗장인볶음밥💗강추예요 진짜 대존맛!!!!!",,2025-03-08 02:25:22,37792495,장인닭갈비 강남점,naver,c120eb07-fe13-4515-875e-02a4abf0ce85
2633,67cbba7e613a7d9efe2af16d,2co3od,p31****,너무 맛있다😋,,2025-03-08 02:07:59,37792495,장인닭갈비 강남점,naver,c120eb07-fe13-4515-875e-02a4abf0ce85
2634,67cbdefcdb787d16441f9f65,4heAP,아이스2516,강남 닭갈비 1등~,,2025-03-07 14:46:19,37792495,장인닭갈비 강남점,naver,c120eb07-fe13-4515-875e-02a4abf0ce85
2635,67cbd5ff0c4c85500f894412,4UvcX,신현재17,직원분들이 너무 친절하고 음식도 너무 맛있어요!! 대박!!,,2025-03-07 14:46:19,37792495,장인닭갈비 강남점,naver,c120eb07-fe13-4515-875e-02a4abf0ce85
2636,67cbc662164afcd4bc4cf09e,2nIjR,메리벨20,"대기 많은 이유가 있네요 푸짐하고 양도 많아요
반찬은 셀프바 이용이라 편해요",,2025-03-07 14:46:19,37792495,장인닭갈비 강남점,naver,c120eb07-fe13-4515-875e-02a4abf0ce85
2637,67cbc63dab14c93a809f163a,3hajB,포레스트김4,"가운데 치즈가 쭉쭉 맛있습니다.
줄이 길어도 금방 빠져서 괜찮았어요",,2025-03-07 14:46:19,37792495,장인닭갈비 강남점,naver,c120eb07-fe13-4515-875e-02a4abf0ce85
2638,67cbb92b7609ea1f6794d19f,6sWJy,빵모자8,나오자마자 한컷찍고 허겁지겁 먹었네여,,2025-03-07 14:46:19,37792495,장인닭갈비 강남점,naver,c120eb07-fe13-4515-875e-02a4abf0ce85
2639,67cbb8e7f396ec0a826328f2,3VBWl,오분이,"비주얼 너무 예쁘고 맛있어요
우동사리 필수",,2025-03-07 14:46:19,37792495,장인닭갈비 강남점,naver,c120eb07-fe13-4515-875e-02a4abf0ce85
2640,67cbb81d6834442d38d84c1e,2SMhn,awdes2,마싯어용👍👍추천,,2025-03-07 14:46:19,37792495,장인닭갈비 강남점,naver,c120eb07-fe13-4515-875e-02a4abf0ce85
2641,67cbb806135bf77bbf491371,khq9,gns****,맛있게 잘 먹었습니다.,,2025-03-07 14:46:19,37792495,장인닭갈비 강남점,naver,c120eb07-fe13-4515-875e-02a4abf0ce85
2642,67cbb5ba71fbd4faaea39092,2SMmK,골아파득,"가성비 미침
싸고 맛있음 라면사리는 다른집과 다르게 얇아서 소스가 잘 베겨있음
굿 재방문 의사 완전 있어요👍👍",,2025-03-07 14:46:19,37792495,장인닭갈비 강남점,naver,c120eb07-fe13-4515-875e-02a4abf0ce85
2643,67cbaf941b1d57f61636960b,cNosa,hon****,맛있고 양도 푸짐 합니다,,2025-03-07 14:46:19,37792495,장인닭갈비 강남점,naver,c120eb07-fe13-4515-875e-02a4abf0ce85
2644,67cbae31fe831d1adc6aaa09,2wWTU,쫑아88,"저ㅗ히는 웨이팅 걸리기전 도착해서 바로 들어올수 있었어요 조금 시간 지나니 꽉차내요 
양도 많고 맛있습니다 또 올께요",,2025-03-07 14:46:19,37792495,장인닭갈비 강남점,naver,c120eb07-fe13-4515-875e-02a4abf0ce85
2645,67cbaa83e1eeeac8072812fd,1oRGw,duaaldo73,양도 많고 친절하시고 중간맛 A세트2인분 가성비도 좋네요!,,2025-03-07 14:46:19,37792495,장인닭갈비 강남점,naver,c120eb07-fe13-4515-875e-02a4abf0ce85
2646,67cbaa603e02696afa974205,5E3kZ,잭더리퍼20,양도 많고 맛있어요. 바로 먹을수 있게 나와요.,,2025-03-07 14:46:19,37792495,장인닭갈비 강남점,naver,c120eb07-fe13-4515-875e-02a4abf0ce85
2647,67cbd6d4e640427bc625dfda,5aAQL,허거덩거덩스한 고양이,남자친구랑 먹으러 왔는데 두 명이라 점심때인데도 입장도 빨랐고 음식 나오는 속도도 빨라서 너무 좋았어요! 가성비 최고 왜 인기 많은지 알거같은 닭갈비집!!!,,2025-03-07 13:57:48,37792495,장인닭갈비 강남점,naver,c120eb07-fe13-4515-875e-02a4abf0ce85
2648,67cc1dedc4028ec4b843c57e,7ONED,Laina372,친구들이랑 먹으러왔는데 주말이어도 대기가 금방 빠져서 좋았어요 맛있습니당!!,,2025-03-07 13:48:34,37792495,장인닭갈비 강남점,naver,c120eb07-fe13-4515-875e-02a4abf0ce85
2649,67cc1d9dc5997ffc7be45587,abRkR,사리9175,강남역 닭갈비집은 여기만 옵니당!! 맛있어요 😁😁,,2025-03-07 13:48:34,37792495,장인닭갈비 강남점,naver,c120eb07-fe13-4515-875e-02a4abf0ce85
2650,67cc1da2018a221a29260c4f,83afX,예은59,최애 닭갈비 집이에요ㅠㅠ 언제와도 너무너무 맛있고 순환이 빨라서 사람 많아두 금방 들어와요! 잘먹고갑니다!,,2025-03-07 13:43:49,37792495,장인닭갈비 강남점,naver,c120eb07-fe13-4515-875e-02a4abf0ce85
2651,67cbabd4516788c1708829f7,64HHt,jjjj989,"양도 진짜많고 손님도 적당히 많더라구요!!
소문안난 맛집 같아용
치즈사리 우동사리 추가 필수입미당",,2025-03-07 12:23:22,37792495,장인닭갈비 강남점,naver,c120eb07-fe13-4515-875e-02a4abf0ce85
2652,67cbb9e32a4bdc7abf3b3f85,8Zhlw,해리해삐,"가성비 갑
맛있어용-🩶🤍",,2025-03-07 12:13:45,37792495,장인닭갈비 강남점,naver,c120eb07-fe13-4515-875e-02a4abf0ce85
2653,67cbb9db6534d30918fadbae,eWKdh,eje****,맛있어요~,,2025-03-07 12:13:45,37792495,장인닭갈비 강남점,naver,c120eb07-fe13-4515-875e-02a4abf0ce85
2654,67cbcd6d6e56a9a6a2e5f7aa,34xRp,피프티피플,닭갈비가 맛있어요! 달달하고 치즈도 고소하고 좋네요.,,2025-03-07 12:10:45,37792495,장인닭갈비 강남점,naver,c120eb07-fe13-4515-875e-02a4abf0ce85
2655,67cae7174c63111900fd0214,b3X0a,hel****,맛있어요!!!,,2025-03-07 12:05:43,37792495,장인닭갈비 강남점,naver,c120eb07-fe13-4515-875e-02a4abf0ce85
2656,67cae526ec781de7c9f74298,6rpYB,콩콩81,너무 맛있어요!! 또 올게요💛,,2025-03-07 12:05:43,37792495,장인닭갈비 강남점,naver,c120eb07-fe13-4515-875e-02a4abf0ce85
2657,67cad4f44dec7dc8b03a73d4,1Pl2S,리이뷰어린이,오래기다린만큼 정말 맛있어요 외국인들도 먹기 좋게 덜 매워요👍,,2025-03-07 11:07:59,37792495,장인닭갈비 강남점,naver,c120eb07-fe13-4515-875e-02a4abf0ce85
2658,67cad0dd7d1ceaeb364d4b76,2LH4W,오마이갓김취,넘 맛있어요!!😍,,2025-03-07 10:54:22,37792495,장인닭갈비 강남점,naver,c120eb07-fe13-4515-875e-02a4abf0ce85
2659,67cc1db1a46700f451b95581,7Le8o,윤둘이,조금 기다리긴했지만 음식이 바로 나와서 좋아요! 음식도 맛있습니다~,,2025-03-07 10:30:49,37792495,장인닭갈비 강남점,naver,c120eb07-fe13-4515-875e-02a4abf0ce85
2660,67cac73991d1c643127ed79e,3ugms,내안의너72,"조금 기다리긴 했지만 어머니랑 같이왔어요~^^직원분들 다 친절하시고 닭갈비도
맛있어요 꼭 드셔보세요~~",,2025-03-07 10:05:00,37792495,장인닭갈비 강남점,naver,c120eb07-fe13-4515-875e-02a4abf0ce85
2661,67cacc9dd8e1e2d43a5f9a70,3UolQ,Ye999,여전히 맛있어용...따봉.,,2025-03-07 09:29:10,37792495,장인닭갈비 강남점,naver,c120eb07-fe13-4515-875e-02a4abf0ce85
2662,67caccc4f60b9d394decf594,4oYvL,백원이237,정말 맛있어요,,2025-03-07 09:28:52,37792495,장인닭갈비 강남점,naver,c120eb07-fe13-4515-875e-02a4abf0ce85
2663,67cabcffb7360d057581bb5d,clMqn,tae****,너무 맛있어요~!!,,2025-03-07 09:28:52,37792495,장인닭갈비 강남점,naver,c120eb07-fe13-4515-875e-02a4abf0ce85
2664,67cabcf43f55161e2986a19e,3ZZKm,sr,음식도 바로 나오고 맛있습니다!! 추천,,2025-03-07 09:28:52,37792495,장인닭갈비 강남점,naver,c120eb07-fe13-4515-875e-02a4abf0ce85
2665,67cabc7a5151f4287a6ebc3c,aSBUg,ahr****,맛이어여여,,2025-03-07 09:26:32,37792495,장인닭갈비 강남점,naver,c120eb07-fe13-4515-875e-02a4abf0ce85
2666,67cabc6ef23d3dee93d3a332,d6NoB,yurim1795,맛잇어요,,2025-03-07 09:26:32,37792495,장인닭갈비 강남점,naver,c120eb07-fe13-4515-875e-02a4abf0ce85
2667,67cab8f405616a82c4b2a574,abdBh,dlgusk,적당히 매콤하고 맛있어요!!! 간도 잘 베어있어서 무엇하나 싱겁지도 않아요 맛있습니당!,,2025-03-07 09:08:09,37792495,장인닭갈비 강남점,naver,c120eb07-fe13-4515-875e-02a4abf0ce85
2668,67ca989a8639bd54aa9f95c0,2QBc3,늘 한결처럼,점심시간 후에도 사람이 많네요~ 셀프바도 이용 가능하고 맛있을거 같아요~!!!,,2025-03-07 06:48:20,37792495,장인닭갈비 강남점,naver,c120eb07-fe13-4515-875e-02a4abf0ce85
2669,67ca985c35ff27f554bc3160,1cwQI,tjg****,"손님도 많고 직원들도 친절 하시네요~
음식도 푸짐해요!",,2025-03-07 06:48:20,37792495,장인닭갈비 강남점,naver,c120eb07-fe13-4515-875e-02a4abf0ce85
2670,67ca9775faeb2645ea608013,5f8wc,ttmo100471,,,2025-03-07 06:48:20,37792495,장인닭갈비 강남점,naver,c120eb07-fe13-4515-875e-02a4abf0ce85
2671,67ca8e7bfd7debceb0bb33d6,d5Vv6,Mandarina39,너무 맛있어요 우동사리 꼭 추가하시고 꼭 점심에 오세요,,2025-03-07 05:58:27,37792495,장인닭갈비 강남점,naver,c120eb07-fe13-4515-875e-02a4abf0ce85
2672,67ca8babd12f256d34db5c3f,3tndD,YJThing,점심 특선 가격도 저렴하고 양도 많고 맛있어요 강남 닭갈비는 여기!!,,2025-03-07 05:42:58,37792495,장인닭갈비 강남점,naver,c120eb07-fe13-4515-875e-02a4abf0ce85
2673,67ca875970213ca53f71e713,9jCs7,jel****,맛있었습니다!,,2025-03-07 05:28:34,37792495,장인닭갈비 강남점,naver,c120eb07-fe13-4515-875e-02a4abf0ce85
2674,67ca86f8da97d15c9079ed33,cfw55,나다다8775,맛있어용,,2025-03-07 05:28:34,37792495,장인닭갈비 강남점,naver,c120eb07-fe13-4515-875e-02a4abf0ce85
2675,67ca87eae30d2be641021574,1QM2K,젼230,"오랜만에 왔는데 맛있게 잘먹었어요☺️!!

치즈가 너무 맛있네요 ~~ ㅎㅎ 다음에 또 방문 할게요 !",,2025-03-07 05:23:51,37792495,장인닭갈비 강남점,naver,c120eb07-fe13-4515-875e-02a4abf0ce85
2676,67ca82cfc251308c95799d1b,1woP9,innu3368,,,2025-03-07 05:22:17,37792495,장인닭갈비 강남점,naver,c120eb07-fe13-4515-875e-02a4abf0ce85
2677,67ca82f005616a82c48543d4,2WHOT,meyong200080,너무 맛있어요 !! 💗,,2025-03-07 05:18:13,37792495,장인닭갈비 강남점,naver,c120eb07-fe13-4515-875e-02a4abf0ce85
2678,67ca82d8da78bfbda20df157,1W6Ty,피자의유혹,역시 닭갈비는 장인닭갈비👍🏻 강남오면 맨날 여기서만 먹어요! 치즈 진짜 많고 닭고기도 엄청 부드러워서 완전 맛있어요!😍,,2025-03-07 05:18:13,37792495,장인닭갈비 강남점,naver,c120eb07-fe13-4515-875e-02a4abf0ce85
2679,67ca7a158639bd54aa8749b6,63L61,chiiiiii4,빨리나오고 친절하십니다!,,2025-03-07 04:37:00,37792495,장인닭갈비 강남점,naver,c120eb07-fe13-4515-875e-02a4abf0ce85
2680,67ca74196df530aa747a8350,3xR5z,김나연1003,"가게 들어올때부터 맛있는 냄새가..!!!
금요일 1시쯤에 왔는데 다행이 웨이팅 없이 들어왔어요
양도 많고 가성비도 좋아요ㅠ 대만족!!! 넘 맛있습니다~~~👍🏻",,2025-03-07 04:07:57,37792495,장인닭갈비 강남점,naver,c120eb07-fe13-4515-875e-02a4abf0ce85
2681,67ca6c90ecb70cd6cc8aec4f,7JQPC,시안3587,맛있어요!,,2025-03-07 03:44:27,37792495,장인닭갈비 강남점,naver,c120eb07-fe13-4515-875e-02a4abf0ce85
2682,67ca6c116cfc48a8d0bb9c55,cqvJx,cwh****,"맛집 검색해서 와서 기대 하고 왔는데 생각보다 맛있고 양도 많아서 너무 좋았습니다ㅏㅏ
다음에 놀러올따 또 오겠습니다",,2025-03-07 03:44:27,37792495,장인닭갈비 강남점,naver,c120eb07-fe13-4515-875e-02a4abf0ce85
2683,67cbb8e2bf53232ad6bccc55,2co3od,p31****,너무 맛있어요😋,,2025-03-07 03:25:00,37792495,장인닭갈비 강남점,naver,c120eb07-fe13-4515-875e-02a4abf0ce85
2684,67ca65880de6c30de4edf6f0,71PGm,anjfRk,치즈랑 같이 먹으니 너무 맛있어요!  너무 맛있게 먹었습니다!! 역시 강남역 맛집은 장인닭갈비!!👍👍👍,,2025-03-07 03:01:47,37792495,장인닭갈비 강남점,naver,c120eb07-fe13-4515-875e-02a4abf0ce85
2685,67ca6f70dfb6982c32fae1b0,ukeV,직이직이604,맛있을것 같아요! 닭갈비 맛집이라 소문듣고 왔는데 대기없이 운좋게 바로 앉았어요. 기대가 큽니다!,,2025-03-07 02:55:37,37792495,장인닭갈비 강남점,naver,c120eb07-fe13-4515-875e-02a4abf0ce85
2686,67ca76e010d413a9ec3bc5f2,a8Z4K,지원5989,닭갈비가 맛있고 런치세트를 이용하면 가성비라서 더 좋아요 ~!,,2025-03-06 14:17:00,37792495,장인닭갈비 강남점,naver,c120eb07-fe13-4515-875e-02a4abf0ce85
2687,67cbf1ecd3abb584ea4efd08,3pUii,쇠똥굴이,너무 맛있어요! 강남역 바로 근처에 있어서 접근성도 편리해요~~~,,2025-03-06 14:13:50,37792495,장인닭갈비 강남점,naver,c120eb07-fe13-4515-875e-02a4abf0ce85
2688,67cbcdfcf6b055096c8bcdae,2bJuAn,권오현409,,,2025-03-06 14:13:50,37792495,장인닭갈비 강남점,naver,c120eb07-fe13-4515-875e-02a4abf0ce85
2689,67cbc14cdb787d164406ced3,5zKfi,정윤69,양도 많고 맛있어요 ! 그리고 친절하세요 😊,,2025-03-06 14:13:50,37792495,장인닭갈비 강남점,naver,c120eb07-fe13-4515-875e-02a4abf0ce85
2690,67cbb1619f75d18d0e1b891a,6STfQ,sso****,"친구와 오랫만에 닭갈비 먹으러 왔습니다.
맛있게 맵고 가성비 좋아요",,2025-03-06 14:13:50,37792495,장인닭갈비 강남점,naver,c120eb07-fe13-4515-875e-02a4abf0ce85
2691,67cbb152a77a7a4184a8b97d,1qFGE,Wanylove,"오랫만에 먹는 닭갈비인데 정말 맛나게 잘 먹었습니다!! 
매운거 좋아하는데 매운맛 맵기 딱 제 입맛이 맞네요^^",,2025-03-06 14:13:50,37792495,장인닭갈비 강남점,naver,c120eb07-fe13-4515-875e-02a4abf0ce85
2692,67ca7efea36bfecb8a97de3b,8Ocfs,aza****,맛잇고 양많아요!,,2025-03-06 14:13:50,37792495,장인닭갈비 강남점,naver,c120eb07-fe13-4515-875e-02a4abf0ce85
2693,67ca787d9132a7ad3bb3484e,d8At7,강예랑53,너무 맛있어요!! 다음에 또 올거같아용😆,,2025-03-06 14:13:50,37792495,장인닭갈비 강남점,naver,c120eb07-fe13-4515-875e-02a4abf0ce85
2694,67ca76cc38f833b6d699d084,4NRoo,해히루이이,,,2025-03-06 14:13:50,37792495,장인닭갈비 강남점,naver,c120eb07-fe13-4515-875e-02a4abf0ce85
2695,67ca6f8e84beb2aaed9ae9b5,bumWW,chl****,체고맛나요,,2025-03-06 14:13:50,37792495,장인닭갈비 강남점,naver,c120eb07-fe13-4515-875e-02a4abf0ce85
2696,67c9726d0d7260baa4bc307e,20TX,유진삐,"닭갈비에 우동사리 넘 맛있어요
다음엔 라면사리 넣어서 먹어보려구요 ^_^",,2025-03-06 09:58:00,37792495,장인닭갈비 강남점,naver,c120eb07-fe13-4515-875e-02a4abf0ce85
2697,67c97271e79e22235a3b28b1,3hv0j,죠륻이,친구랑 둘이서 와서 먹었는데 웨이팅도 금방 빠지고 닭갈비도 매콤해서 너무 맛있었어요!!😍 다음에 또 재방문하고싶네요~~!,,2025-03-06 09:57:59,37792495,장인닭갈비 강남점,naver,c120eb07-fe13-4515-875e-02a4abf0ce85
2698,67c9896a9850833585668019,35Xif,wookisun,즐거운 저녁 시간이됐어요. 감사합니다.,,2025-03-06 09:26:00,37792495,장인닭갈비 강남점,naver,c120eb07-fe13-4515-875e-02a4abf0ce85
2699,67c968799baffac0d49f6abb,48EUa,주이진이,맛있어염 최고,,2025-03-06 09:18:00,37792495,장인닭갈비 강남점,naver,c120eb07-fe13-4515-875e-02a4abf0ce85
2700,67c96ec4e21af6a8e67ed572,3qTW2,KDW07,가성비 맛집 맛있어용 ㅎㅎ,,2025-03-06 09:08:14,37792495,장인닭갈비 강남점,naver,c120eb07-fe13-4515-875e-02a4abf0ce85
2701,67c9681fa0b1bd6368230011,38clk,ㅇㅇ22,넘 맛있어요 추천추천 드립니다,,2025-03-06 09:08:14,37792495,장인닭갈비 강남점,naver,c120eb07-fe13-4515-875e-02a4abf0ce85
2702,67c95d520de6c30de452d667,4w892,김민아1770,양도많고 맛있어요!!,,2025-03-06 08:27:20,37792495,장인닭갈비 강남점,naver,c120eb07-fe13-4515-875e-02a4abf0ce85
2703,67c95a2125dae0d5b52321c4,45vJV,현주95,정말 맛있어요~~ 닭갈비 먹고 싶으면 여기 올 거 같아요💓,,2025-03-06 08:03:16,37792495,장인닭갈비 강남점,naver,c120eb07-fe13-4515-875e-02a4abf0ce85
2704,67c95a047a54386a9bcd952a,3Uygg,김지원7024,맛있어요!,,2025-03-06 08:03:16,37792495,장인닭갈비 강남점,naver,c120eb07-fe13-4515-875e-02a4abf0ce85
2705,67c9581da5406e6d4e949398,9LrOk,soo****,양도 많고 깔끔하고 맛있어요!! ♥ 친구랑 둘이 왔는데 담에는 혼자와서 먹고가도  될거 같아요!!,,2025-03-06 08:03:16,37792495,장인닭갈비 강남점,naver,c120eb07-fe13-4515-875e-02a4abf0ce85
2706,67c957ecd6f1c1a9518273c4,7w26u,홍유미44,강남역에 닭갈비 맛집 찾은 것 같아요 맵기도 적당하고 치즈 많이 주셔서 맛있었습니다 나중에 회식하면 여기로 오려구요,,2025-03-06 08:01:33,37792495,장인닭갈비 강남점,naver,c120eb07-fe13-4515-875e-02a4abf0ce85
2707,67c987fff92db4b2aaaf35d4,5wiSI,얌생,"퇴근하구 친구랑 닭갈비 먹으러 왔습니닷..!!
저번에 방문 했었을때 너무 맛있게 잘 먹었어서 2번째 방문합니다~ ㅋㅋㅋㅋㅋ",,2025-03-06 07:57:11,37792495,장인닭갈비 강남점,naver,c120eb07-fe13-4515-875e-02a4abf0ce85
2708,67c96cab5e2c5d41cb1fa326,c28Kh,wujuseon,역시 맛있어요!!!!!,,2025-03-06 07:57:11,37792495,장인닭갈비 강남점,naver,c120eb07-fe13-4515-875e-02a4abf0ce85
2709,67c95f412d21e4fb2f0aaf81,2alyp,The Globalian,너무 맛잇어요!!,,2025-03-06 07:57:11,37792495,장인닭갈비 강남점,naver,c120eb07-fe13-4515-875e-02a4abf0ce85
2710,67c94ba1903d6a83645aecdd,6B7BM,달 아래 연꽃,"생각보다 양이 많고 구성이 좋아요! 매장도 넓고 친구, 가족이랑 오기 좋은 것 같아요😊 닭갈비 먹으러 춘천 안가도 될 것 같아요^()^ ㅋㅋ",,2025-03-06 07:01:03,37792495,장인닭갈비 강남점,naver,c120eb07-fe13-4515-875e-02a4abf0ce85
2711,67c94b624180aafd55079042,25hzO,hehe yummyummy,강남역 닭갈비 맛집 장안 닭갈비🤤🤤 양도 많고 맛있습니다🤤 직원분들 친절하시고 매장도 쾌적하고 넓어요!,,2025-03-06 07:01:03,37792495,장인닭갈비 강남점,naver,c120eb07-fe13-4515-875e-02a4abf0ce85
2712,67c949df84c0023fd0066048,5UgKu,Skboom,너무 맛있게 잘먹었습니다 볶음밥최고,,2025-03-06 06:23:42,37792495,장인닭갈비 강남점,naver,c120eb07-fe13-4515-875e-02a4abf0ce85
2713,67c9425f0c4a1b3e857edf3a,5Sz7T,희믈리,맛있게 잘먹었습니다 맛도리에용ㅎㅎㅎ,,2025-03-06 06:23:42,37792495,장인닭갈비 강남점,naver,c120eb07-fe13-4515-875e-02a4abf0ce85
2714,67c941b49ea3e5531cc3ea16,2E6ky,왁자지껄33,부모님과 방문해도 너무좋습니다 서울에 볼일있어서 왔는데 분위기랑 가성비 좋아요,,2025-03-06 06:23:42,37792495,장인닭갈비 강남점,naver,c120eb07-fe13-4515-875e-02a4abf0ce85
2715,67c93b8843c38a9147e4e8f5,ecT4b,jhy****,"양도.많고.넘맛있어요.치즈닭갈비찡짱맛나요.
딸이랑행복한나들이입니다.",,2025-03-06 05:56:43,37792495,장인닭갈비 강남점,naver,c120eb07-fe13-4515-875e-02a4abf0ce85
2716,67c92b1fa3d69ac88abe357b,ue2J,달콤한곰돌이13,강남오면 지나만 다니다가 오게 네이버 검색해서 오게 됐는데 맛있어요~,,2025-03-06 04:42:59,37792495,장인닭갈비 강남점,naver,c120eb07-fe13-4515-875e-02a4abf0ce85
2717,67c96766ba90a3b63a97409e,ebyKu,Flora61,다행히 웨이팅 없이 들어와서 바로 먹을수 있었어요ㅎㅎㅎ 재방문 의사 있습니다~~!! 굿굿,,2025-03-06 04:40:37,37792495,장인닭갈비 강남점,naver,c120eb07-fe13-4515-875e-02a4abf0ce85
2718,67c922bcde3f6626db739432,3GaVH,코니21,너무 맛있어요 ㅎㅎㅎㅎ양도 많이요,,2025-03-06 04:11:11,37792495,장인닭갈비 강남점,naver,c120eb07-fe13-4515-875e-02a4abf0ce85
2719,67c9229d306dad7f425d94f2,3PnYL,이으이응8680,처음왔는데 맛있어요! 자주 올 것 같아요,,2025-03-06 04:11:11,37792495,장인닭갈비 강남점,naver,c120eb07-fe13-4515-875e-02a4abf0ce85
2720,67c92098f19871c8f73187c6,1c2TR,아이사랑14,"양도 많고 가격도 착하고 사람많은 이유가 있었네요
강남에서 이 가격에 먹을 수 있다니 진짜 멋집니다~~",,2025-03-06 04:02:13,37792495,장인닭갈비 강남점,naver,c120eb07-fe13-4515-875e-02a4abf0ce85
2721,67c90d923c4910613a6290bb,3pMMJ,hij****,"너무 맛있어서 재방문입니다
대기업맛 아니고 진짜 춘천에서 먿는 기분이에용ㅎ
강남한복판에서 찐 닭갈비 먹어서 너무 좋아요🫶",,2025-03-06 02:41:55,37792495,장인닭갈비 강남점,naver,c120eb07-fe13-4515-875e-02a4abf0ce85
2722,67ca7e815c7c9c223cb556a0,19g2U,ksa8511,"강남 추천입니다
맛도 양도 행복해욤",,2025-03-06 00:21:00,37792495,장인닭갈비 강남점,naver,c120eb07-fe13-4515-875e-02a4abf0ce85
2723,67c96ca7c6de81fb5f7be175,5jgYS,888****,,,2025-03-05 21:33:00,37792495,장인닭갈비 강남점,naver,c120eb07-fe13-4515-875e-02a4abf0ce85
2724,67ca8cb849dd16a032a4b87d,XoIi,an****,맛있어요!!!,,2025-03-05 14:47:24,37792495,장인닭갈비 강남점,naver,c120eb07-fe13-4515-875e-02a4abf0ce85
2725,67ca64114be6fc65a209072c,3BGXc,귤6323,닭갈비 먹고싶을때마다 여기루와요! 너무맛잇어용!!,,2025-03-05 14:47:24,37792495,장인닭갈비 강남점,naver,c120eb07-fe13-4515-875e-02a4abf0ce85
2726,67c9641ec88591190b15b738,7C3sY,응원해2,"너무너무 맛있어요!!
많이 파세요!!!
담에 또 방문하겠습니다~~",,2025-03-05 14:47:24,37792495,장인닭갈비 강남점,naver,c120eb07-fe13-4515-875e-02a4abf0ce85
2727,67c963eea875903acb9c7078,e9nom,lee****,너무 맛있어요~~~ 또 올게요 ㅎㅎ,,2025-03-05 14:47:24,37792495,장인닭갈비 강남점,naver,c120eb07-fe13-4515-875e-02a4abf0ce85
2728,67c912f4f09e939a2ba92165,cyMnW,hyo****,꿀맛입니다❤️👏,,2025-03-05 14:47:24,37792495,장인닭갈비 강남점,naver,c120eb07-fe13-4515-875e-02a4abf0ce85
2729,67c9127c8e03249c5e65cf0c,3oeAu,st****,"양도 엄청 많고 직원도 친절하네요 
자주 올게요!",,2025-03-05 14:47:24,37792495,장인닭갈비 강남점,naver,c120eb07-fe13-4515-875e-02a4abf0ce85
2730,67c9121fa0309a08c7f778cc,3GHtb,hhyyrr0713,매번 애용하는 집입니다! 맛있어요!,,2025-03-05 14:47:24,37792495,장인닭갈비 강남점,naver,c120eb07-fe13-4515-875e-02a4abf0ce85
2731,67c9101081be82917d49fcb6,cqs6N,xxu****,"맛있어요,~~!!!",,2025-03-05 14:47:24,37792495,장인닭갈비 강남점,naver,c120eb07-fe13-4515-875e-02a4abf0ce85
2732,67c90e517a1b32aafb2121ad,1dCwM,스마일5141,"회사 점심시간에 들렀는데, 웨이팅 없이 바로 들어왔어요. 음식도 금방 나왔고 맛있습니다. 다음에 또 방문할게요 👍",,2025-03-05 14:47:24,37792495,장인닭갈비 강남점,naver,c120eb07-fe13-4515-875e-02a4abf0ce85
2733,67c90c9936e0a1f82a4cd2d9,42ysS,한글맨171,맛있게 잘먹겠습니다. 감사합니다,,2025-03-05 14:47:24,37792495,장인닭갈비 강남점,naver,c120eb07-fe13-4515-875e-02a4abf0ce85
2734,67c909f864aa5a3cacc1e96f,1rOTG,요노옴쟁이,"이름에 맞는 닭갈비.
맛있고 푸짐해서 딱좋아요~세트 메뉴도 있어서 점심때 먹기 좋아요~추천!",,2025-03-05 14:47:24,37792495,장인닭갈비 강남점,naver,c120eb07-fe13-4515-875e-02a4abf0ce85
2735,67c841c8913826e1ce641254,6A6Th,1105유진경,셀프바도 잘돼있고 닭갈비 달달하니 진짜 맛있어요!!,,2025-03-05 12:08:14,37792495,장인닭갈비 강남점,naver,c120eb07-fe13-4515-875e-02a4abf0ce85
2736,67c84407b8b250cd799d47f1,4LSXn,Youna,직원분들도 너무 친절하고 맛도 너무 맛있고 닭갈비 먹으러 여기로만 와요~~~🫶,,2025-03-05 11:31:00,37792495,장인닭갈비 강남점,naver,c120eb07-fe13-4515-875e-02a4abf0ce85
2737,67c839d1ec781de7c923e777,4KpJb,uny****,,,2025-03-05 11:31:00,37792495,장인닭갈비 강남점,naver,c120eb07-fe13-4515-875e-02a4abf0ce85
2738,67c83184c08c1e6a214fb6a3,3c8dm,yr396468,"강남 닭갈비 맛집!!!!💛💛💛💛
치즈도 듬뿍~~~~ ㅇ양도 엄청 많아요!!!",,2025-03-05 11:09:41,37792495,장인닭갈비 강남점,naver,c120eb07-fe13-4515-875e-02a4abf0ce85
2739,67c831607b19822120ca2446,drnvb,21159,닭갈비가 너무 맛있고 직원분들이 너무 친절해요! 앞으로 자주 올 것 같아요☺️,,2025-03-05 10:47:28,37792495,장인닭갈비 강남점,naver,c120eb07-fe13-4515-875e-02a4abf0ce85
2740,67c846b23401b5a013e7837f,4Ekdk,크크1023,"지나다가 들어갔는데
정말 맛있네요",,2025-03-05 10:17:33,37792495,장인닭갈비 강남점,naver,c120eb07-fe13-4515-875e-02a4abf0ce85
2741,67c829baf22345c5abb69a40,3gEbO,gusk1004,,,2025-03-05 10:17:33,37792495,장인닭갈비 강남점,naver,c120eb07-fe13-4515-875e-02a4abf0ce85
2742,67c82b44d33c8fe1ad3d523e,41wLu,라샤97,항상 사람이 넘 많길래 와봤는데 맛있네요! 치즈가 가짜치즈가 아니라서 좋음 ㅎㅎㅎㅎ,,2025-03-05 10:17:27,37792495,장인닭갈비 강남점,naver,c120eb07-fe13-4515-875e-02a4abf0ce85
2743,67c82e571007fb161c291440,4gwJ8,Sift3751,너무 맛있어요~~,,2025-03-05 09:42:05,37792495,장인닭갈비 강남점,naver,c120eb07-fe13-4515-875e-02a4abf0ce85
2744,67c81e4a533942c5d96aebad,cvzf9,kws****,너무 맛있어용,,2025-03-05 09:42:05,37792495,장인닭갈비 강남점,naver,c120eb07-fe13-4515-875e-02a4abf0ce85
2745,67c81e23ecec57f90809ae46,6p7PX,재수없는놈,꿀맛 다시왓어용~~~🩷🩷🫳🫳,,2025-03-05 09:42:05,37792495,장인닭갈비 강남점,naver,c120eb07-fe13-4515-875e-02a4abf0ce85
2746,67c817c453381e1e1d43fb58,4b5hA,땅콩카라멜,맛있어요,,2025-03-05 09:15:32,37792495,장인닭갈비 강남점,naver,c120eb07-fe13-4515-875e-02a4abf0ce85
2747,67c814cda89eb2020635fc31,1NnQs,esm45,엄청맛있고 볶음밥 꼭해서먹어야되요,,2025-03-05 09:07:29,37792495,장인닭갈비 강남점,naver,c120eb07-fe13-4515-875e-02a4abf0ce85
2748,67c815e23b7ee906e88b5cde,3PTPr,kdy223910,,,2025-03-05 08:55:28,37792495,장인닭갈비 강남점,naver,c120eb07-fe13-4515-875e-02a4abf0ce85
2749,67c8163ef68ebb848357d389,34TmN,tkd****,,,2025-03-05 08:00:50,37792495,장인닭갈비 강남점,naver,c120eb07-fe13-4515-875e-02a4abf0ce85
2750,67c80918e45f0b1309fab8b4,CqhY,기면듀,완전 맛있아요! 또올게요! 강남에서 닭갈비 먹을때 방문합니다,,2025-03-05 08:00:50,37792495,장인닭갈비 강남점,naver,c120eb07-fe13-4515-875e-02a4abf0ce85
2751,67c808bfb6889d6db816dd33,8cx4m,백야64,넘 맛잇어용,,2025-03-05 08:00:50,37792495,장인닭갈비 강남점,naver,c120eb07-fe13-4515-875e-02a4abf0ce85
2752,67c7ea4267eb3ee8a93b0acc,322R6,깡다93,맛있어요 ~~~~ 👍🏻,,2025-03-05 05:58:57,37792495,장인닭갈비 강남점,naver,c120eb07-fe13-4515-875e-02a4abf0ce85
2753,67c7eac26e56a9a6a23b1df5,6z76a,fly****,,,2025-03-05 05:13:09,37792495,장인닭갈비 강남점,naver,c120eb07-fe13-4515-875e-02a4abf0ce85
2754,67c7dc30627556bb67e604b3,48yLN,몰리777,맛있어요!!,,2025-03-05 04:56:01,37792495,장인닭갈비 강남점,naver,c120eb07-fe13-4515-875e-02a4abf0ce85
2755,67c7db78ea8a24157e99ddc1,ToDG,kja1407,맛있어요~~,,2025-03-05 04:56:01,37792495,장인닭갈비 강남점,naver,c120eb07-fe13-4515-875e-02a4abf0ce85
2756,67c7db35b4cda2ccda2264c7,577jI,jsb****,너무너무 마싯어영!!!!👍👍👍👍👍👍👍👍,,2025-03-05 04:56:01,37792495,장인닭갈비 강남점,naver,c120eb07-fe13-4515-875e-02a4abf0ce85
2757,67c7db31f22345c5ab74071c,4xefb,성민1780,점심시간에 맛있게 잘 먹었습니다~,,2025-03-05 04:56:01,37792495,장인닭갈비 강남점,naver,c120eb07-fe13-4515-875e-02a4abf0ce85
2758,67c81083ae2deffb5e6599db,bJ1vJ,yuh****,"대기 없이 바로들어왔어요
맛있고 양많아서 자주옵니당",,2025-03-05 04:41:19,37792495,장인닭갈비 강남점,naver,c120eb07-fe13-4515-875e-02a4abf0ce85
2759,67c7d882fe831d1adcf348e9,67Zxn,Jeonjinwoo,"가성비좋고, 맛있습니다!",,2025-03-05 04:41:19,37792495,장인닭갈비 강남점,naver,c120eb07-fe13-4515-875e-02a4abf0ce85
2760,67c7d80afaeb2645ea9bb99b,6gh2U,Adam6656,맛있게 먹고왔어요~!!,,2025-03-05 04:41:19,37792495,장인닭갈비 강남점,naver,c120eb07-fe13-4515-875e-02a4abf0ce85
2761,67c7e47b829281ebd227e7f9,dUN82,h0****,너무 맛있어요 다음에 또 이용할게염 🫰,,2025-03-05 03:47:52,37792495,장인닭갈비 강남점,naver,c120eb07-fe13-4515-875e-02a4abf0ce85
2762,67c82e0d66224d493b9e7879,9wIw0,hee****,두번째 방문인데 정말 맛있어요~!,,2025-03-05 03:47:45,37792495,장인닭갈비 강남점,naver,c120eb07-fe13-4515-875e-02a4abf0ce85
2763,67c824952493efdb070663b8,37Ojt,lynlyn1013,자주오는데 맛있어요!,,2025-03-05 03:29:25,37792495,장인닭갈비 강남점,naver,c120eb07-fe13-4515-875e-02a4abf0ce85
2764,67c824830b8e3e8c2b9c3622,RJlz,바아아압,양도 맛도 만족스러워요!! 👍👍,,2025-03-05 03:29:25,37792495,장인닭갈비 강남점,naver,c120eb07-fe13-4515-875e-02a4abf0ce85
2765,67c82c6c809ec698ac253ec9,2cSGZq,yur****,맛있게 먹었어요~ ㅎㅎ,,2025-03-05 03:25:39,37792495,장인닭갈비 강남점,naver,c120eb07-fe13-4515-875e-02a4abf0ce85
2766,67c80be14603833047bc1a9e,8xYzP,이수양9,항상 오는곳인데 너무너무 맛있어요 강남오시면 꼭 가보시길...😻,,2025-03-05 02:49:50,37792495,장인닭갈비 강남점,naver,c120eb07-fe13-4515-875e-02a4abf0ce85
2767,67c7bd5c8e03249c5e7af5bf,15W9y,loapapa,완전 흡입하다 지금 생각나서 리뷰씀   맛있는곳은 다이유가있음.  채소도 너무 싱싱함,,2025-03-05 02:49:50,37792495,장인닭갈비 강남점,naver,c120eb07-fe13-4515-875e-02a4abf0ce85
2768,67c82175d1dc3b4c9fa0f02a,3M1Zm,wooseokey1,야미~,,2025-03-05 02:48:46,37792495,장인닭갈비 강남점,naver,c120eb07-fe13-4515-875e-02a4abf0ce85
2769,67c813e427d5d99077d2ebc9,37YDu,wook91,맛있고 앙도 많습니다!! 좋아요,,2025-03-05 02:48:46,37792495,장인닭갈비 강남점,naver,c120eb07-fe13-4515-875e-02a4abf0ce85
2770,67c812914f71029515708ce8,3dDV9,love668,"닭갈비 먹으로 맨날 방문하는집입니당 최고최고잉
맛있어요 ㅋㅋㅋ",,2025-03-05 02:48:46,37792495,장인닭갈비 강남점,naver,c120eb07-fe13-4515-875e-02a4abf0ce85
2771,67c81260d140ce41b5b13d53,Ft92,루미너스94,강남 들리면 꼭 오는 맛집입니다! 왕맛있어요,,2025-03-05 02:48:46,37792495,장인닭갈비 강남점,naver,c120eb07-fe13-4515-875e-02a4abf0ce85
2772,67c80e6d28299da90dabbb0c,bI9kU,dla****,"배고피서 아무대나 들어왔는데
너무 맛있어서 만족스러운 식사였습니다

가성비도 좋고 
매장도 넓고 깨끗해서 좋아요!!!!
잘 먹었습니다
적극 추천합니다",,2025-03-05 02:48:46,37792495,장인닭갈비 강남점,naver,c120eb07-fe13-4515-875e-02a4abf0ce85
2773,67c822f4ec55d16b760a3105,3Xw2r,J9889,맛있고 양도많아요🥰,,2025-03-05 02:48:21,37792495,장인닭갈비 강남점,naver,c120eb07-fe13-4515-875e-02a4abf0ce85
2774,67c81d0887f13044bcba3297,bD9b4,냠냠7117,맛있습니당 !! 고기 질이 좋아요 !! 담에 또 방문 하겠습니다 !! 🍓🤗💖,,2025-03-05 02:48:21,37792495,장인닭갈비 강남점,naver,c120eb07-fe13-4515-875e-02a4abf0ce85
2775,67e3687d5dbabb6e98658051,2iw2y,hussey,너무맛있어요!!!! 야채도 있어서 정말 좋아요,,2025-03-04 14:30:52,37792495,장인닭갈비 강남점,naver,c120eb07-fe13-4515-875e-02a4abf0ce85
2776,67d4e7b91bada0808f930408,bElwg,아먹땡,볶음밥 짱맛있어요🤤,,2025-03-04 14:30:52,37792495,장인닭갈비 강남점,naver,c120eb07-fe13-4515-875e-02a4abf0ce85
2777,67c7bb8b7e5b2c03882ff7f3,3SPIt,wha****,"바로 입장해서 좋앗어요!!

가격도 착하고 맛도 좋아용!!",,2025-03-04 14:30:52,37792495,장인닭갈비 강남점,naver,c120eb07-fe13-4515-875e-02a4abf0ce85
2778,67c7bb5d5a7cb25691a7f525,1KYW8,NyamnyamS2,대기도 없고 너무 맛있어요!,,2025-03-04 14:30:52,37792495,장인닭갈비 강남점,naver,c120eb07-fe13-4515-875e-02a4abf0ce85
2779,67c7c0d49e5902bcb5ea2baa,2RajT,Gbean,맛있어요~~!~!~!~!~!!!!,,2025-03-04 14:25:47,37792495,장인닭갈비 강남점,naver,c120eb07-fe13-4515-875e-02a4abf0ce85
2780,67c802f116866caff61e3bb0,12VWE,jujupharme,"강남역 올때마다 오는데 넘 맛잇어요오!!
깻잎쌈싸먹음 최고!!",,2025-03-04 14:15:44,37792495,장인닭갈비 강남점,naver,c120eb07-fe13-4515-875e-02a4abf0ce85
2781,67c7c079a0309a08c70f87a8,1KdAq,opo****,"닭갈비에 치즈를 듬뿍주셔서 너무 맛있었어요
사리 우동 추가해먹엇더니 너무 배부르게 양도푸짐해요 짱짱 닭갈비",,2025-03-04 14:15:44,37792495,장인닭갈비 강남점,naver,c120eb07-fe13-4515-875e-02a4abf0ce85
2782,67c709a42db21467935f2e03,9m4j7,mag****,완죤 맛있어욤!! 다음에 또 방문할 거에요!!,,2025-03-04 14:04:23,37792495,장인닭갈비 강남점,naver,c120eb07-fe13-4515-875e-02a4abf0ce85
2783,67c806a46dcfeea89f1f883e,ptah,rla****,"양도 많고 볶아서 나와서 너무 좋아요

너무 맛잇게 잘 먹었습니다~",,2025-03-04 13:57:33,37792495,장인닭갈비 강남점,naver,c120eb07-fe13-4515-875e-02a4abf0ce85
2784,67c8068344a4e827501d45a5,48dbx,skd****,너무 맛있어요 다음에 또올게요~!~!!,,2025-03-04 13:57:33,37792495,장인닭갈비 강남점,naver,c120eb07-fe13-4515-875e-02a4abf0ce85
2785,67c802926c3eaee6b0c58e2a,eBzeq,kbe****,,,2025-03-04 13:54:05,37792495,장인닭갈비 강남점,naver,c120eb07-fe13-4515-875e-02a4abf0ce85
2786,67c7d6f812fcc7598a427f6a,eEHDp,rle****,좋아요 시설도 깔끔하고 맛도 맛있어요 하하,,2025-03-04 13:54:05,37792495,장인닭갈비 강남점,naver,c120eb07-fe13-4515-875e-02a4abf0ce85
2787,67c7fddb7a1a982a2a02c931,ctH9j,rla****,🤤🤤🤤💦💦💦,,2025-03-04 13:35:55,37792495,장인닭갈비 강남점,naver,c120eb07-fe13-4515-875e-02a4abf0ce85
2788,67c7d49f58b34c79e89d945e,6tnFr,lck****,맛있어요,,2025-03-04 13:25:05,37792495,장인닭갈비 강남점,naver,c120eb07-fe13-4515-875e-02a4abf0ce85
2789,67c7d461b17a8c08a2c7ab6f,35g8c,fj****,"평일 13:30인데도 사람 가득 ! 맛집이 맞구나 하고
바로 들어왔어요 🙂 오길 잘했구나 싶은 곳 ~
역시나 맛도 최고 ! 친절도 최고 ! 추천합니다 ♥️",,2025-03-04 13:25:05,37792495,장인닭갈비 강남점,naver,c120eb07-fe13-4515-875e-02a4abf0ce85
2790,67c7ddb05d5a8d346311ba89,2Obej,inaetnals,맛있어요!!,,2025-03-04 13:24:15,37792495,장인닭갈비 강남점,naver,c120eb07-fe13-4515-875e-02a4abf0ce85
2791,67c6dcbc764d0ffdb2467812,35D9X,smileyj07,"일단 직원 분들이 친절하십니다. 닭갈비도 생각 보다 빨리 나오고, 순한맛 주문하면 맵찔이도 맛있게 먹을 수 있어요! 사리는 꼭 추가하세요!",,2025-03-04 10:49:29,37792495,장인닭갈비 강남점,naver,c120eb07-fe13-4515-875e-02a4abf0ce85
2792,67c6ccedddf99eaa3e491b4d,7jOnu,푸딩루비,양도 많고 맛있어서 좋아요,,2025-03-04 09:48:31,37792495,장인닭갈비 강남점,naver,c120eb07-fe13-4515-875e-02a4abf0ce85
2793,67c6f44c3ee38520ea055351,1Xl8W,rhr****,마시써,,2025-03-04 09:31:14,37792495,장인닭갈비 강남점,naver,c120eb07-fe13-4515-875e-02a4abf0ce85
2794,67c6d89ef919f77fa46d091a,9jObx,rla****,밥이 너무 맛잇어서 좋아요,,2025-03-04 09:18:53,37792495,장인닭갈비 강남점,naver,c120eb07-fe13-4515-875e-02a4abf0ce85
2795,67c6fb75458a8acd048b7a18,Og8K,박혜민257,너무 맛있고 매장도 넓고 좋아요!,,2025-03-04 09:10:05,37792495,장인닭갈비 강남점,naver,c120eb07-fe13-4515-875e-02a4abf0ce85
2796,67c6c7a8f45b43879adc40ac,dsLh7,ass****,,,2025-03-04 09:10:05,37792495,장인닭갈비 강남점,naver,c120eb07-fe13-4515-875e-02a4abf0ce85
2797,67c6c4f8a161119eeb95f0da,biNds,z05****,직원분들도 친절하시고 고기도 정말 맛있네요,,2025-03-04 09:10:05,37792495,장인닭갈비 강남점,naver,c120eb07-fe13-4515-875e-02a4abf0ce85
2798,67c6c38383d4f1c7f9ad7800,3Zf2g,Jfilm,음식이 맛있었습니다,,2025-03-04 09:10:01,37792495,장인닭갈비 강남점,naver,c120eb07-fe13-4515-875e-02a4abf0ce85
2799,67c6c515e3243aa9236fc0ce,cqpfD,새벽에뜬별,맛있어요 맛있어요 맛있어요,,2025-03-04 08:58:46,37792495,장인닭갈비 강남점,naver,c120eb07-fe13-4515-875e-02a4abf0ce85
2800,67c6c4e96cfc48a8d051af26,6ueO4,thd****,치즈도 풍성하고 닭고기도 부드럽고 너무 맛있어요!!,,2025-03-04 08:58:46,37792495,장인닭갈비 강남점,naver,c120eb07-fe13-4515-875e-02a4abf0ce85
2801,67c6c3de91e0822ca4598b5d,2I2p3,SNS지혜혁명가,,,2025-03-04 06:24:32,37792495,장인닭갈비 강남점,naver,c120eb07-fe13-4515-875e-02a4abf0ce85
2802,67c6a9639ab15af35cd175a1,2d4hCR,kyn****,"강남역맛집 1등은
장인닭갈비네요!!  너무 맛있게 먹고갑니다 다음에도
또 올것같아요 
치즈랑 닭갈비의 조화가 어마어마합니다
추천합니다!!",,2025-03-04 06:24:32,37792495,장인닭갈비 강남점,naver,c120eb07-fe13-4515-875e-02a4abf0ce85
2803,67c6a06f4c26900e4b77d128,bHbLj,김리원2267,너무 맛있어요!! 다음에 또 오고 싶어요 치즈도 많고!,,2025-03-04 06:24:32,37792495,장인닭갈비 강남점,naver,c120eb07-fe13-4515-875e-02a4abf0ce85
2804,67c6a04cdd19bd35123a243a,2KdNu,질긴인생11,맛있어요~^^,,2025-03-04 06:24:32,37792495,장인닭갈비 강남점,naver,c120eb07-fe13-4515-875e-02a4abf0ce85
2805,67c6a04716fe36d2a385117e,ckMPh,dja****,음식 맛 너무 좋구 친절까지 하시네요,,2025-03-04 06:24:32,37792495,장인닭갈비 강남점,naver,c120eb07-fe13-4515-875e-02a4abf0ce85
2806,67c6799b066ad872fdd07a2f,4WvHM,권성학,점심에 뭐먹을지 고민하다가 들렸는데 너무 만족하고 먹고 가요!,,2025-03-04 03:53:00,37792495,장인닭갈비 강남점,naver,c120eb07-fe13-4515-875e-02a4abf0ce85
2807,67c679ba286100c9d1e28536,7l5kJ,며농,이게 아무것도 추가안한 2인이라니 믿어지시나요?!?! 양도 넘 많고 맛있어요ㅠㅠ 오늘은 사리추가 안했지만 담에는 꼭 해먹으려구요!! 완전 강추bb,,2025-03-04 03:33:07,37792495,장인닭갈비 강남점,naver,c120eb07-fe13-4515-875e-02a4abf0ce85
2808,67c6c97ed157786bb27572ff,6hezc,ode****,강남 저녁인만큼 사람이 많았는데 안내도 친절하게 빨리 되고 음식도 빨리 나왔습니다~~ 강남에서 제일 유명한 닭갈비집인 이유가 있어요 양도 많고 맛있어요!!,,2025-03-04 02:45:27,37792495,장인닭갈비 강남점,naver,c120eb07-fe13-4515-875e-02a4abf0ce85
2809,67c677bca67491d138db495e,8EbE7,메롱82,"닭갈비 맛있어요
정말 왔다야",,2025-03-04 02:45:27,37792495,장인닭갈비 강남점,naver,c120eb07-fe13-4515-875e-02a4abf0ce85
2810,67c6a07ec905a33149081b0f,drlQS,nau****,한번 먹어보고 맛있어서 두번째로 방문해요!! 닭갈비 원래 안좋아하는데 여기 처음 먹고 생각이 바뀌었어요 최고의 닭갈비,,2025-03-04 02:45:14,37792495,장인닭갈비 강남점,naver,c120eb07-fe13-4515-875e-02a4abf0ce85
2811,67c6a0760e8a8ae08bdf52f2,d26ED,tjd****,전에 친구랑 오고 또 생각나서 왔어요😍😍 치즈 양도 많아서 가성비 조아요🙈,,2025-03-04 02:45:14,37792495,장인닭갈비 강남점,naver,c120eb07-fe13-4515-875e-02a4abf0ce85
2812,67c69a970bc124c316e60a3f,5u6N3,맛집기록이,,,2025-03-04 02:45:14,37792495,장인닭갈비 강남점,naver,c120eb07-fe13-4515-875e-02a4abf0ce85
2813,67c69a69f485e826ab9a193a,4YXLr,딸기맛 밍,굳입니다 🤗,,2025-03-04 02:45:14,37792495,장인닭갈비 강남점,naver,c120eb07-fe13-4515-875e-02a4abf0ce85
2814,67c66e598df24570f3cc9620,1iv5C,나무와영이,눈오는 오늘 강남역에서 닭갈비집에 대박 맛난거 먹고 기분 좋아요 감사,,2025-03-04 02:30:33,37792495,장인닭갈비 강남점,naver,c120eb07-fe13-4515-875e-02a4abf0ce85
2815,67c66a430796258abd540b62,23gwL,역마 미식가,너무너무 푸짐하고 맛있어요~,,2025-03-04 02:30:33,37792495,장인닭갈비 강남점,naver,c120eb07-fe13-4515-875e-02a4abf0ce85
2816,67c6696d4138cd890ab3a725,cmiih,우진5970,"닭갈비먹을땐 장인닭갈비에요
친절하신사장님과직원분 맛잇는음식은 물론이고 기분까지좋아집니다",,2025-03-04 02:30:33,37792495,장인닭갈비 강남점,naver,c120eb07-fe13-4515-875e-02a4abf0ce85
2817,67c6c3c89ea3e5531c39b52b,3ZIaV,Leegang,맛있고 친절하셔서 좋아요!,,2025-03-03 14:40:55,37792495,장인닭갈비 강남점,naver,c120eb07-fe13-4515-875e-02a4abf0ce85
2818,67c6c2aaccd834a029ba8de8,3DP1T,ㄱㅁ87,강남올때마다 먹는 맛집👍🏻👍🏻,,2025-03-03 14:40:55,37792495,장인닭갈비 강남점,naver,c120eb07-fe13-4515-875e-02a4abf0ce85
2819,67c6c27fd33c8fe1ad4735f0,3PWL6,phj****,강남에서 최애 닭갈비집👍🏻♥️♥️♥️♥️♥️♥️,,2025-03-03 14:40:55,37792495,장인닭갈비 강남점,naver,c120eb07-fe13-4515-875e-02a4abf0ce85
2820,67c6b059ad3bb9a1a518cce2,2ce9D,dda****,다 조리돼서 나와서 바로 먹을 수 있어서 좋아용 맛도 있구 양도 많고 치즈도 듬뿍 줘요 ㅎㅎ,,2025-03-03 14:40:55,37792495,장인닭갈비 강남점,naver,c120eb07-fe13-4515-875e-02a4abf0ce85
2821,67c6afbf93362434451ffef6,6TJfQ,jso****,"완전 맛있닭
잡내없이 맛있게 잘 먹었습니다.",,2025-03-03 14:40:55,37792495,장인닭갈비 강남점,naver,c120eb07-fe13-4515-875e-02a4abf0ce85
2822,67c6af59458a8acd044cb03a,30yoc,lee****,맛있어요,,2025-03-03 14:40:55,37792495,장인닭갈비 강남점,naver,c120eb07-fe13-4515-875e-02a4abf0ce85
2823,67c678f9bdc320c470582068,2e9tO,자판기65,강남역에서 점심하기 좋아요,,2025-03-03 14:40:55,37792495,장인닭갈비 강남점,naver,c120eb07-fe13-4515-875e-02a4abf0ce85
2824,67c674f391a95a1476dfa14a,5t0Dr,스마일땡땡이,"주말 웨이팅 엄청나길래 평일 방문해봤어요. 
음식 맛있고 (바로 나와요)
셀프바 이용도 편해서 좋아요~",,2025-03-03 14:40:55,37792495,장인닭갈비 강남점,naver,c120eb07-fe13-4515-875e-02a4abf0ce85
2825,67c664d45a574f2fd67e6c06,2cXc6H,a_c****,맛있어요,,2025-03-03 14:40:55,37792495,장인닭갈비 강남점,naver,c120eb07-fe13-4515-875e-02a4abf0ce85
2826,67c5ab40f784e4878075ce2e,4471s,wa dripna,"여기 프렌차이즈 홍대점 먹어봤는데 둘다 넘넘 맛있네용
강남역 가성비 맛집이네요~ 특히 음식이 빨리나와요!!!",,2025-03-03 12:53:42,37792495,장인닭갈비 강남점,naver,c120eb07-fe13-4515-875e-02a4abf0ce85
2827,67c5a129026f67129ba6af0d,1zO52,잉메이1717,"오랜만에 닭갈비 먹으러 왔는데
매운걸 못먹어서 순한맛으로 시켰어요
잡내도 하나도 안나고
맛있게 잘 먹었습니다!!!",,2025-03-03 12:15:50,37792495,장인닭갈비 강남점,naver,c120eb07-fe13-4515-875e-02a4abf0ce85
2828,67c59276b1d4e55dcfd0f92d,38iFh,gony18,맛있었어요!!,,2025-03-03 11:21:44,37792495,장인닭갈비 강남점,naver,c120eb07-fe13-4515-875e-02a4abf0ce85
2829,67c592542bb760c3ea691044,3pCpJ,0ㅁ0 b,"맛있습니다!!
매장도 넓어서 강남에서 다같이 먹기 좋아요!",,2025-03-03 11:21:44,37792495,장인닭갈비 강남점,naver,c120eb07-fe13-4515-875e-02a4abf0ce85
2830,67c5924b57f96b10c6bff784,3RQfk,Iku,장인닭갈비! 럭키봉봉과 함께라면 맵찔이도 가능!!,,2025-03-03 11:21:44,37792495,장인닭갈비 강남점,naver,c120eb07-fe13-4515-875e-02a4abf0ce85
2831,67c5921331c58d2d4f702f88,3pOeA,김선비6,"와 진짜 역시 장인정신 장인닭갈비 킹정입니다
너뮤 맛있네요!!!",,2025-03-03 11:21:44,37792495,장인닭갈비 강남점,naver,c120eb07-fe13-4515-875e-02a4abf0ce85
2832,67c58b9063ec2cd3ead3ec00,zWkh,정이9635,아이들이랑 같이 왔는데 맛도 분위기도 매우 만족합니다.^^,,2025-03-03 10:45:30,37792495,장인닭갈비 강남점,naver,c120eb07-fe13-4515-875e-02a4abf0ce85
2833,67c58a76b211d1f36b4e47d4,Mo8f,부자아빠ing,,,2025-03-03 10:45:30,37792495,장인닭갈비 강남점,naver,c120eb07-fe13-4515-875e-02a4abf0ce85
2834,67c5764c590e7eeb4914c455,1w2Up,뇽이8387,"항상 맛있는 장인 닭갈비
웨이팅이 있어도 먹습니다!!
떡도 치즈도 너무 맛있구 샐러드도 맛있어요",,2025-03-03 09:13:09,37792495,장인닭갈비 강남점,naver,c120eb07-fe13-4515-875e-02a4abf0ce85
2835,67c5863c6f67aea6da1da2e7,4aZPX,유재빈58,사람이 많은만큼 엄청 맛있고 깔끔하게 잘 나와요!! 너무너무 맛있게 잘먹었습니다 :),,2025-03-03 09:12:22,37792495,장인닭갈비 강남점,naver,c120eb07-fe13-4515-875e-02a4abf0ce85
2836,67c5862a93d06a2129bd9d17,c75yr,모야재밋갯내,사람이 많아서 꼭 가보고 싶었는데 역시나 맛집이네요 자주 올것같아요.ㅎㅎ,,2025-03-03 09:12:22,37792495,장인닭갈비 강남점,naver,c120eb07-fe13-4515-875e-02a4abf0ce85
2837,67c57afc6edc63a189ead598,4fQOp,jaejun32,근래 먹어본 닭갈비 중 가장 맛있었습니다. 치즈도 많이주시고 라면사리 너무 맛있어요 ㅎㅎ 또 방문 예정!!,,2025-03-03 09:10:18,37792495,장인닭갈비 강남점,naver,c120eb07-fe13-4515-875e-02a4abf0ce85
2838,67c577d595e58f7f05a71bbe,badGr,양원진49,너무 맛있어용! 회전율이 좋아서 대기 있어도 금방 줄어요! 추천합니당😍,,2025-03-03 09:08:59,37792495,장인닭갈비 강남점,naver,c120eb07-fe13-4515-875e-02a4abf0ce85
2839,67c5816ad9dab3d53f8f946f,6uGQn,우사리준,"친구들과 먹기에 너무너무 좋습니다 맛있고 양도 많고 특히 라면사리가 얇아서 소스가 잘베어 맛있습니다
강남오시면 한번쯤은 방문해보세요",,2025-03-03 09:06:51,37792495,장인닭갈비 강남점,naver,c120eb07-fe13-4515-875e-02a4abf0ce85
2840,67c587678d9cc5aaa2f62169,78y8g,jyp****,,,2025-03-03 09:04:13,37792495,장인닭갈비 강남점,naver,c120eb07-fe13-4515-875e-02a4abf0ce85
2841,67c580e1e159d07d0c47989c,3r6um,택택0217,맛있게 맵고 사리가 히트입니다!,,2025-03-03 09:04:13,37792495,장인닭갈비 강남점,naver,c120eb07-fe13-4515-875e-02a4abf0ce85
2842,67c57060c2f2cadd4a4ff847,bDiCa,doy****,고기가 맛있구 양이 많아서 좋아요!,,2025-03-03 08:53:19,37792495,장인닭갈비 강남점,naver,c120eb07-fe13-4515-875e-02a4abf0ce85
2843,67c5704e0c089f2669451e62,6vYoj,smr****,직원분들이 너무나 친절하시고 음식도 맛있었습니다. 다음에 또 올게요.,,2025-03-03 08:53:19,37792495,장인닭갈비 강남점,naver,c120eb07-fe13-4515-875e-02a4abf0ce85
2844,67c574938f1b426dbfb63b30,cfv7F,bub****,"가성비 좋은 강남역 맛집!
직원분들 친절하시고 맛도 있고 양도 많아요!! 
데이트 장소로 추천합니당:) 👍🏻",,2025-03-03 08:43:26,37792495,장인닭갈비 강남점,naver,c120eb07-fe13-4515-875e-02a4abf0ce85
2845,67c56cf69a0e209c977754d8,4qSsV,최다인67,닭갈비가 너무 맛있었고 직원분들이 바쁘신 와중에도 응대 잘 해주셨습니다,,2025-03-03 08:36:14,37792495,장인닭갈비 강남점,naver,c120eb07-fe13-4515-875e-02a4abf0ce85
2846,67c5737256964cccadbfb84e,5G1zH,433gg,대기 많은게 이해돼요 진짜 짱맛;;;,,2025-03-03 08:35:05,37792495,장인닭갈비 강남점,naver,c120eb07-fe13-4515-875e-02a4abf0ce85
2847,67c5734871019a5e794d0028,3Y5Ls,김도형78,닭갈비는 장인 닭갈비가 맛있어요!!!,,2025-03-03 08:30:16,37792495,장인닭갈비 강남점,naver,c120eb07-fe13-4515-875e-02a4abf0ce85
2848,67c56a726c0bb2086eb6f82b,9PRja,강태호9135,양이 많고 서비스가 좋아요!!,,2025-03-03 08:26:57,37792495,장인닭갈비 강남점,naver,c120eb07-fe13-4515-875e-02a4abf0ce85
2849,67c5697095c6887f2be9e749,bYk19,콩알이71,사람 많길래 와봤는데 너무 맛있고 양도 푸짐해요! 야채도 마음놓고 먹을수 있어 좋아요. 강남역 오면 또 올것같아요ㅎㅎ,,2025-03-03 08:22:01,37792495,장인닭갈비 강남점,naver,c120eb07-fe13-4515-875e-02a4abf0ce85
2850,67c56956a4e7b3e8e8e0a557,8TGIH,조금이따,"와이프와 다녀온 강남점 장인닭갈비!
냄새부터 사로잡아서 자연스럽게 이끌려 오게 되었는데 맛도 있고 서비스도 좋았습니다!",,2025-03-03 08:22:01,37792495,장인닭갈비 강남점,naver,c120eb07-fe13-4515-875e-02a4abf0ce85
2851,67c568929c02349ead80c9e5,2N8Ll,jp****,너무 맛있어용,,2025-03-03 08:22:01,37792495,장인닭갈비 강남점,naver,c120eb07-fe13-4515-875e-02a4abf0ce85
2852,67c55836e405d1fc210441d2,5Kd9Z,이아진41,넘무 맛있습니다.. 다른 닭갈비.집이랑 다르고 당면이라서 더 맛있어욤!!,,2025-03-03 07:16:39,37792495,장인닭갈비 강남점,naver,c120eb07-fe13-4515-875e-02a4abf0ce85
2853,67c5589d0cf8b22add80c4e9,dvjNX,lee****,맛있고 음식 빨리 나와서 좋았어요!!,,2025-03-03 07:06:35,37792495,장인닭갈비 강남점,naver,c120eb07-fe13-4515-875e-02a4abf0ce85
2854,67c557bfed429076b93ea5c6,9vX7E,1dl****,닭갈비가 양도 많구 맛어요~~모둠사리 추가도 완전 추천입니다!!!,,2025-03-03 07:06:35,37792495,장인닭갈비 강남점,naver,c120eb07-fe13-4515-875e-02a4abf0ce85
2855,67c552720268546e13705dde,2f5YM,sel****,친구들이랑 왔는데 맛있게 먹었어요! 매워하는 친구가 있어서 순한맛으로 시켰는데 맵기보단 달았어요 매운맛으로 드시는 걸 추천드릴게용 매운 맛은 진짜 맛있어용😍,,2025-03-03 06:54:00,37792495,장인닭갈비 강남점,naver,c120eb07-fe13-4515-875e-02a4abf0ce85
2856,67c5a4bd4145fb0aab40dd91,1azq9,pkb7915,닭갈비 먹으러 여기 꼭옵니다~ 너무 맛있어요~,,2025-03-03 06:27:47,37792495,장인닭갈비 강남점,naver,c120eb07-fe13-4515-875e-02a4abf0ce85
2857,67c5a211ed429076b9788948,4c5t4,gud****,치즈 우동사리 짱임다,,2025-03-03 06:27:47,37792495,장인닭갈비 강남점,naver,c120eb07-fe13-4515-875e-02a4abf0ce85
2858,67c58d2ef0b76b160bce5101,eoTw0,sou****,깔끔하고 맛있어요!,,2025-03-03 06:13:12,37792495,장인닭갈비 강남점,naver,c120eb07-fe13-4515-875e-02a4abf0ce85
2859,67c58d026d605fde1704e35c,6C5gd,이연우19,양도 푸짐하고 맛나요! ㅎㅎ,,2025-03-03 06:13:12,37792495,장인닭갈비 강남점,naver,c120eb07-fe13-4515-875e-02a4abf0ce85
2860,67c559c0b8c201c70c7ab847,cn2AO,dom****,너무 맛있어요!!,,2025-03-03 05:40:56,37792495,장인닭갈비 강남점,naver,c120eb07-fe13-4515-875e-02a4abf0ce85
2861,67c53d2f14d016f6f32c2fd7,5v6x2,한서노,"조리된 채로 나와서 바로 먹을 수 있었어요!!!
먹자마자 너무 맛있었어요 🥺🥺",,2025-03-03 05:16:57,37792495,장인닭갈비 강남점,naver,c120eb07-fe13-4515-875e-02a4abf0ce85
2862,67c53ce92fd1278be40f01d1,6k3w5,mei****,,,2025-03-03 05:16:57,37792495,장인닭갈비 강남점,naver,c120eb07-fe13-4515-875e-02a4abf0ce85
2863,67c52edb2f14ff98f5fe6eaa,7FxkN,kgg****,가격 착하고 맛도 좋아요 가성비 좋은곳이네요,,2025-03-03 04:17:59,37792495,장인닭갈비 강남점,naver,c120eb07-fe13-4515-875e-02a4abf0ce85
2864,67c52970e8b746568e13c034,45E6a,새우치킨44,직원분들도 친절하시고 양도 많고 맛있어요:),,2025-03-03 03:45:39,37792495,장인닭갈비 강남점,naver,c120eb07-fe13-4515-875e-02a4abf0ce85
2865,67c532610ab76ed0397ff393,b1IWT,qaz****,너무 맛있어용,,2025-03-03 03:31:35,37792495,장인닭갈비 강남점,naver,c120eb07-fe13-4515-875e-02a4abf0ce85
2866,67c52535f1c6f11ebea426ee,RxUu,ml****,강남역 맛집 양이많고 모임하기 좋아요,,2025-03-03 03:31:35,37792495,장인닭갈비 강남점,naver,c120eb07-fe13-4515-875e-02a4abf0ce85
2867,67c523ef8028e454ade9a54c,bD2gb,조세령,강남역 맛집 양이 많아요,,2025-03-03 03:31:35,37792495,장인닭갈비 강남점,naver,c120eb07-fe13-4515-875e-02a4abf0ce85
2868,67c52652f934d4b8ddbf06d8,5UlU,dar****,닭갈비 맛집이에요 줄서서먹습니다.,,2025-03-03 03:20:37,37792495,장인닭갈비 강남점,naver,c120eb07-fe13-4515-875e-02a4abf0ce85
2869,67c52652d75b68d821e8d8a4,1QsVC,바실리자이체프,닭갈비  맛집이에요!,,2025-03-03 03:20:37,37792495,장인닭갈비 강남점,naver,c120eb07-fe13-4515-875e-02a4abf0ce85
2870,67c55b62dde4ec106c384685,1CTDp,1006045,너무 맛있어용~~,,2025-03-03 03:18:21,37792495,장인닭갈비 강남점,naver,c120eb07-fe13-4515-875e-02a4abf0ce85
2871,67c54c9ec51fb3746dcefe3d,7WI6l,콘4340,강남에서 닭갈비 먹으면 항상 여기만 와요! 너무 맛있고 알바생분들도 친절하세요,,2025-03-03 03:18:21,37792495,장인닭갈비 강남점,naver,c120eb07-fe13-4515-875e-02a4abf0ce85
2872,67c54c7ecaf1a3456e43cac7,ckHGl,하민875,닭갈비는 항상 여기서만 먹어요!! 항상 맛있고 직원분들도 친절하십니당,,2025-03-03 03:18:21,37792495,장인닭갈비 강남점,naver,c120eb07-fe13-4515-875e-02a4abf0ce85
2873,67c52fc8b1d4e55dcf840a08,1Zp3k,띤띤45,"식당에 자리도 많고, 남녀노소 누구와 와서 편한게 한 끼 하기 좋습니다. 양도 많고, 서비스 정신도 좋습니다!",,2025-03-03 03:18:21,37792495,장인닭갈비 강남점,naver,c120eb07-fe13-4515-875e-02a4abf0ce85
2874,67c52dca4a5ca8323aa64046,3AaSM,야닝이,맛있어요!!,,2025-03-03 03:18:21,37792495,장인닭갈비 강남점,naver,c120eb07-fe13-4515-875e-02a4abf0ce85
2875,67c52a07d6fdcf8d68b76f54,2bQeO4,aca****,,,2025-03-03 03:18:21,37792495,장인닭갈비 강남점,naver,c120eb07-fe13-4515-875e-02a4abf0ce85
2876,67c529b6d53dfed7476f8e32,cpgyB,adorableee051,,,2025-03-03 03:18:21,37792495,장인닭갈비 강남점,naver,c120eb07-fe13-4515-875e-02a4abf0ce85
2877,67c569db63f8e7319fa1ac43,by12z,kky****,진짜 멋있어요!,,2025-03-03 03:17:04,37792495,장인닭갈비 강남점,naver,c120eb07-fe13-4515-875e-02a4abf0ce85
2878,67c567a2cd9017b2afd76acf,2bZirE,sei****,너무맛있어요!!!신논현이나 ㅏ강남오면 항상와요:),,2025-03-03 03:13:32,37792495,장인닭갈비 강남점,naver,c120eb07-fe13-4515-875e-02a4abf0ce85
2879,67c5450d457471b036d1c96b,aFaai,hon****,강남역 맛집,,2025-03-03 03:13:32,37792495,장인닭갈비 강남점,naver,c120eb07-fe13-4515-875e-02a4abf0ce85
2880,67c5449923f7e32d730bdc2c,aLVpa,yur****,강남역맛집,,2025-03-03 03:13:32,37792495,장인닭갈비 강남점,naver,c120eb07-fe13-4515-875e-02a4abf0ce85
2881,67c97171c48ffbfaf9fe6c49,5xoFI,서요미18,직원분들도 친절하시고 너무 맛있어요!! 강남역 맛집입니당 강남 오면 또 올게요 ㅎㅎ,,2025-03-03 03:09:58,37792495,장인닭갈비 강남점,naver,c120eb07-fe13-4515-875e-02a4abf0ce85
2882,67c5a0c52c473473eaa2c524,3AwYl,카이스트488,강남에서 거의엊ㅅ는 가성비 끝판왕이에요 치즈도 마니 추가해서 먹으면 존맛탱,,2025-03-03 03:06:49,37792495,장인닭갈비 강남점,naver,c120eb07-fe13-4515-875e-02a4abf0ce85
2883,67c5a0728f858d4cdf002ad3,bC7ki,ㅎㅎㅎㅎㅎㅎ하하,맛있어요!!,,2025-03-03 03:06:49,37792495,장인닭갈비 강남점,naver,c120eb07-fe13-4515-875e-02a4abf0ce85
2884,67c52a4d153c600316b0e1d6,cVYF1,디저트여행기,"오랜만에 왔는데 역시 맛있어요 ㅠㅠㅠ
또 오겠습나다 !!💗",,2025-03-03 03:06:49,37792495,장인닭갈비 강남점,naver,c120eb07-fe13-4515-875e-02a4abf0ce85
2885,67c529f2a3cd8fdd062d2ca1,8X9CY,TTITTI74,오랜만에 왔는데 역시나 비주얼부터 미친 닭갈비비ㅣ비ㅣ~~ 잘먹겠습니다다ㅏㅏ,,2025-03-03 03:06:49,37792495,장인닭갈비 강남점,naver,c120eb07-fe13-4515-875e-02a4abf0ce85
2886,67c51f219f3898b9475b479f,28NWE,김정민7882,근처 일보고 점심먹으러 왔어요 맛있어요.,,2025-03-03 03:06:49,37792495,장인닭갈비 강남점,naver,c120eb07-fe13-4515-875e-02a4abf0ce85
2887,67c51f049057bbbf00f359e4,2aqhu,에스더알파걸,근처 일보고 점심특선으로 방문 맛있어요.,,2025-03-03 03:06:49,37792495,장인닭갈비 강남점,naver,c120eb07-fe13-4515-875e-02a4abf0ce85
2888,67c5a0de05586f127184b1f9,83rVI,EH3981,,,2025-03-03 03:04:50,37792495,장인닭갈비 강남점,naver,c120eb07-fe13-4515-875e-02a4abf0ce85
2889,67c5520524314ec2d1fa20ea,aQTtu,따료미,맛있어요 또 왔어용,,2025-03-03 03:04:50,37792495,장인닭갈비 강남점,naver,c120eb07-fe13-4515-875e-02a4abf0ce85
2890,67c57165f1aa637e02c7089b,9xUk,32415,"닭갈비땡겨서 왔는데 맛있고 셀러드 셀프바 좋네요
맛있어요!",,2025-03-03 03:01:44,37792495,장인닭갈비 강남점,naver,c120eb07-fe13-4515-875e-02a4abf0ce85
2891,67c5711a2042243f20b92a1c,2s4RV,후우16,매장크고 닭갈비도 맛있어요! 주말에 식사시간때는 웨이팅 있어요.,,2025-03-03 03:01:44,37792495,장인닭갈비 강남점,naver,c120eb07-fe13-4515-875e-02a4abf0ce85
2892,67c529bbbbf691eeecebaf96,3Iyhm,전병규179,양 많고 친절해요. 맛있습니다~~강남역맛집 인정!,,2025-03-03 03:01:44,37792495,장인닭갈비 강남점,naver,c120eb07-fe13-4515-875e-02a4abf0ce85
2893,67c51cde74fd33b3e4b897b1,aiGtv,김나연8835,너무 맛있어요!!,,2025-03-03 03:01:44,37792495,장인닭갈비 강남점,naver,c120eb07-fe13-4515-875e-02a4abf0ce85
2894,67c53adea9684f12dfb43bde,eax4O,jiw****,너무 맛있어요😭😭😭😭잘먹었습니댜ㅠㅠ,,2025-03-03 03:00:18,37792495,장인닭갈비 강남점,naver,c120eb07-fe13-4515-875e-02a4abf0ce85
2895,67c53abff3417a89e378525c,dyIg2,sta****,우동사리 정말 맛있어 보이고 가격은 살짝있어도 맛있어 보여요!!! 사람도 많구 맛있네용,,2025-03-03 03:00:18,37792495,장인닭갈비 강남점,naver,c120eb07-fe13-4515-875e-02a4abf0ce85
2896,67c527193ef1d73e2d57fed9,e0lrz,쏘형,강남역맛집 인정합니다 맛나요,,2025-03-03 03:00:18,37792495,장인닭갈비 강남점,naver,c120eb07-fe13-4515-875e-02a4abf0ce85
2897,67c522976cd9a12872500523,2kk0w,핑크맘75,"맛있어요~ 특히 라면사리~~👍👍
잘 먹고 갑니다~",,2025-03-03 02:57:17,37792495,장인닭갈비 강남점,naver,c120eb07-fe13-4515-875e-02a4abf0ce85
2898,67c5198fbdef20a5eace0177,bil2z,cho****,,,2025-03-03 02:50:00,37792495,장인닭갈비 강남점,naver,c120eb07-fe13-4515-875e-02a4abf0ce85
2899,67c51909bd354bbff9e96627,3d62H,ko****,"종종 오는 단골집~맛있는건 당연한거구요~
완조리되서 나와서 먹기 죠아요~브레이크타임 없어서 편하게 언제든 방문할 수 있어서 더 죠아요~",,2025-03-02 14:34:33,37792495,장인닭갈비 강남점,naver,c120eb07-fe13-4515-875e-02a4abf0ce85
2900,67c5182bc374ffa41011abfa,X3Bf,공생공생,"맛있어요~~
자주 오는 곳인데 늘 맛있게
먹고 갑니다~~",,2025-03-02 14:34:33,37792495,장인닭갈비 강남점,naver,c120eb07-fe13-4515-875e-02a4abf0ce85
2901,67c45ef47decef7e4c12107d,285Qt,Mango97,양도 많고 맛있어서 좋아요 다음에도 또오고싶어요,,2025-03-02 13:18:14,37792495,장인닭갈비 강남점,naver,c120eb07-fe13-4515-875e-02a4abf0ce85
2902,67c45b244b45840b3f970089,2j6Et,yya213,"가격도 저렴하고
양도 많고
맛있어요
초3 중간맛 맵다는 말 안하고 잘먹네요
편마늘 없는게 좀 아쉽~~",,2025-03-02 13:18:14,37792495,장인닭갈비 강남점,naver,c120eb07-fe13-4515-875e-02a4abf0ce85
2903,67c45a88fac3e4e3f8b9b8d9,5eob8,jks****,닭갈비가 맛있고 직원분이 친절하셔서 좋았어요!,,2025-03-02 13:00:57,37792495,장인닭갈비 강남점,naver,c120eb07-fe13-4515-875e-02a4abf0ce85
2904,67c44c1be00983663dad1e74,dbX9V,H248,와 2인분인데 양이 정말 많아요!! 닭갈비도 너무 맛있고 매장도 넓어서 나중에 재방문 의사 있습니다. 강남역 맛집으로 추천해요👍,,2025-03-02 12:07:52,37792495,장인닭갈비 강남점,naver,c120eb07-fe13-4515-875e-02a4abf0ce85
2905,67c4394871019a5e797a6340,1Rhyk,리짱7940,항상 사람 많아서 궁금했는데 이유가 있네요 :),,2025-03-02 10:52:57,37792495,장인닭갈비 강남점,naver,c120eb07-fe13-4515-875e-02a4abf0ce85
2906,67c439716f60f414965bdd13,5FRlr,aliyahh,맛있고 매장 넓어요!,,2025-03-02 10:42:40,37792495,장인닭갈비 강남점,naver,c120eb07-fe13-4515-875e-02a4abf0ce85
2907,67c4344b8d375aa1051d0525,1qhf2,wsh176575,오랜만에 닭갈비 맛집👍🏻,,2025-03-02 10:00:34,37792495,장인닭갈비 강남점,naver,c120eb07-fe13-4515-875e-02a4abf0ce85
2908,67c42b14153c6003161665b9,3AvAZ,Jeco69,음식이 너무 맛있어요. 치즈와 라면사리 추가 필수!! 다음에 또 올게요.,,2025-03-02 09:51:41,37792495,장인닭갈비 강남점,naver,c120eb07-fe13-4515-875e-02a4abf0ce85
2909,67c434e4a0d95632526765b8,7YJVi,jos****,"음식도 빠르게 나오고 너무 맛있게 잘먹었습니다~~
재방문의사 100%입니다 😏😊",,2025-03-02 09:42:21,37792495,장인닭갈비 강남점,naver,c120eb07-fe13-4515-875e-02a4abf0ce85
2910,67c8136f8ff92fdb4d7a6cdd,4rZrL,최고의보물,"센스있는 직원분들의 대체법이 마음에 쏙듦
툴툴거릴만도한데 친절함
2인이 3인분짜리 주문했음에 불구하고 양이 많은편 아니지만 혹시 볶음밥 드실거라면
2인분도 적당한것같습니다.",,2025-03-02 09:24:51,37792495,장인닭갈비 강남점,naver,c120eb07-fe13-4515-875e-02a4abf0ce85
2911,67c41f4ea0f011e0f77a3ccd,2c5VYo,oli****,양이 생각보다 많았고 치즈가 맛있어요👍👍,,2025-03-02 08:48:00,37792495,장인닭갈비 강남점,naver,c120eb07-fe13-4515-875e-02a4abf0ce85
2912,67c416d5a8764d3fddf4ad90,6Ndmp,무밈이육,"치즈가 완전 많고, 닭갈비도 많아서 혜자에요 맛도 좋아요!",,2025-03-02 08:21:00,37792495,장인닭갈비 강남점,naver,c120eb07-fe13-4515-875e-02a4abf0ce85
2913,67c41508aa95ce1e82c9fc3f,5OS4t,재연67,"강남오면 먹어봐야한다고 해서 먹으러 왔어요!
맛있어요 짱!",,2025-03-02 08:08:57,37792495,장인닭갈비 강남점,naver,c120eb07-fe13-4515-875e-02a4abf0ce85
2914,67c414eb4b45840b3f6095b5,1zM5f,윤윤543,양도 많고 맛있어요!,,2025-03-02 08:08:57,37792495,장인닭갈비 강남점,naver,c120eb07-fe13-4515-875e-02a4abf0ce85
2915,67c4150d21aec23e87f8ec55,26sH4,예형44,기대 안하고 왔는데 진짜 개개개개맛있어요😭🫶🏻,,2025-03-02 07:47:47,37792495,장인닭갈비 강남점,naver,c120eb07-fe13-4515-875e-02a4abf0ce85
2916,67c412e61056035606744c32,1wy1X,시크애기0,"닭갈비가 부드럽고 맛있어요~
직원 분들도 친절해요~",,2025-03-02 07:47:47,37792495,장인닭갈비 강남점,naver,c120eb07-fe13-4515-875e-02a4abf0ce85
2917,67c41068fe763c08b3d01671,5pVQ9,xxxxxx61,"비오는날 닭갈비 맛있어요!!!
직원분들도 친절하세요",,2025-03-02 07:47:47,37792495,장인닭갈비 강남점,naver,c120eb07-fe13-4515-875e-02a4abf0ce85
2918,67c40cd65e7b1db9ef024652,7v9LG,최영웅52,"양도 많고 고기도 맛있습니다!
사리도 풍부해서 완전 배부르게 잘 먹었습니다☺️
다음에 또 여자친구랑 오겠습니다🙂‍↕️🙂‍↕️",,2025-03-02 07:36:03,37792495,장인닭갈비 강남점,naver,c120eb07-fe13-4515-875e-02a4abf0ce85
2919,67c40cba698d728527b47fc5,7Hmvv,키킥99,양이 엄청 많어요 최고!!,,2025-03-02 07:31:30,37792495,장인닭갈비 강남점,naver,c120eb07-fe13-4515-875e-02a4abf0ce85
2920,67c3f417bba5fc9f8aeed884,2W8lQ,리리자몽,양도 많고 맛있어요!,,2025-03-02 05:47:27,37792495,장인닭갈비 강남점,naver,c120eb07-fe13-4515-875e-02a4abf0ce85
2921,67c3f8fa6350866e0bebc494,3h5mu,ghkdrkdms4u,"주문하면 빠르게 음식도 나오고 
너무너무 맛있어서 자주오는 강남역 맛집이에요!! 
치즈사리추가 필슈.,,, 너무맛있어용",,2025-03-02 05:43:12,37792495,장인닭갈비 강남점,naver,c120eb07-fe13-4515-875e-02a4abf0ce85
2922,67c3f8f99c1a7fbca92e4b99,3zbTK,방구다,,,2025-03-02 05:43:12,37792495,장인닭갈비 강남점,naver,c120eb07-fe13-4515-875e-02a4abf0ce85
2923,67c3ef73ecd2369c587d00b2,8BWDM,eun****,,,2025-03-02 05:33:44,37792495,장인닭갈비 강남점,naver,c120eb07-fe13-4515-875e-02a4abf0ce85
2924,67c3ef5726b6519ac2a072b6,4qmi7,cloud26,맛있어요 완전 굿 양도 푸짐해욥,,2025-03-02 05:33:44,37792495,장인닭갈비 강남점,naver,c120eb07-fe13-4515-875e-02a4abf0ce85
2925,67c3ef3eca15a38b2ebedc7a,2yi7J,ssssumm,맛있어요,,2025-03-02 05:33:44,37792495,장인닭갈비 강남점,naver,c120eb07-fe13-4515-875e-02a4abf0ce85
2926,67c3dffdc7fedeef3618f611,2jucU,blu****,"가족들이랑 강남 왔다가 먹고 가용
닭갈비도 맛있고 자리도 바로 앉아서 좋았어요
굿굿!!",,2025-03-02 04:23:05,37792495,장인닭갈비 강남점,naver,c120eb07-fe13-4515-875e-02a4abf0ce85
2927,67c3dff34071fc13b2e6e9d4,21Uc3,199****,"강남역 맛집입니다
너무 맛있습니다",,2025-03-02 04:23:05,37792495,장인닭갈비 강남점,naver,c120eb07-fe13-4515-875e-02a4abf0ce85
2928,67c3dfcdffd12519e8e7d5ea,16sC0,치깡,"손님들도 엄청 많네요. 소문 듣고 왔는데 맛집을 제대로 찾았네요. 닭갈비 맛나고 반찬들도 다 괜찮네요. 치즈
닭갈비로 주문했는데 완전 맛나요. 주말 식구들 점심 식사로 잘 먹고 갑니다!",,2025-03-02 04:23:05,37792495,장인닭갈비 강남점,naver,c120eb07-fe13-4515-875e-02a4abf0ce85
2929,67c5248e54b5065f79d0f78c,cw6Lu,Jeedo,맛있어요~~ 다음에 또 오고 싶어요,,2025-03-02 04:04:23,37792495,장인닭갈비 강남점,naver,c120eb07-fe13-4515-875e-02a4abf0ce85
2930,67c3ebca646c6021d8626dac,dtI4G,잘하고 싶은 잼민이,음식도 매우 가성비 있게 많이 나오고 강남역 근처라 가기 퍈해요,,2025-03-02 04:04:12,37792495,장인닭갈비 강남점,naver,c120eb07-fe13-4515-875e-02a4abf0ce85
2931,67c42ed89c91eddd216a17be,45HGt,희망이75,비주얼이 이쁘고 고기도 질기지 않네요! 맛있게 잘 먹었어요,,2025-03-02 04:03:55,37792495,장인닭갈비 강남점,naver,c120eb07-fe13-4515-875e-02a4abf0ce85
2932,67c522312d9b2276657845d3,cnBbv,숭아숭숭숭,"와 재방문이에요 맛보장 가격 보장 ㅎㅎ
점심시간인데도 대기줄이 없어서 놀랐어요
방문하는 걸 추천해요😃😃",,2025-03-02 04:03:00,37792495,장인닭갈비 강남점,naver,c120eb07-fe13-4515-875e-02a4abf0ce85
2933,67c3eefe2366577402a67502,b8G9N,구름491390,맛있어요🤤🤤,,2025-03-02 04:00:34,37792495,장인닭갈비 강남점,naver,c120eb07-fe13-4515-875e-02a4abf0ce85
2934,67c3eeda62716da5c6ab4eee,5uAjq,jia****,음식이 맛있어요!,,2025-03-02 04:00:34,37792495,장인닭갈비 강남점,naver,c120eb07-fe13-4515-875e-02a4abf0ce85
2935,67c3edbddcffc9831ad596e3,2JrDD,냠냐미공주,맛이좋고 가성비좋네요,,2025-03-02 04:00:34,37792495,장인닭갈비 강남점,naver,c120eb07-fe13-4515-875e-02a4abf0ce85
2936,67c3ef641e7a779e794ce2e5,cdTqZ,seo****,너무 맛있어요!,,2025-03-02 03:59:48,37792495,장인닭갈비 강남점,naver,c120eb07-fe13-4515-875e-02a4abf0ce85
2937,67c3ef515b241f6ad5d33f58,csOYU,ittwu,"처음 방문한 곳인데 너무 맛있었어요!
친구들이랑 같이 오기 좋아요 ♡ ♡",,2025-03-02 03:59:48,37792495,장인닭갈비 강남점,naver,c120eb07-fe13-4515-875e-02a4abf0ce85
2938,67c3df8b2cef640b19b2ed2e,4vEGX,rockit,너무 맛있어요 음식도 엄청 빨리 나와요! 다음에 또 올게요ㅎㅎㅎ,,2025-03-02 03:59:48,37792495,장인닭갈비 강남점,naver,c120eb07-fe13-4515-875e-02a4abf0ce85
2939,67c3df1b5f15a0c701ab704e,13fQN,ald10,두번째 방문하는데 늘 맛있고 음식도 빠르게 잘 나와요!,,2025-03-02 03:59:48,37792495,장인닭갈비 강남점,naver,c120eb07-fe13-4515-875e-02a4abf0ce85
2940,67c414773d63e3f7ac42dcfa,1x4Jc,강준혁4297,정말 맛있었어요. 다음에 또 오겠습니다!,,2025-03-02 03:59:43,37792495,장인닭갈비 강남점,naver,c120eb07-fe13-4515-875e-02a4abf0ce85
2941,67c5167f246ed0beeb845bd4,SAmM,보나69,남편이랑 데이트하러 강남왔다가 줄서서 먹는곳이라고 해서 왔는데 왜 그런지 알것같아요,,2025-03-02 03:59:00,37792495,장인닭갈비 강남점,naver,c120eb07-fe13-4515-875e-02a4abf0ce85
2942,67c416d6e1f822f7442e7662,2YuXM,tjrldus2659,맛있어용! 타이밍 좋게 웨이팅 별로 안해서 다행ㅎㅎ,,2025-03-02 03:53:45,37792495,장인닭갈비 강남점,naver,c120eb07-fe13-4515-875e-02a4abf0ce85
2943,67c3df2f92da8c2114ae8250,cSwd6,rr3466,와보고 맛있어서 친구들 데리고 왔어요 올 때마다 너무 맛있어서 자주 와요,,2025-03-02 03:44:18,37792495,장인닭갈비 강남점,naver,c120eb07-fe13-4515-875e-02a4abf0ce85
2944,67c3df15ecd4e1fd96acc094,cTukk,Ji0ju,넘 맛있어용!!  벌써 3번째 방문이네용🤗,,2025-03-02 03:44:18,37792495,장인닭갈비 강남점,naver,c120eb07-fe13-4515-875e-02a4abf0ce85
2945,67c424f32bbc0b4ff500265e,6kgEJ,js1****,4인 가족 라면 떡 사리 추가해서 맛있게 먹었어요,,2025-03-02 03:40:18,37792495,장인닭갈비 강남점,naver,c120eb07-fe13-4515-875e-02a4abf0ce85
2946,67c3d609f120c7c72153d4c1,2uXBA,djlfkjekl,치즈가 미쳤어요 ㅠㅠ 존맛탱 추천합니다,,2025-03-02 03:40:18,37792495,장인닭갈비 강남점,naver,c120eb07-fe13-4515-875e-02a4abf0ce85
2947,67c424bf0af86516cc76b37a,D2Ll,rjh****,맵기 단계를 조절할 수 있어 아이와 와도 잘 먹을 수 있어요 시스템이 잘되어 있고 맛있습니다,,2025-03-02 03:40:00,37792495,장인닭갈비 강남점,naver,c120eb07-fe13-4515-875e-02a4abf0ce85
2948,67c416fc9b861b552d9bf70c,7GaSM,CHO70,강남에서 닭갈비는 개인적으로 장인닭갈비가 제일 맛있는것 같습니다. 올때마다 만족하고 갑니다. 주말 다섯시에 와서 거의 바로 들어왔는데 저 다음부터 줄 엄청 기네요..... 역시 맛집,,2025-03-02 03:28:04,37792495,장인닭갈비 강남점,naver,c120eb07-fe13-4515-875e-02a4abf0ce85
2949,67c3cfea48301c951f18ec26,3iPPU,lm****,양도 많고 맛도 좋고 친절합니다 ^^,,2025-03-02 02:53:31,37792495,장인닭갈비 강남점,naver,c120eb07-fe13-4515-875e-02a4abf0ce85
2950,67c3cf296b026b1dde1907ef,4upx6,vic****,"모임하고 모임장소 바로 앞에 있는 장인닭갈비 와봤어요.
음식이 금방나오고 일요일 12시에 왔는데 웨이팅이 없었어요!",,2025-03-02 02:53:31,37792495,장인닭갈비 강남점,naver,c120eb07-fe13-4515-875e-02a4abf0ce85
2951,67c3ce9506f4277d13658c3f,6jofD,the****,닭갈비 정말 맛있었어요!,,2025-03-02 02:53:31,37792495,장인닭갈비 강남점,naver,c120eb07-fe13-4515-875e-02a4abf0ce85
2952,67c4453ea83008bfe905bc36,ajKA5,lon****,맛있어요!! 역시 장인닭갈비 강남역맛집,,2025-03-01 14:14:57,37792495,장인닭갈비 강남점,naver,c120eb07-fe13-4515-875e-02a4abf0ce85
2953,67c427293a1962f913034e55,25wra,Hansssssss,,,2025-03-01 14:14:57,37792495,장인닭갈비 강남점,naver,c120eb07-fe13-4515-875e-02a4abf0ce85
2954,67c4257e56fb2042c6d7809b,d8Iyi,사람639,마시써용! 오랜만에 또왔지요~!,,2025-03-01 14:14:57,37792495,장인닭갈비 강남점,naver,c120eb07-fe13-4515-875e-02a4abf0ce85
2955,67c3fb2ba9dd380a8628da6f,2q5J3,46****,"자주가는곳인데 닭갈비랑
볶음밥 다 맛나구좋아요! 장인닭갈비 강남점 추천해용",,2025-03-01 14:14:57,37792495,장인닭갈비 강남점,naver,c120eb07-fe13-4515-875e-02a4abf0ce85
2956,67c3ccdd73d70c2548527445,phXF,다이야45,"맛있어용
강남역 오면 자주 오는 맛집이에용",,2025-03-01 14:14:57,37792495,장인닭갈비 강남점,naver,c120eb07-fe13-4515-875e-02a4abf0ce85
2957,67c43b0d93de5bdbd9fbb30c,3gtQH,jjj707070,너무 맛있고 행복한 시간 보냅니다!,,2025-03-01 14:14:00,37792495,장인닭갈비 강남점,naver,c120eb07-fe13-4515-875e-02a4abf0ce85
2958,67c3cd1bd37c09ef2025e56b,Uz2n,수밍5971,강남에서 맛있고 가성비 좋은 닭갈비집은 여기인 것 같아요! 올때마다 맛있게 먹고 있습니당 〰️〰️,,2025-03-01 14:14:00,37792495,장인닭갈비 강남점,naver,c120eb07-fe13-4515-875e-02a4abf0ce85
2959,67c30cd20b554f5a7ab422e2,1UXcM,gyd6722,치즈 사리는 반드시 추가 해야하고 정말 맛있습니다~  먹어본 닭갈비 중 가장 맛있어요^^,,2025-03-01 13:15:41,37792495,장인닭갈비 강남점,naver,c120eb07-fe13-4515-875e-02a4abf0ce85
2960,67c30c9af120c7c721dcb682,2JE18,초록바다53,"순한맛으로 했는데도 맵찔이는 약간 매워요ㅎㅎ
처음 왔는데 맛있고 양 많고 인기 있는 이유가 있네요",,2025-03-01 13:15:41,37792495,장인닭갈비 강남점,naver,c120eb07-fe13-4515-875e-02a4abf0ce85
2961,67c2f0279f98094132455077,5bvcX,dks****,,,2025-03-01 11:26:16,37792495,장인닭갈비 강남점,naver,c120eb07-fe13-4515-875e-02a4abf0ce85
2962,67c2e512e38f8a24bdfa5260,epu0s,도토리0824,엄마랑만 벌써 네 번째 오네요 라면사리는 처음 넣어봤는데 맛있어요 굿 다음에는 많은 사람들이랑 와서 다른 사리도 더 먹어봐야겠어요,,2025-03-01 10:40:40,37792495,장인닭갈비 강남점,naver,c120eb07-fe13-4515-875e-02a4abf0ce85
2963,67c2ed59aad35c0f54c623a7,8DaCP,바꾸79,"주말에 방문했는데 사람들이 많긴했지만 웨이팅도 금방 빠지고 금방 들어갈 수 있었어요~
강남역 근처 닭갈비 맛있게 하는 집은 여기가 최고인 것 같아요!",,2025-03-01 10:34:58,37792495,장인닭갈비 강남점,naver,c120eb07-fe13-4515-875e-02a4abf0ce85
2964,67c2e33712165fd35c1522a8,5t44Q,김율12,맛있게 잘 먹었습니다!,,2025-03-01 10:33:14,37792495,장인닭갈비 강남점,naver,c120eb07-fe13-4515-875e-02a4abf0ce85
2965,67c2d31bdcd77e93977cb617,c9gx8,yuj****,장인닭갈비 맨날 먹을때마다 너무 만족하고가요!!! 강남에서 제일 맛집인것같습니다 !!,,2025-03-01 09:25:16,37792495,장인닭갈비 강남점,naver,c120eb07-fe13-4515-875e-02a4abf0ce85
2966,67c2cef94815d493f2734841,29zIM,1343그렇,장인닭갈비는 먹어본 닭갈비 중에 제일맛난집같아요!! 닭갈비먹고싶을땐 여기만 간답니다~~~!!,,2025-03-01 08:46:19,37792495,장인닭갈비 강남점,naver,c120eb07-fe13-4515-875e-02a4abf0ce85
2967,67c2ca56cd35d72af10a3451,csPPo,kig****,마싯어요 백만번째방문😋,,2025-03-01 08:46:06,37792495,장인닭갈비 강남점,naver,c120eb07-fe13-4515-875e-02a4abf0ce85
2968,67c2ce3afe763c08b300aceb,cwxau,유빈2212,닭갈비에 치즈 같이 올려 먹으니까 맛있어요~~ 강남에서 줄서먹는 맛집!,,2025-03-01 08:34:48,37792495,장인닭갈비 강남점,naver,c120eb07-fe13-4515-875e-02a4abf0ce85
2969,67c2ce094815d493f2728164,3j8Cw,frois,맛있어요!,,2025-03-01 08:34:48,37792495,장인닭갈비 강남점,naver,c120eb07-fe13-4515-875e-02a4abf0ce85
2970,67c2c642cf92d3230db23525,dKEbs,won****,너무 맛있어요!!,,2025-03-01 08:19:46,37792495,장인닭갈비 강남점,naver,c120eb07-fe13-4515-875e-02a4abf0ce85
2971,67c2c183aa50ce6f68037ed8,93A2y,qor****,맛있어용~~~🩷🩷,,2025-03-01 08:04:16,37792495,장인닭갈비 강남점,naver,c120eb07-fe13-4515-875e-02a4abf0ce85
2972,67c2c0e476cf45a2ff8e318b,2JsQ6,백지은43,"항상 강남역 오면 맛있게 먹는 닭갈비집이에요!ㅎㅎ
오래된 맛집인데 앞으로도 오래 있어 주세요!ㅋㅋ💕",,2025-03-01 08:01:49,37792495,장인닭갈비 강남점,naver,c120eb07-fe13-4515-875e-02a4abf0ce85
2973,67c2bf37d53dfed747df1a53,8v1R2,win****,너무 맛있어요 ㅎㅎ 앞으로 자주 올듯해요 데이트 장소로 좋습니당 담엔 친구랑도 같이 와야겠어요 가격도 저렴하구 짱짱 맛있어요 ㅋㅋㅋㅋㅋ,,2025-03-01 07:56:29,37792495,장인닭갈비 강남점,naver,c120eb07-fe13-4515-875e-02a4abf0ce85
2974,67c2bd04b8c201c70cc37a28,6Uriv,주성은26,"꼭 한 번 와보고 싶었는데 드디어 왔어요!
맛있는 음식 먹을 수 있어서 너무 기분 좋고 최고예요👍",,2025-03-01 07:49:48,37792495,장인닭갈비 강남점,naver,c120eb07-fe13-4515-875e-02a4abf0ce85
2975,67c2bbfccaf8c0300ccd9326,675sI,임팔라71,굉장히 자주오는 곳이에요!! 너무 맛있고 가격도 착해서 조아용,,2025-03-01 07:46:59,37792495,장인닭갈비 강남점,naver,c120eb07-fe13-4515-875e-02a4abf0ce85
2976,67c2b1950a2155f27f5c4b1c,42hrZ,준이디,맛있고 매콤해서 아주 좋아요 굿굿 대기 없이 들어와서 더 좋음,,2025-03-01 06:54:07,37792495,장인닭갈비 강남점,naver,c120eb07-fe13-4515-875e-02a4abf0ce85
2977,67c2b164d2aecf6b53766869,bT70J,sawicham,예약 안했는데 웨이팅 없이 바로 입장할 수 있어서 좋았어요! 양도 많고 완전 맛있어요♡♡,,2025-03-01 06:54:07,37792495,장인닭갈비 강남점,naver,c120eb07-fe13-4515-875e-02a4abf0ce85
2978,67c2b13fa977c77a4c3048df,csPqZ,sih****,너무너무 배부르게 잘 먹었어용🪽🪽 다음에 또 방문하겠습니다~😇,,2025-03-01 06:54:07,37792495,장인닭갈비 강남점,naver,c120eb07-fe13-4515-875e-02a4abf0ce85
2979,67c2b0c238659f7cee3b6bbb,3Ndhx,sun****,"강남역에서 닭갈비 먹을때 제일 생각나요
또 올게요~",,2025-03-01 06:49:22,37792495,장인닭갈비 강남점,naver,c120eb07-fe13-4515-875e-02a4abf0ce85
2980,67c2b0668798540c67e51932,2cH98J,hyu****,강남 올때마다 종종 방문합니다! 맛있어요~~,,2025-03-01 06:49:22,37792495,장인닭갈비 강남점,naver,c120eb07-fe13-4515-875e-02a4abf0ce85
2981,67c2ae3f28459769807f653e,cT4RE,ros****,너무 맛잇어요! 양도 많고 친절해요!,,2025-03-01 06:41:30,37792495,장인닭갈비 강남점,naver,c120eb07-fe13-4515-875e-02a4abf0ce85
2982,67c2a42032c15f6a81e9a795,LxS6,김땡땡1420,이제 10번은 온것 같은 맛집 ㅠㅠ 3시 쯤 오니 대기도 없고 좋았어요!! 빨리 나오고 고기 질도 좋고 넘 맛있어요. 라면사리 짱!!,,2025-03-01 05:54:45,37792495,장인닭갈비 강남점,naver,c120eb07-fe13-4515-875e-02a4abf0ce85
2983,67c2a37e909c22f8eac0f56a,2bMUWB,shi****,,,2025-03-01 05:50:06,37792495,장인닭갈비 강남점,naver,c120eb07-fe13-4515-875e-02a4abf0ce85
2984,67c2a2bf5b54e4d9b8ada3bb,2QOn2,무4872,,,2025-03-01 05:50:06,37792495,장인닭갈비 강남점,naver,c120eb07-fe13-4515-875e-02a4abf0ce85
2985,67c2a26ad8a9fe97d6c1b210,cb4dW,I SEOUL Y,,,2025-03-01 05:50:06,37792495,장인닭갈비 강남점,naver,c120eb07-fe13-4515-875e-02a4abf0ce85
2986,67c2a18f38659f7cee2e8994,1RPxC,바비얌111,"처음방문인데 맛있어요~~
잘먹고갑니다",,2025-03-01 05:50:06,37792495,장인닭갈비 강남점,naver,c120eb07-fe13-4515-875e-02a4abf0ce85
2987,67c2a145aada8419595e1ad6,aAaTr,바비7428,처음왔는데 친절하고 맛있어요~!,,2025-03-01 05:50:06,37792495,장인닭갈비 강남점,naver,c120eb07-fe13-4515-875e-02a4abf0ce85
2988,67c295a6dbc8515c6206791a,34rOj,깡또또,"검색하고 찾아왔는데 대기 잠깐하고  음식도 빨리나오고달콤 매콤 맛있어요!
강남역 맛집이라 불리는 이유가 있습니다용~
👍👍👍",,2025-03-01 04:54:59,37792495,장인닭갈비 강남점,naver,c120eb07-fe13-4515-875e-02a4abf0ce85
2989,67c290a4e954cb8c6d0afd7f,2L7yS,alf****,"맛있네요! 아기데리고왔는데도, 직원분들이 친절하시고 재방문 각이요!",,2025-03-01 04:40:28,37792495,장인닭갈비 강남점,naver,c120eb07-fe13-4515-875e-02a4abf0ce85
2990,67c28dc2f554b083ca2cb681,3dQNv,아르메니,강남에 이런곳이 있는줄 몰랐어요. 넘 맛있게먹구 갑니다! 다음에 또올게요~,,2025-03-01 04:30:00,37792495,장인닭갈비 강남점,naver,c120eb07-fe13-4515-875e-02a4abf0ce85
2991,67c28c9a67bf00fb6656e56e,1hedm,wonbin0312,여기 맛있어요! 근데 콩나물국이나 동치미국 있었으면 좋겠어여,,2025-03-01 04:22:08,37792495,장인닭갈비 강남점,naver,c120eb07-fe13-4515-875e-02a4abf0ce85
2992,67c28a3a1518f61d5af698c4,ac0TM,3345444,너무 맛있어요,,2025-03-01 04:12:04,37792495,장인닭갈비 강남점,naver,c120eb07-fe13-4515-875e-02a4abf0ce85
2993,67c285ab9f0f541de9bea9e6,5i0MF,hhhhhhd,대기가 있었지만 회전율이 빨라서 금방 앉았어요. 맛있게 잘 먹었습니다,,2025-03-01 03:53:47,37792495,장인닭갈비 강남점,naver,c120eb07-fe13-4515-875e-02a4abf0ce85
2994,67c2877ad601ee317c717374,8Einy,so_****,"맛있어유
볶음밥도!!!
사람많아용 ~!~!~!",,2025-03-01 03:49:52,37792495,장인닭갈비 강남점,naver,c120eb07-fe13-4515-875e-02a4abf0ce85
